"id","carteira_id","condominio_id","unidade_id","operador_id","competencia","vencimento","valor_original","valor_atualizado","status","observacoes","ultima_interacao_at","created_at","updated_at","origem_importacao","conversao_relatorio_id","importacao_id","estado","score_recuperacao","probabilidade_acordo","ultima_interacao_em","proxima_acao_em","automacao_bloqueada","dias_atraso","score_prioridade","score_engajamento","score_risco","classificacao_ia","recomendacao_ia","juros","multa","correcao","desconto","observacao_financeira","status_operacional","status_financeiro","planilha_debitos_competencia","planilha_debitos_atualizada_em","planilha_debitos_solicitacao_id","bloqueio_formalizacao_motivo"
"996b9dcd-139f-4024-92f6-ccac89d98962","f2794994-c616-4a17-9a5c-fd44aa9d906c","2b1aa7ca-91d6-44fc-b667-8fb9bfeffb53","7abae8fe-654a-4efb-bec9-a5e09e0a18ee",,"03/2024","2024-03-25","96.34","137.95","suspenso","Origem: Conversão de Relatório | Sistema: Safira | Recibo: 3004002401 | Multa: R$ 1,93 | Correção: R$ 10,35 | Juros: R$ 29,33 | Total do Recibo: R$ 137,95",,"2026-07-16T16:57:35.879484+00:00","2026-08-12T14:47:42.684518+00:00","importacao_cobrancas - 16/07/2026, 13:55",,,"novo","0","0",,,"false","0","0","0","0",,,"29.33","1.93","10.35","0",,"suspenso","em_aberto",,,,
"48c1eec2-63ea-4714-8fe0-3e3aea4ed615","f2794994-c616-4a17-9a5c-fd44aa9d906c","2b1aa7ca-91d6-44fc-b667-8fb9bfeffb53","7abae8fe-654a-4efb-bec9-a5e09e0a18ee",,"04/2025","2025-04-10","289.03","362.04","novo","Origem: Conversão de Relatório | Sistema: Safira | Recibo: 3004002444 | Multa: R$ 5,78 | Correção: R$ 20,01 | Juros: R$ 47,22 | Total do Recibo: R$ 362,04",,"2026-07-16T16:57:36.757838+00:00","2026-08-12T14:47:42.684518+00:00","importacao_cobrancas - 16/07/2026, 13:55",,,"novo","0","0",,,"false","0","0","0","0",,,"47.22","5.78","20.01","0",,"novo","em_aberto",,,,
"cb31e86b-cc99-4b75-946a-52910948afea","f2794994-c616-4a17-9a5c-fd44aa9d906c","2b1aa7ca-91d6-44fc-b667-8fb9bfeffb53","7abae8fe-654a-4efb-bec9-a5e09e0a18ee",,"04/2024","2024-04-10","300.95","430.94","suspenso","Origem: Conversão de Relatório | Sistema: Safira | Recibo: 3004002410 | Multa: R$ 6,02 | Correção: R$ 32,35 | Juros: R$ 91,62 | Total do Recibo: R$ 430,94",,"2026-07-16T16:57:36.077852+00:00","2026-08-12T14:47:42.684518+00:00","importacao_cobrancas - 16/07/2026, 13:55",,,"novo","0","0",,,"false","0","0","0","0",,,"91.62","6.02","32.35","0",,"suspenso","em_aberto",,,,
"57a65d8e-2757-4abd-a148-fe551f75b391","f2794994-c616-4a17-9a5c-fd44aa9d906c","2b1aa7ca-91d6-44fc-b667-8fb9bfeffb53","7abae8fe-654a-4efb-bec9-a5e09e0a18ee",,"07/2024","2024-07-10","350.95","485.7","suspenso","Origem: Conversão de Relatório | Sistema: Safira | Recibo: 3004002428 | Multa: R$ 7,02 | Correção: R$ 33,72 | Juros: R$ 94,01 | Total do Recibo: R$ 485,70",,"2026-07-16T16:57:36.2878+00:00","2026-08-12T14:47:42.684518+00:00","importacao_cobrancas - 16/07/2026, 13:55",,,"novo","0","0",,,"false","0","0","0","0",,,"94.01","7.02","33.72","0",,"suspenso","em_aberto",,,,
"d25bfcd1-79bf-46c2-8ed4-6bf71ea68967","f2794994-c616-4a17-9a5c-fd44aa9d906c","2b1aa7ca-91d6-44fc-b667-8fb9bfeffb53","7abae8fe-654a-4efb-bec9-a5e09e0a18ee",,"08/2024","2024-08-12","350.95","480.57","suspenso","Origem: Conversão de Relatório | Sistema: Safira | Recibo: 3004002436 | Multa: R$ 7,02 | Correção: R$ 32,74 | Juros: R$ 89,86 | Total do Recibo: R$ 480,57",,"2026-07-16T16:57:36.518823+00:00","2026-08-12T14:47:42.684518+00:00","importacao_cobrancas - 16/07/2026, 13:55",,,"novo","0","0",,,"false","0","0","0","0",,,"89.86","7.02","32.74","0",,"suspenso","em_aberto",,,,
"1064de8f-ab9a-4fba-a56c-9b1860453f2f","f2794994-c616-4a17-9a5c-fd44aa9d906c","2b1aa7ca-91d6-44fc-b667-8fb9bfeffb53","ac11b924-25b1-4e37-a9e1-71af87851b9c",,"08/2024","2024-08-12","341.38","467.47","judicializado","Origem: Conversão de Relatório | Sistema: Safira | Recibo: 3004001073 | Multa: R$ 6,83 | Correção: R$ 31,85 | Juros: R$ 87,41 | Total do Recibo: R$ 467,47",,"2026-07-16T16:56:41.502315+00:00","2026-08-12T14:47:42.684518+00:00","importacao_cobrancas - 16/07/2026, 13:55",,,"novo","0","0",,,"false","0","0","0","0",,,"87.41","6.83","31.85","0",,"judicializado","em_aberto",,,,
"348a643c-0aa1-4f7c-9da7-733d593d16ec","f2794994-c616-4a17-9a5c-fd44aa9d906c","2b1aa7ca-91d6-44fc-b667-8fb9bfeffb53","ac11b924-25b1-4e37-a9e1-71af87851b9c",,"09/2024","2024-09-10","341.38","462.48","judicializado","Origem: Conversão de Relatório | Sistema: Safira | Recibo: 3004001081 | Multa: R$ 6,83 | Correção: R$ 30,87 | Juros: R$ 83,40 | Total do Recibo: R$ 462,48",,"2026-07-16T16:56:41.732329+00:00","2026-08-12T14:47:42.684518+00:00","importacao_cobrancas - 16/07/2026, 13:55",,,"novo","0","0",,,"false","0","0","0","0",,,"83.4","6.83","30.87","0",,"judicializado","em_aberto",,,,
"da459179-56cf-4b7d-a0dd-26f92ff44858","f2794994-c616-4a17-9a5c-fd44aa9d906c","2b1aa7ca-91d6-44fc-b667-8fb9bfeffb53","ac11b924-25b1-4e37-a9e1-71af87851b9c",,"10/2024","2024-10-10","341.38","459.33","judicializado","Origem: Conversão de Relatório | Sistema: Safira | Recibo: 3004001090 | Multa: R$ 6,83 | Correção: R$ 31,40 | Juros: R$ 79,72 | Total do Recibo: R$ 459,33",,"2026-07-16T16:56:41.95504+00:00","2026-08-12T14:47:42.684518+00:00","importacao_cobrancas - 16/07/2026, 13:55",,,"novo","0","0",,,"false","0","0","0","0",,,"79.72","6.83","31.4","0",,"judicializado","em_aberto",,,,
"07ce57fd-07b6-4513-9c81-d37af672aee7","f2794994-c616-4a17-9a5c-fd44aa9d906c","2b1aa7ca-91d6-44fc-b667-8fb9bfeffb53","ac11b924-25b1-4e37-a9e1-71af87851b9c",,"11/2024","2024-11-11","341.38","453.35","judicializado","Origem: Conversão de Relatório | Sistema: Safira | Recibo: 3004001103 | Multa: R$ 6,83 | Correção: R$ 29,58 | Juros: R$ 75,56 | Total do Recibo: R$ 453,35",,"2026-07-16T16:56:42.192272+00:00","2026-08-12T14:47:42.684518+00:00","importacao_cobrancas - 16/07/2026, 13:55",,,"novo","0","0",,,"false","0","0","0","0",,,"75.56","6.83","29.58","0",,"judicializado","em_aberto",,,,
"9795ecf0-1ceb-41ab-bc39-f53823bb0661","f2794994-c616-4a17-9a5c-fd44aa9d906c","2b1aa7ca-91d6-44fc-b667-8fb9bfeffb53","ac11b924-25b1-4e37-a9e1-71af87851b9c",,"12/2024","2024-12-10","341.38","446.86","judicializado","Origem: Conversão de Relatório | Sistema: Safira | Recibo: 3004001111 | Multa: R$ 6,83 | Correção: R$ 27,30 | Juros: R$ 71,35 | Total do Recibo: R$ 446,86",,"2026-07-16T16:56:42.376625+00:00","2026-08-12T14:47:42.684518+00:00","importacao_cobrancas - 16/07/2026, 13:55",,,"novo","0","0",,,"false","0","0","0","0",,,"71.35","6.83","27.3","0",,"judicializado","em_aberto",,,,
"b3a35cb2-213a-48a3-bc40-523439144e82","f2794994-c616-4a17-9a5c-fd44aa9d906c","2b1aa7ca-91d6-44fc-b667-8fb9bfeffb53","ac11b924-25b1-4e37-a9e1-71af87851b9c",,"01/2025","2025-01-10","291.38","376.96","judicializado","Origem: Conversão de Relatório | Sistema: Safira | Recibo: 3004001120 | Multa: R$ 5,83 | Correção: R$ 22,25 | Juros: R$ 57,50 | Total do Recibo: R$ 376,96",,"2026-07-16T16:56:42.661019+00:00","2026-08-12T14:47:42.684518+00:00","importacao_cobrancas - 16/07/2026, 13:55",,,"novo","0","0",,,"false","0","0","0","0",,,"57.5","5.83","22.25","0",,"judicializado","em_aberto",,,,
"d10ec099-d5bc-43e4-9848-641b3dbc4147","f2794994-c616-4a17-9a5c-fd44aa9d906c","2b1aa7ca-91d6-44fc-b667-8fb9bfeffb53","ac11b924-25b1-4e37-a9e1-71af87851b9c",,"02/2025","2025-02-10","279.85","357.26","judicializado","Origem: Conversão de Relatório | Sistema: Safira | Recibo: 3004001138 | Multa: R$ 5,60 | Correção: R$ 19,90 | Juros: R$ 51,91 | Total do Recibo: R$ 357,26",,"2026-07-16T16:56:42.856157+00:00","2026-08-12T14:47:42.684518+00:00","importacao_cobrancas - 16/07/2026, 13:55",,,"novo","0","0",,,"false","0","0","0","0",,,"51.91","5.6","19.9","0",,"judicializado","em_aberto",,,,
"613c9f1f-d166-49d6-8a23-8f482a77a200","f2794994-c616-4a17-9a5c-fd44aa9d906c","2b1aa7ca-91d6-44fc-b667-8fb9bfeffb53","ac11b924-25b1-4e37-a9e1-71af87851b9c",,"03/2025","2025-03-10","279.85","353.6","judicializado","Origem: Conversão de Relatório | Sistema: Safira | Recibo: 3004001146 | Multa: R$ 5,60 | Correção: R$ 19,38 | Juros: R$ 48,77 | Total do Recibo: R$ 353,60",,"2026-07-16T16:56:43.090349+00:00","2026-08-12T14:47:42.684518+00:00","importacao_cobrancas - 16/07/2026, 13:55",,,"novo","0","0",,,"false","0","0","0","0",,,"48.77","5.6","19.38","0",,"judicializado","em_aberto",,,,
"1b22adc2-0c0f-4291-a8d9-0032da6dbfd4","f2794994-c616-4a17-9a5c-fd44aa9d906c","2b1aa7ca-91d6-44fc-b667-8fb9bfeffb53","ac11b924-25b1-4e37-a9e1-71af87851b9c",,"04/2025","2025-04-10","279.85","350.55","judicializado","Origem: Conversão de Relatório | Sistema: Safira | Recibo: 3004001154 | Multa: R$ 5,60 | Correção: R$ 19,38 | Juros: R$ 45,72 | Total do Recibo: R$ 350,55",,"2026-07-16T16:56:43.310612+00:00","2026-08-12T14:47:42.684518+00:00","importacao_cobrancas - 16/07/2026, 13:55",,,"novo","0","0",,,"false","0","0","0","0",,,"45.72","5.6","19.38","0",,"judicializado","em_aberto",,,,
"c8dbead2-9142-4448-834e-c4ef13b5a84e","f2794994-c616-4a17-9a5c-fd44aa9d906c","2b1aa7ca-91d6-44fc-b667-8fb9bfeffb53","ac11b924-25b1-4e37-a9e1-71af87851b9c",,"05/2025","2025-05-12","279.85","341.1","judicializado","Origem: Conversão de Relatório | Sistema: Safira | Recibo: 3004001162 | Multa: R$ 5,60 | Correção: R$ 13,76 | Juros: R$ 41,89 | Total do Recibo: R$ 341,10",,"2026-07-16T16:56:43.528688+00:00","2026-08-12T14:47:42.684518+00:00","importacao_cobrancas - 16/07/2026, 13:55",,,"novo","0","0",,,"false","0","0","0","0",,,"41.89","5.6","13.76","0",,"judicializado","em_aberto",,,,
"f4e70a1d-95fe-4ffd-affe-f2f5b24fad73","f2794994-c616-4a17-9a5c-fd44aa9d906c","2b1aa7ca-91d6-44fc-b667-8fb9bfeffb53","3deb8a89-e1a4-433f-8545-1b8ca6f9e02c",,"01/2025","2025-01-10","121.89","157.68","judicializado","Origem: Conversão de Relatório | Sistema: Safira | Recibo: 3004026252 | Multa: R$ 2,44 | Correção: R$ 9,30 | Juros: R$ 24,05 | Total do Recibo: R$ 157,68",,"2026-07-16T16:57:34.838083+00:00","2026-08-12T14:47:42.684518+00:00","importacao_cobrancas - 16/07/2026, 13:55",,,"novo","0","0",,,"false","0","0","0","0",,,"24.05","2.44","9.3","0",,"judicializado","em_aberto",,,,
"5a0ff647-955c-43b5-ab6f-781d4f7a5043","f2794994-c616-4a17-9a5c-fd44aa9d906c","2b1aa7ca-91d6-44fc-b667-8fb9bfeffb53","3deb8a89-e1a4-433f-8545-1b8ca6f9e02c",,"02/2025","2025-02-10","289.03","368.97","judicializado","Origem: Conversão de Relatório | Sistema: Safira | Recibo: 3004008701 | Multa: R$ 5,78 | Correção: R$ 20,55 | Juros: R$ 53,61 | Total do Recibo: R$ 368,97",,"2026-07-16T16:57:35.033521+00:00","2026-08-12T14:47:42.684518+00:00","importacao_cobrancas - 16/07/2026, 13:55",,,"novo","0","0",,,"false","0","0","0","0",,,"53.61","5.78","20.55","0",,"judicializado","em_aberto",,,,
"c71df182-3e82-4416-b8e0-5e2951c88820","f2794994-c616-4a17-9a5c-fd44aa9d906c","2b1aa7ca-91d6-44fc-b667-8fb9bfeffb53","3deb8a89-e1a4-433f-8545-1b8ca6f9e02c",,"03/2025","2025-03-10","289.03","365.19","judicializado","Origem: Conversão de Relatório | Sistema: Safira | Recibo: 3004008710 | Multa: R$ 5,78 | Correção: R$ 20,01 | Juros: R$ 50,37 | Total do Recibo: R$ 365,19",,"2026-07-16T16:57:35.249564+00:00","2026-08-12T14:47:42.684518+00:00","importacao_cobrancas - 16/07/2026, 13:55",,,"novo","0","0",,,"false","0","0","0","0",,,"50.37","5.78","20.01","0",,"judicializado","em_aberto",,,,
"7279a256-7e2f-40f0-a0f2-8484c58f4f8c","f2794994-c616-4a17-9a5c-fd44aa9d906c","2b1aa7ca-91d6-44fc-b667-8fb9bfeffb53","3deb8a89-e1a4-433f-8545-1b8ca6f9e02c",,"04/2025","2025-04-10","289.03","362.04","judicializado","Origem: Conversão de Relatório | Sistema: Safira | Recibo: 3004008728 | Multa: R$ 5,78 | Correção: R$ 20,01 | Juros: R$ 47,22 | Total do Recibo: R$ 362,04",,"2026-07-16T16:57:35.442748+00:00","2026-08-12T14:47:42.684518+00:00","importacao_cobrancas - 16/07/2026, 13:55",,,"novo","0","0",,,"false","0","0","0","0",,,"47.22","5.78","20.01","0",,"judicializado","em_aberto",,,,
"f1c7f709-f797-4526-a8e4-f6978c4dc325","f2794994-c616-4a17-9a5c-fd44aa9d906c","2b1aa7ca-91d6-44fc-b667-8fb9bfeffb53","3deb8a89-e1a4-433f-8545-1b8ca6f9e02c",,"05/2025","2025-05-12","289.03","352.28","judicializado","Origem: Conversão de Relatório | Sistema: Safira | Recibo: 3004008736 | Multa: R$ 5,78 | Correção: R$ 14,21 | Juros: R$ 43,26 | Total do Recibo: R$ 352,28",,"2026-07-16T16:57:35.658001+00:00","2026-08-12T14:47:42.684518+00:00","importacao_cobrancas - 16/07/2026, 13:55",,,"novo","0","0",,,"false","0","0","0","0",,,"43.26","5.78","14.21","0",,"judicializado","em_aberto",,,,
"7b47f6c1-2d93-4cbc-9999-6700236709e6","f2794994-c616-4a17-9a5c-fd44aa9d906c","2b1aa7ca-91d6-44fc-b667-8fb9bfeffb53","f34b3d3e-f773-40a3-8021-148418bd8cd4",,"03/2024","2024-03-25","93.27","133.57","judicializado","Origem: Conversão de Relatório | Sistema: Safira | Recibo: 3004003289 | Multa: R$ 1,87 | Correção: R$ 10,03 | Juros: R$ 28,40 | Total do Recibo: R$ 133,57",,"2026-07-16T16:58:08.208785+00:00","2026-08-12T14:47:42.684518+00:00","importacao_cobrancas - 16/07/2026, 13:55",,,"novo","0","0",,,"false","0","0","0","0",,,"28.4","1.87","10.03","0",,"judicializado","em_aberto",,,,
"4fb2786b-0a97-4008-a80f-1bf0f894a993","f2794994-c616-4a17-9a5c-fd44aa9d906c","2b1aa7ca-91d6-44fc-b667-8fb9bfeffb53","f34b3d3e-f773-40a3-8021-148418bd8cd4",,"04/2024","2024-04-10","291.38","417.23","judicializado","Origem: Conversão de Relatório | Sistema: Safira | Recibo: 3004003297 | Multa: R$ 5,83 | Correção: R$ 31,32 | Juros: R$ 88,70 | Total do Recibo: R$ 417,23",,"2026-07-16T16:58:08.420282+00:00","2026-08-12T14:47:42.684518+00:00","importacao_cobrancas - 16/07/2026, 13:55",,,"novo","0","0",,,"false","0","0","0","0",,,"88.7","5.83","31.32","0",,"judicializado","em_aberto",,,,
"513d1a55-c71d-464b-8599-dc349e43fe3b","f2794994-c616-4a17-9a5c-fd44aa9d906c","2b1aa7ca-91d6-44fc-b667-8fb9bfeffb53","f34b3d3e-f773-40a3-8021-148418bd8cd4",,"06/2024","2024-06-10","341.38","478.46","judicializado","Origem: Conversão de Relatório | Sistema: Safira | Recibo: 3004003300 | Multa: R$ 6,83 | Correção: R$ 34,56 | Juros: R$ 95,69 | Total do Recibo: R$ 478,46",,"2026-07-16T16:58:08.634101+00:00","2026-08-12T14:47:42.684518+00:00","importacao_cobrancas - 16/07/2026, 13:55",,,"novo","0","0",,,"false","0","0","0","0",,,"95.69","6.83","34.56","0",,"judicializado","em_aberto",,,,
"924d4875-42f9-4f2d-9d83-4a1a1f96c957","f2794994-c616-4a17-9a5c-fd44aa9d906c","2b1aa7ca-91d6-44fc-b667-8fb9bfeffb53","f34b3d3e-f773-40a3-8021-148418bd8cd4",,"07/2024","2024-07-10","341.38","472.45","judicializado","Origem: Conversão de Relatório | Sistema: Safira | Recibo: 3004003319 | Multa: R$ 6,83 | Correção: R$ 32,80 | Juros: R$ 91,44 | Total do Recibo: R$ 472,45",,"2026-07-16T16:58:08.828415+00:00","2026-08-12T14:47:42.684518+00:00","importacao_cobrancas - 16/07/2026, 13:55",,,"novo","0","0",,,"false","0","0","0","0",,,"91.44","6.83","32.8","0",,"judicializado","em_aberto",,,,
"197faa6f-8f33-43df-99b2-749d0ec3f112","f2794994-c616-4a17-9a5c-fd44aa9d906c","2b1aa7ca-91d6-44fc-b667-8fb9bfeffb53","f34b3d3e-f773-40a3-8021-148418bd8cd4",,"08/2024","2024-08-12","341.38","467.47","judicializado","Origem: Conversão de Relatório | Sistema: Safira | Recibo: 3004003327 | Multa: R$ 6,83 | Correção: R$ 31,85 | Juros: R$ 87,41 | Total do Recibo: R$ 467,47",,"2026-07-16T16:58:09.04206+00:00","2026-08-12T14:47:42.684518+00:00","importacao_cobrancas - 16/07/2026, 13:55",,,"novo","0","0",,,"false","0","0","0","0",,,"87.41","6.83","31.85","0",,"judicializado","em_aberto",,,,
"bbfa7910-5946-4059-ad48-88a1088183ab","f2794994-c616-4a17-9a5c-fd44aa9d906c","2b1aa7ca-91d6-44fc-b667-8fb9bfeffb53","f34b3d3e-f773-40a3-8021-148418bd8cd4",,"09/2024","2024-09-10","341.38","462.48","judicializado","Origem: Conversão de Relatório | Sistema: Safira | Recibo: 3004003335 | Multa: R$ 6,83 | Correção: R$ 30,87 | Juros: R$ 83,40 | Total do Recibo: R$ 462,48",,"2026-07-16T16:58:09.254212+00:00","2026-08-12T14:47:42.684518+00:00","importacao_cobrancas - 16/07/2026, 13:55",,,"novo","0","0",,,"false","0","0","0","0",,,"83.4","6.83","30.87","0",,"judicializado","em_aberto",,,,
"e4d96039-280f-4b71-a981-9d65d453c7a8","f2794994-c616-4a17-9a5c-fd44aa9d906c","2b1aa7ca-91d6-44fc-b667-8fb9bfeffb53","f34b3d3e-f773-40a3-8021-148418bd8cd4",,"10/2024","2024-10-10","341.38","459.33","judicializado","Origem: Conversão de Relatório | Sistema: Safira | Recibo: 3004003343 | Multa: R$ 6,83 | Correção: R$ 31,40 | Juros: R$ 79,72 | Total do Recibo: R$ 459,33",,"2026-07-16T16:58:09.487615+00:00","2026-08-12T14:47:42.684518+00:00","importacao_cobrancas - 16/07/2026, 13:55",,,"novo","0","0",,,"false","0","0","0","0",,,"79.72","6.83","31.4","0",,"judicializado","em_aberto",,,,
"7dbcbcf9-7516-4289-b698-00c3cf5b5102","f2794994-c616-4a17-9a5c-fd44aa9d906c","2b1aa7ca-91d6-44fc-b667-8fb9bfeffb53","f34b3d3e-f773-40a3-8021-148418bd8cd4",,"11/2024","2024-11-11","341.38","453.35","judicializado","Origem: Conversão de Relatório | Sistema: Safira | Recibo: 3004003351 | Multa: R$ 6,83 | Correção: R$ 29,58 | Juros: R$ 75,56 | Total do Recibo: R$ 453,35",,"2026-07-16T16:58:09.693319+00:00","2026-08-12T14:47:42.684518+00:00","importacao_cobrancas - 16/07/2026, 13:55",,,"novo","0","0",,,"false","0","0","0","0",,,"75.56","6.83","29.58","0",,"judicializado","em_aberto",,,,
"78719a1a-d145-42c9-8a59-0b0e6f8de66d","f2794994-c616-4a17-9a5c-fd44aa9d906c","2b1aa7ca-91d6-44fc-b667-8fb9bfeffb53","f34b3d3e-f773-40a3-8021-148418bd8cd4",,"12/2024","2024-12-10","341.38","446.86","judicializado","Origem: Conversão de Relatório | Sistema: Safira | Recibo: 3004003360 | Multa: R$ 6,83 | Correção: R$ 27,30 | Juros: R$ 71,35 | Total do Recibo: R$ 446,86",,"2026-07-16T16:58:09.903378+00:00","2026-08-12T14:47:42.684518+00:00","importacao_cobrancas - 16/07/2026, 13:55",,,"novo","0","0",,,"false","0","0","0","0",,,"71.35","6.83","27.3","0",,"judicializado","em_aberto",,,,
"4fe26df2-b17e-4511-852f-41c351f0efaf","f2794994-c616-4a17-9a5c-fd44aa9d906c","2b1aa7ca-91d6-44fc-b667-8fb9bfeffb53","f34b3d3e-f773-40a3-8021-148418bd8cd4",,"01/2025","2025-01-10","291.38","376.96","judicializado","Origem: Conversão de Relatório | Sistema: Safira | Recibo: 3004003378 | Multa: R$ 5,83 | Correção: R$ 22,25 | Juros: R$ 57,50 | Total do Recibo: R$ 376,96",,"2026-07-16T16:58:10.109594+00:00","2026-08-12T14:47:42.684518+00:00","importacao_cobrancas - 16/07/2026, 13:55",,,"novo","0","0",,,"false","0","0","0","0",,,"57.5","5.83","22.25","0",,"judicializado","em_aberto",,,,
"48611019-54ce-464a-8d48-5b35da1b2060","f2794994-c616-4a17-9a5c-fd44aa9d906c","2b1aa7ca-91d6-44fc-b667-8fb9bfeffb53","f34b3d3e-f773-40a3-8021-148418bd8cd4",,"02/2025","2025-02-10","279.85","357.26","judicializado","Origem: Conversão de Relatório | Sistema: Safira | Recibo: 3004003386 | Multa: R$ 5,60 | Correção: R$ 19,90 | Juros: R$ 51,91 | Total do Recibo: R$ 357,26",,"2026-07-16T16:58:10.367613+00:00","2026-08-12T14:47:42.684518+00:00","importacao_cobrancas - 16/07/2026, 13:55",,,"novo","0","0",,,"false","0","0","0","0",,,"51.91","5.6","19.9","0",,"judicializado","em_aberto",,,,
"e568ee71-bc9d-4d58-9b48-83f5c80c3463","f2794994-c616-4a17-9a5c-fd44aa9d906c","2b1aa7ca-91d6-44fc-b667-8fb9bfeffb53","f34b3d3e-f773-40a3-8021-148418bd8cd4",,"03/2025","2025-03-10","279.85","353.6","judicializado","Origem: Conversão de Relatório | Sistema: Safira | Recibo: 3004003394 | Multa: R$ 5,60 | Correção: R$ 19,38 | Juros: R$ 48,77 | Total do Recibo: R$ 353,60",,"2026-07-16T16:58:10.575789+00:00","2026-08-12T14:47:42.684518+00:00","importacao_cobrancas - 16/07/2026, 13:55",,,"novo","0","0",,,"false","0","0","0","0",,,"48.77","5.6","19.38","0",,"judicializado","em_aberto",,,,
"733f7e03-3a6a-4cf8-8d0c-5f5ccfbbe5f6","f2794994-c616-4a17-9a5c-fd44aa9d906c","2b1aa7ca-91d6-44fc-b667-8fb9bfeffb53","f34b3d3e-f773-40a3-8021-148418bd8cd4",,"04/2025","2025-04-10","279.85","350.55","judicializado","Origem: Conversão de Relatório | Sistema: Safira | Recibo: 3004003408 | Multa: R$ 5,60 | Correção: R$ 19,38 | Juros: R$ 45,72 | Total do Recibo: R$ 350,55",,"2026-07-16T16:58:10.819724+00:00","2026-08-12T14:47:42.684518+00:00","importacao_cobrancas - 16/07/2026, 13:55",,,"novo","0","0",,,"false","0","0","0","0",,,"45.72","5.6","19.38","0",,"judicializado","em_aberto",,,,
"e4acbd68-fc98-46db-a360-fbc8d1995a3b","f2794994-c616-4a17-9a5c-fd44aa9d906c","2b1aa7ca-91d6-44fc-b667-8fb9bfeffb53","f34b3d3e-f773-40a3-8021-148418bd8cd4",,"05/2025","2025-05-12","279.85","341.1","judicializado","Origem: Conversão de Relatório | Sistema: Safira | Recibo: 3004003416 | Multa: R$ 5,60 | Correção: R$ 13,76 | Juros: R$ 41,89 | Total do Recibo: R$ 341,10",,"2026-07-16T16:58:11.006447+00:00","2026-08-12T14:47:42.684518+00:00","importacao_cobrancas - 16/07/2026, 13:55",,,"novo","0","0",,,"false","0","0","0","0",,,"41.89","5.6","13.76","0",,"judicializado","em_aberto",,,,
"2fbd952e-03db-421c-b1b7-1b952ff4e32f","f2794994-c616-4a17-9a5c-fd44aa9d906c","2b1aa7ca-91d6-44fc-b667-8fb9bfeffb53","a4a7e791-3b2d-45c2-b2f1-66588706e2e1",,"03/2024","2024-03-25","93.27","133.57","judicializado","Origem: Conversão de Relatório | Sistema: Safira | Recibo: 3004003750 | Multa: R$ 1,87 | Correção: R$ 10,03 | Juros: R$ 28,40 | Total do Recibo: R$ 133,57",,"2026-07-16T16:58:26.157747+00:00","2026-08-12T14:47:42.684518+00:00","importacao_cobrancas - 16/07/2026, 13:55",,,"novo","0","0",,,"false","0","0","0","0",,,"28.4","1.87","10.03","0",,"judicializado","em_aberto",,,,
"d43fe537-0190-4fc1-99f1-cc7e8f795495","f2794994-c616-4a17-9a5c-fd44aa9d906c","2b1aa7ca-91d6-44fc-b667-8fb9bfeffb53","a4a7e791-3b2d-45c2-b2f1-66588706e2e1",,"04/2024","2024-04-10","291.38","417.23","judicializado","Origem: Conversão de Relatório | Sistema: Safira | Recibo: 3004003769 | Multa: R$ 5,83 | Correção: R$ 31,32 | Juros: R$ 88,70 | Total do Recibo: R$ 417,23",,"2026-07-16T16:58:26.425329+00:00","2026-08-12T14:47:42.684518+00:00","importacao_cobrancas - 16/07/2026, 13:55",,,"novo","0","0",,,"false","0","0","0","0",,,"88.7","5.83","31.32","0",,"judicializado","em_aberto",,,,
"ba23cbe9-da73-4b1b-84dc-db1d172e32a5","f2794994-c616-4a17-9a5c-fd44aa9d906c","2b1aa7ca-91d6-44fc-b667-8fb9bfeffb53","a4a7e791-3b2d-45c2-b2f1-66588706e2e1",,"05/2024","2024-05-10","341.38","484.08","judicializado","Origem: Conversão de Relatório | Sistema: Safira | Recibo: 3004003777 | Multa: R$ 6,83 | Correção: R$ 35,98 | Juros: R$ 99,89 | Total do Recibo: R$ 484,08",,"2026-07-16T16:58:26.663004+00:00","2026-08-12T14:47:42.684518+00:00","importacao_cobrancas - 16/07/2026, 13:55",,,"novo","0","0",,,"false","0","0","0","0",,,"99.89","6.83","35.98","0",,"judicializado","em_aberto",,,,
"124cb0ef-c7d5-4b4f-a024-7a58a1eadfd0","f2794994-c616-4a17-9a5c-fd44aa9d906c","2b1aa7ca-91d6-44fc-b667-8fb9bfeffb53","e4117ff8-b11c-4fbb-9b5f-38db9b230279",,"10/2024","2024-10-10","88.88","119.58","judicializado","Origem: Conversão de Relatório | Sistema: Safira | Recibo: 3004036401 | Multa: R$ 1,78 | Correção: R$ 8,17 | Juros: R$ 20,75 | Total do Recibo: R$ 119,58",,"2026-07-16T16:59:03.818336+00:00","2026-08-12T14:47:42.684518+00:00","importacao_cobrancas - 16/07/2026, 13:55",,,"novo","0","0",,,"false","0","0","0","0",,,"20.75","1.78","8.17","0",,"judicializado","em_aberto",,,,
"eeaa7ef4-9958-48c7-b01d-17aec68681ec","f2794994-c616-4a17-9a5c-fd44aa9d906c","2b1aa7ca-91d6-44fc-b667-8fb9bfeffb53","e4117ff8-b11c-4fbb-9b5f-38db9b230279",,"11/2024","2024-11-11","341.38","453.35","judicializado","Origem: Conversão de Relatório | Sistema: Safira | Recibo: 3004010560 | Multa: R$ 6,83 | Correção: R$ 29,58 | Juros: R$ 75,56 | Total do Recibo: R$ 453,35",,"2026-07-16T16:59:04.024882+00:00","2026-08-12T14:47:42.684518+00:00","importacao_cobrancas - 16/07/2026, 13:55",,,"novo","0","0",,,"false","0","0","0","0",,,"75.56","6.83","29.58","0",,"judicializado","em_aberto",,,,
"3a09ef29-b1bc-49c4-bfde-1bf8d6656900","f2794994-c616-4a17-9a5c-fd44aa9d906c","2b1aa7ca-91d6-44fc-b667-8fb9bfeffb53","e4117ff8-b11c-4fbb-9b5f-38db9b230279",,"12/2024","2024-12-10","341.38","446.86","judicializado","Origem: Conversão de Relatório | Sistema: Safira | Recibo: 3004010579 | Multa: R$ 6,83 | Correção: R$ 27,30 | Juros: R$ 71,35 | Total do Recibo: R$ 446,86",,"2026-07-16T16:59:04.235362+00:00","2026-08-12T14:47:42.684518+00:00","importacao_cobrancas - 16/07/2026, 13:55",,,"novo","0","0",,,"false","0","0","0","0",,,"71.35","6.83","27.3","0",,"judicializado","em_aberto",,,,
"bd3440a3-647b-4926-badd-46a086763448","f2794994-c616-4a17-9a5c-fd44aa9d906c","2b1aa7ca-91d6-44fc-b667-8fb9bfeffb53","e4117ff8-b11c-4fbb-9b5f-38db9b230279",,"01/2025","2025-01-10","291.38","376.96","judicializado","Origem: Conversão de Relatório | Sistema: Safira | Recibo: 3004010587 | Multa: R$ 5,83 | Correção: R$ 22,25 | Juros: R$ 57,50 | Total do Recibo: R$ 376,96",,"2026-07-16T16:59:04.438893+00:00","2026-08-12T14:47:42.684518+00:00","importacao_cobrancas - 16/07/2026, 13:55",,,"novo","0","0",,,"false","0","0","0","0",,,"57.5","5.83","22.25","0",,"judicializado","em_aberto",,,,
"8df4762e-37f6-4234-9a8f-c101bbf4cd96","f2794994-c616-4a17-9a5c-fd44aa9d906c","2b1aa7ca-91d6-44fc-b667-8fb9bfeffb53","e4117ff8-b11c-4fbb-9b5f-38db9b230279",,"02/2025","2025-02-10","279.85","357.26","judicializado","Origem: Conversão de Relatório | Sistema: Safira | Recibo: 3004010595 | Multa: R$ 5,60 | Correção: R$ 19,90 | Juros: R$ 51,91 | Total do Recibo: R$ 357,26",,"2026-07-16T16:59:04.641619+00:00","2026-08-12T14:47:42.684518+00:00","importacao_cobrancas - 16/07/2026, 13:55",,,"novo","0","0",,,"false","0","0","0","0",,,"51.91","5.6","19.9","0",,"judicializado","em_aberto",,,,
"501d7772-f5e7-4b6b-94ad-d98cbded4ef0","f2794994-c616-4a17-9a5c-fd44aa9d906c","2b1aa7ca-91d6-44fc-b667-8fb9bfeffb53","e4117ff8-b11c-4fbb-9b5f-38db9b230279",,"03/2025","2025-03-10","279.85","353.6","judicializado","Origem: Conversão de Relatório | Sistema: Safira | Recibo: 3004010609 | Multa: R$ 5,60 | Correção: R$ 19,38 | Juros: R$ 48,77 | Total do Recibo: R$ 353,60",,"2026-07-16T16:59:04.847362+00:00","2026-08-12T14:47:42.684518+00:00","importacao_cobrancas - 16/07/2026, 13:55",,,"novo","0","0",,,"false","0","0","0","0",,,"48.77","5.6","19.38","0",,"judicializado","em_aberto",,,,
"b8850afc-85e7-4f6f-9e3f-f53509187e6e","f2794994-c616-4a17-9a5c-fd44aa9d906c","2b1aa7ca-91d6-44fc-b667-8fb9bfeffb53","e4117ff8-b11c-4fbb-9b5f-38db9b230279",,"04/2025","2025-04-10","279.85","350.55","judicializado","Origem: Conversão de Relatório | Sistema: Safira | Recibo: 3004010617 | Multa: R$ 5,60 | Correção: R$ 19,38 | Juros: R$ 45,72 | Total do Recibo: R$ 350,55",,"2026-07-16T16:59:05.060371+00:00","2026-08-12T14:47:42.684518+00:00","importacao_cobrancas - 16/07/2026, 13:55",,,"novo","0","0",,,"false","0","0","0","0",,,"45.72","5.6","19.38","0",,"judicializado","em_aberto",,,,
"c3137916-8f10-4b9e-9c07-157b57d7625a","f2794994-c616-4a17-9a5c-fd44aa9d906c","2b1aa7ca-91d6-44fc-b667-8fb9bfeffb53","e4117ff8-b11c-4fbb-9b5f-38db9b230279",,"05/2025","2025-05-12","279.85","341.1","judicializado","Origem: Conversão de Relatório | Sistema: Safira | Recibo: 3004010625 | Multa: R$ 5,60 | Correção: R$ 13,76 | Juros: R$ 41,89 | Total do Recibo: R$ 341,10",,"2026-07-16T16:59:05.268423+00:00","2026-08-12T14:47:42.684518+00:00","importacao_cobrancas - 16/07/2026, 13:55",,,"novo","0","0",,,"false","0","0","0","0",,,"41.89","5.6","13.76","0",,"judicializado","em_aberto",,,,
"0a860676-63db-4630-9cbe-2567437011f2","f2794994-c616-4a17-9a5c-fd44aa9d906c","2b1aa7ca-91d6-44fc-b667-8fb9bfeffb53","b490e615-1bed-486b-8c6c-abc508fac083",,"03/2024","2024-03-25","93.27","133.57","judicializado","Origem: Conversão de Relatório | Sistema: Safira | Recibo: 3004005028 | Multa: R$ 1,87 | Correção: R$ 10,03 | Juros: R$ 28,40 | Total do Recibo: R$ 133,57",,"2026-07-16T16:58:57.277972+00:00","2026-08-12T14:47:42.684518+00:00","importacao_cobrancas - 16/07/2026, 13:55",,,"novo","0","0",,,"false","0","0","0","0",,,"28.4","1.87","10.03","0",,"judicializado","em_aberto",,,,
"b05be5e3-04d8-4406-a08c-62ad86c60b7a","f2794994-c616-4a17-9a5c-fd44aa9d906c","2b1aa7ca-91d6-44fc-b667-8fb9bfeffb53","b490e615-1bed-486b-8c6c-abc508fac083",,"04/2024","2024-04-10","291.38","417.23","judicializado","Origem: Conversão de Relatório | Sistema: Safira | Recibo: 3004005036 | Multa: R$ 5,83 | Correção: R$ 31,32 | Juros: R$ 88,70 | Total do Recibo: R$ 417,23",,"2026-07-16T16:58:57.480899+00:00","2026-08-12T14:47:42.684518+00:00","importacao_cobrancas - 16/07/2026, 13:55",,,"novo","0","0",,,"false","0","0","0","0",,,"88.7","5.83","31.32","0",,"judicializado","em_aberto",,,,
"355c2c76-5bb8-444e-a250-c53f16956f18","f2794994-c616-4a17-9a5c-fd44aa9d906c","2b1aa7ca-91d6-44fc-b667-8fb9bfeffb53","b490e615-1bed-486b-8c6c-abc508fac083",,"05/2024","2024-05-10","341.38","484.08","judicializado","Origem: Conversão de Relatório | Sistema: Safira | Recibo: 3004005044 | Multa: R$ 6,83 | Correção: R$ 35,98 | Juros: R$ 99,89 | Total do Recibo: R$ 484,08",,"2026-07-16T16:58:57.702821+00:00","2026-08-12T14:47:42.684518+00:00","importacao_cobrancas - 16/07/2026, 13:55",,,"novo","0","0",,,"false","0","0","0","0",,,"99.89","6.83","35.98","0",,"judicializado","em_aberto",,,,
"6e45cbc7-0bb7-48ee-82bb-27f3ba06b29a","f2794994-c616-4a17-9a5c-fd44aa9d906c","2b1aa7ca-91d6-44fc-b667-8fb9bfeffb53","b490e615-1bed-486b-8c6c-abc508fac083",,"06/2024","2024-06-10","341.38","478.46","judicializado","Origem: Conversão de Relatório | Sistema: Safira | Recibo: 3004005052 | Multa: R$ 6,83 | Correção: R$ 34,56 | Juros: R$ 95,69 | Total do Recibo: R$ 478,46",,"2026-07-16T16:58:57.920386+00:00","2026-08-12T14:47:42.684518+00:00","importacao_cobrancas - 16/07/2026, 13:55",,,"novo","0","0",,,"false","0","0","0","0",,,"95.69","6.83","34.56","0",,"judicializado","em_aberto",,,,
"3bde3615-2fe4-4e17-94e2-fc914a7dbd41","f2794994-c616-4a17-9a5c-fd44aa9d906c","2b1aa7ca-91d6-44fc-b667-8fb9bfeffb53","b490e615-1bed-486b-8c6c-abc508fac083",,"07/2024","2024-07-10","341.38","472.45","judicializado","Origem: Conversão de Relatório | Sistema: Safira | Recibo: 3004005060 | Multa: R$ 6,83 | Correção: R$ 32,80 | Juros: R$ 91,44 | Total do Recibo: R$ 472,45",,"2026-07-16T16:58:58.133927+00:00","2026-08-12T14:47:42.684518+00:00","importacao_cobrancas - 16/07/2026, 13:55",,,"novo","0","0",,,"false","0","0","0","0",,,"91.44","6.83","32.8","0",,"judicializado","em_aberto",,,,
"98f393b5-b6e7-4b81-b3f4-258870cc8257","f2794994-c616-4a17-9a5c-fd44aa9d906c","2b1aa7ca-91d6-44fc-b667-8fb9bfeffb53","b490e615-1bed-486b-8c6c-abc508fac083",,"08/2024","2024-08-12","341.38","467.47","judicializado","Origem: Conversão de Relatório | Sistema: Safira | Recibo: 3004005079 | Multa: R$ 6,83 | Correção: R$ 31,85 | Juros: R$ 87,41 | Total do Recibo: R$ 467,47",,"2026-07-16T16:58:58.395503+00:00","2026-08-12T14:47:42.684518+00:00","importacao_cobrancas - 16/07/2026, 13:55",,,"novo","0","0",,,"false","0","0","0","0",,,"87.41","6.83","31.85","0",,"judicializado","em_aberto",,,,
"6252b588-a9bf-4b4e-ab07-9dc341891aa7","f2794994-c616-4a17-9a5c-fd44aa9d906c","2b1aa7ca-91d6-44fc-b667-8fb9bfeffb53","b490e615-1bed-486b-8c6c-abc508fac083",,"09/2024","2024-09-10","341.38","462.48","judicializado","Origem: Conversão de Relatório | Sistema: Safira | Recibo: 3004005087 | Multa: R$ 6,83 | Correção: R$ 30,87 | Juros: R$ 83,40 | Total do Recibo: R$ 462,48",,"2026-07-16T16:58:58.624341+00:00","2026-08-12T14:47:42.684518+00:00","importacao_cobrancas - 16/07/2026, 13:55",,,"novo","0","0",,,"false","0","0","0","0",,,"83.4","6.83","30.87","0",,"judicializado","em_aberto",,,,
"e082608b-b744-4db5-975a-86ff6315f672","f2794994-c616-4a17-9a5c-fd44aa9d906c","2b1aa7ca-91d6-44fc-b667-8fb9bfeffb53","b490e615-1bed-486b-8c6c-abc508fac083",,"10/2024","2024-10-10","341.38","459.33","judicializado","Origem: Conversão de Relatório | Sistema: Safira | Recibo: 3004005095 | Multa: R$ 6,83 | Correção: R$ 31,40 | Juros: R$ 79,72 | Total do Recibo: R$ 459,33",,"2026-07-16T16:58:58.85939+00:00","2026-08-12T14:47:42.684518+00:00","importacao_cobrancas - 16/07/2026, 13:55",,,"novo","0","0",,,"false","0","0","0","0",,,"79.72","6.83","31.4","0",,"judicializado","em_aberto",,,,
"7fc1b3be-1f83-4154-b103-04051bb3c726","f2794994-c616-4a17-9a5c-fd44aa9d906c","2b1aa7ca-91d6-44fc-b667-8fb9bfeffb53","b490e615-1bed-486b-8c6c-abc508fac083",,"11/2024","2024-11-11","341.38","453.35","judicializado","Origem: Conversão de Relatório | Sistema: Safira | Recibo: 3004005109 | Multa: R$ 6,83 | Correção: R$ 29,58 | Juros: R$ 75,56 | Total do Recibo: R$ 453,35",,"2026-07-16T16:58:59.074805+00:00","2026-08-12T14:47:42.684518+00:00","importacao_cobrancas - 16/07/2026, 13:55",,,"novo","0","0",,,"false","0","0","0","0",,,"75.56","6.83","29.58","0",,"judicializado","em_aberto",,,,
"0f435c24-b1d9-46de-a21a-90b3a4febbe7","f2794994-c616-4a17-9a5c-fd44aa9d906c","2b1aa7ca-91d6-44fc-b667-8fb9bfeffb53","b490e615-1bed-486b-8c6c-abc508fac083",,"12/2024","2024-12-10","341.38","446.86","judicializado","Origem: Conversão de Relatório | Sistema: Safira | Recibo: 3004005117 | Multa: R$ 6,83 | Correção: R$ 27,30 | Juros: R$ 71,35 | Total do Recibo: R$ 446,86",,"2026-07-16T16:58:59.292236+00:00","2026-08-12T14:47:42.684518+00:00","importacao_cobrancas - 16/07/2026, 13:55",,,"novo","0","0",,,"false","0","0","0","0",,,"71.35","6.83","27.3","0",,"judicializado","em_aberto",,,,
"034ae644-fd46-480c-954b-d3163398c369","f2794994-c616-4a17-9a5c-fd44aa9d906c","2b1aa7ca-91d6-44fc-b667-8fb9bfeffb53","b490e615-1bed-486b-8c6c-abc508fac083",,"01/2025","2025-01-10","291.38","376.96","judicializado","Origem: Conversão de Relatório | Sistema: Safira | Recibo: 3004005125 | Multa: R$ 5,83 | Correção: R$ 22,25 | Juros: R$ 57,50 | Total do Recibo: R$ 376,96",,"2026-07-16T16:58:59.514936+00:00","2026-08-12T14:47:42.684518+00:00","importacao_cobrancas - 16/07/2026, 13:55",,,"novo","0","0",,,"false","0","0","0","0",,,"57.5","5.83","22.25","0",,"judicializado","em_aberto",,,,
"750fc242-884a-4bdd-9470-49feaa34a92c","f2794994-c616-4a17-9a5c-fd44aa9d906c","2b1aa7ca-91d6-44fc-b667-8fb9bfeffb53","b490e615-1bed-486b-8c6c-abc508fac083",,"02/2025","2025-02-10","279.85","357.26","judicializado","Origem: Conversão de Relatório | Sistema: Safira | Recibo: 3004005133 | Multa: R$ 5,60 | Correção: R$ 19,90 | Juros: R$ 51,91 | Total do Recibo: R$ 357,26",,"2026-07-16T16:58:59.707933+00:00","2026-08-12T14:47:42.684518+00:00","importacao_cobrancas - 16/07/2026, 13:55",,,"novo","0","0",,,"false","0","0","0","0",,,"51.91","5.6","19.9","0",,"judicializado","em_aberto",,,,
"af24d760-ea5d-460e-a544-43669b94e039","f2794994-c616-4a17-9a5c-fd44aa9d906c","2b1aa7ca-91d6-44fc-b667-8fb9bfeffb53","b490e615-1bed-486b-8c6c-abc508fac083",,"03/2025","2025-03-10","279.85","353.6","judicializado","Origem: Conversão de Relatório | Sistema: Safira | Recibo: 3004005141 | Multa: R$ 5,60 | Correção: R$ 19,38 | Juros: R$ 48,77 | Total do Recibo: R$ 353,60",,"2026-07-16T16:58:59.910623+00:00","2026-08-12T14:47:42.684518+00:00","importacao_cobrancas - 16/07/2026, 13:55",,,"novo","0","0",,,"false","0","0","0","0",,,"48.77","5.6","19.38","0",,"judicializado","em_aberto",,,,
"81450bbe-e9ae-409a-a8cb-17fbcf7fdb10","f2794994-c616-4a17-9a5c-fd44aa9d906c","2b1aa7ca-91d6-44fc-b667-8fb9bfeffb53","b490e615-1bed-486b-8c6c-abc508fac083",,"04/2025","2025-04-10","279.85","350.55","judicializado","Origem: Conversão de Relatório | Sistema: Safira | Recibo: 3004005150 | Multa: R$ 5,60 | Correção: R$ 19,38 | Juros: R$ 45,72 | Total do Recibo: R$ 350,55",,"2026-07-16T16:59:00.127149+00:00","2026-08-12T14:47:42.684518+00:00","importacao_cobrancas - 16/07/2026, 13:55",,,"novo","0","0",,,"false","0","0","0","0",,,"45.72","5.6","19.38","0",,"judicializado","em_aberto",,,,
"4eed7383-d97b-4bc1-ae97-d4ad4cdc19f0","f2794994-c616-4a17-9a5c-fd44aa9d906c","2b1aa7ca-91d6-44fc-b667-8fb9bfeffb53","b490e615-1bed-486b-8c6c-abc508fac083",,"05/2025","2025-05-12","279.85","341.1","judicializado","Origem: Conversão de Relatório | Sistema: Safira | Recibo: 3004005168 | Multa: R$ 5,60 | Correção: R$ 13,76 | Juros: R$ 41,89 | Total do Recibo: R$ 341,10",,"2026-07-16T16:59:00.323303+00:00","2026-08-12T14:47:42.684518+00:00","importacao_cobrancas - 16/07/2026, 13:55",,,"novo","0","0",,,"false","0","0","0","0",,,"41.89","5.6","13.76","0",,"judicializado","em_aberto",,,,
"3817c10e-b402-4b86-8dd0-5cf2b56d4b87","f2794994-c616-4a17-9a5c-fd44aa9d906c","2b1aa7ca-91d6-44fc-b667-8fb9bfeffb53","4f91ff3d-99ef-474b-82a6-ae22aa13d5b6",,"03/2024","2024-03-25","93.27","133.57","suspenso","Origem: Conversão de Relatório | Sistema: Safira | Recibo: 3004001170 | Multa: R$ 1,87 | Correção: R$ 10,03 | Juros: R$ 28,40 | Total do Recibo: R$ 133,57",,"2026-07-16T16:56:45.846976+00:00","2026-08-12T14:47:42.684518+00:00","importacao_cobrancas - 16/07/2026, 13:55",,,"novo","0","0",,,"false","0","0","0","0",,,"28.4","1.87","10.03","0",,"suspenso","em_aberto",,,,
"02af5418-acf2-4e33-a5e8-c82ff00edb36","f2794994-c616-4a17-9a5c-fd44aa9d906c","2b1aa7ca-91d6-44fc-b667-8fb9bfeffb53","4f91ff3d-99ef-474b-82a6-ae22aa13d5b6",,"05/2024","2024-05-10","341.38","484.08","suspenso","Origem: Conversão de Relatório | Sistema: Safira | Recibo: 3004001197 | Multa: R$ 6,83 | Correção: R$ 35,98 | Juros: R$ 99,89 | Total do Recibo: R$ 484,08",,"2026-07-16T16:56:46.292415+00:00","2026-08-12T14:47:42.684518+00:00","importacao_cobrancas - 16/07/2026, 13:55",,,"novo","0","0",,,"false","0","0","0","0",,,"99.89","6.83","35.98","0",,"suspenso","em_aberto",,,,
"eba13859-b4bf-429f-bdab-c7b23959bfd4","f2794994-c616-4a17-9a5c-fd44aa9d906c","2b1aa7ca-91d6-44fc-b667-8fb9bfeffb53","a5cdbef8-8a4d-48a6-ac82-19b0bf518ccf",,"05/2024","2024-05-10","229.32","325.17","suspenso","Origem: Conversão de Relatório | Sistema: Safira | Recibo: 3004018403 | Multa: R$ 4,59 | Correção: R$ 24,16 | Juros: R$ 67,10 | Total do Recibo: R$ 325,17",,"2026-07-16T16:59:05.477803+00:00","2026-08-12T14:47:42.684518+00:00","importacao_cobrancas - 16/07/2026, 13:55",,,"novo","0","0",,,"false","0","0","0","0",,,"67.1","4.59","24.16","0",,"suspenso","em_aberto",,,,
"1b1c98c6-adc9-4188-a506-5cae492a6bf8","f2794994-c616-4a17-9a5c-fd44aa9d906c","2b1aa7ca-91d6-44fc-b667-8fb9bfeffb53","a5cdbef8-8a4d-48a6-ac82-19b0bf518ccf",,"07/2024","2024-07-10","341.38","472.45","suspenso","Origem: Conversão de Relatório | Sistema: Safira | Recibo: 3004010641 | Multa: R$ 6,83 | Correção: R$ 32,80 | Juros: R$ 91,44 | Total do Recibo: R$ 472,45",,"2026-07-16T16:59:05.696663+00:00","2026-08-12T14:47:42.684518+00:00","importacao_cobrancas - 16/07/2026, 13:55",,,"novo","0","0",,,"false","0","0","0","0",,,"91.44","6.83","32.8","0",,"suspenso","em_aberto",,,,
"62ba2126-79f6-4e74-b109-7635b9718ad5","f2794994-c616-4a17-9a5c-fd44aa9d906c","2b1aa7ca-91d6-44fc-b667-8fb9bfeffb53","f0a737c8-8530-4b43-bd69-e843c883aff3",,"11/2025","2025-11-11","210.06","238.9","novo","Origem: Conversão de Relatório | Sistema: Safira | Recibo: 3004010455 | Multa: R$ 4,20 | Correção: R$ 6,94 | Juros: R$ 17,70 | Total do Recibo: R$ 238,90",,"2026-07-16T16:59:03.29716+00:00","2026-08-12T14:47:42.684518+00:00","importacao_cobrancas - 16/07/2026, 13:55",,,"novo","0","0",,,"false","0","0","0","0",,,"17.7","4.2","6.94","0",,"novo","em_aberto",,,,
"c7cba9bf-66b9-4012-bc89-5d6dd34eaeed","f2794994-c616-4a17-9a5c-fd44aa9d906c","2b1aa7ca-91d6-44fc-b667-8fb9bfeffb53","4f91ff3d-99ef-474b-82a6-ae22aa13d5b6",,"04/2024","2024-04-10","291.38","417.23","suspenso","Origem: Conversão de Relatório | Sistema: Safira | Recibo: 3004001189 | Multa: R$ 5,83 | Correção: R$ 31,32 | Juros: R$ 88,70 | Total do Recibo: R$ 417,23",,"2026-07-16T16:56:46.076119+00:00","2026-08-12T14:47:42.684518+00:00","importacao_cobrancas - 16/07/2026, 13:55",,,"novo","0","0",,,"false","0","0","0","0",,,"88.7","5.83","31.32","0",,"suspenso","em_aberto",,,,
"e02d4eac-5669-47f7-bdcb-b0abf3648d40","f2794994-c616-4a17-9a5c-fd44aa9d906c","2b1aa7ca-91d6-44fc-b667-8fb9bfeffb53","df332092-89f7-4041-b8ce-ee3947137170",,"01/2025","2025-01-10","300.95","389.33","novo","Origem: Conversão de Relatório | Sistema: Safira | Recibo: 3004009988 | Multa: R$ 6,02 | Correção: R$ 22,97 | Juros: R$ 59,39 | Total do Recibo: R$ 389,33",,"2026-07-16T16:58:06.313887+00:00","2026-08-12T14:47:42.684518+00:00","importacao_cobrancas - 16/07/2026, 13:55",,,"novo","0","0",,,"false","0","0","0","0",,,"59.39","6.02","22.97","0",,"novo","em_aberto",,,,
"04cc625e-d608-40d4-96c8-8e6aae5ad32b","f2794994-c616-4a17-9a5c-fd44aa9d906c","2b1aa7ca-91d6-44fc-b667-8fb9bfeffb53","df332092-89f7-4041-b8ce-ee3947137170",,"02/2025","2025-02-10","289.03","368.97","novo","Origem: Conversão de Relatório | Sistema: Safira | Recibo: 3004009996 | Multa: R$ 5,78 | Correção: R$ 20,55 | Juros: R$ 53,61 | Total do Recibo: R$ 368,97",,"2026-07-16T16:58:06.570916+00:00","2026-08-12T14:47:42.684518+00:00","importacao_cobrancas - 16/07/2026, 13:55",,,"novo","0","0",,,"false","0","0","0","0",,,"53.61","5.78","20.55","0",,"novo","em_aberto",,,,
"738d8e97-e190-4864-9533-f17599109e2a","f2794994-c616-4a17-9a5c-fd44aa9d906c","2b1aa7ca-91d6-44fc-b667-8fb9bfeffb53","df332092-89f7-4041-b8ce-ee3947137170",,"03/2025","2025-03-10","289.03","365.19","novo","Origem: Conversão de Relatório | Sistema: Safira | Recibo: 3004010005 | Multa: R$ 5,78 | Correção: R$ 20,01 | Juros: R$ 50,37 | Total do Recibo: R$ 365,19",,"2026-07-16T16:58:06.791476+00:00","2026-08-12T14:47:42.684518+00:00","importacao_cobrancas - 16/07/2026, 13:55",,,"novo","0","0",,,"false","0","0","0","0",,,"50.37","5.78","20.01","0",,"novo","em_aberto",,,,
"813d9226-06aa-48d9-85a9-149ddafcb17a","f2794994-c616-4a17-9a5c-fd44aa9d906c","2b1aa7ca-91d6-44fc-b667-8fb9bfeffb53","df332092-89f7-4041-b8ce-ee3947137170",,"04/2025","2025-04-10","289.03","362.04","novo","Origem: Conversão de Relatório | Sistema: Safira | Recibo: 3004010013 | Multa: R$ 5,78 | Correção: R$ 20,01 | Juros: R$ 47,22 | Total do Recibo: R$ 362,04",,"2026-07-16T16:58:07.042077+00:00","2026-08-12T14:47:42.684518+00:00","importacao_cobrancas - 16/07/2026, 13:55",,,"novo","0","0",,,"false","0","0","0","0",,,"47.22","5.78","20.01","0",,"novo","em_aberto",,,,
"558b5c2a-5008-40a5-bd21-fc49b7e0ff2a","f2794994-c616-4a17-9a5c-fd44aa9d906c","2b1aa7ca-91d6-44fc-b667-8fb9bfeffb53","df332092-89f7-4041-b8ce-ee3947137170",,"05/2025","2025-05-12","289.03","352.28","novo","Origem: Conversão de Relatório | Sistema: Safira | Recibo: 3004010021 | Multa: R$ 5,78 | Correção: R$ 14,21 | Juros: R$ 43,26 | Total do Recibo: R$ 352,28",,"2026-07-16T16:58:07.255936+00:00","2026-08-12T14:47:42.684518+00:00","importacao_cobrancas - 16/07/2026, 13:55",,,"novo","0","0",,,"false","0","0","0","0",,,"43.26","5.78","14.21","0",,"novo","em_aberto",,,,
"a5e417b0-fd3c-436d-b8a4-733db744fcf1","f2794994-c616-4a17-9a5c-fd44aa9d906c","2b1aa7ca-91d6-44fc-b667-8fb9bfeffb53","7993ae0f-a727-4896-8e46-be9528d13a8d",,"04/2025","2025-04-10","279.85","350.55","novo","Origem: Conversão de Relatório | Sistema: Safira | Recibo: 3004003580 | Multa: R$ 5,60 | Correção: R$ 19,38 | Juros: R$ 45,72 | Total do Recibo: R$ 350,55",,"2026-07-16T16:58:21.208216+00:00","2026-08-12T14:47:42.684518+00:00","importacao_cobrancas - 16/07/2026, 13:55",,,"novo","0","0",,,"false","0","0","0","0",,,"45.72","5.6","19.38","0",,"novo","em_aberto",,,,
"826034ca-5444-4ba8-af7b-14d757aaffac","f2794994-c616-4a17-9a5c-fd44aa9d906c","2b1aa7ca-91d6-44fc-b667-8fb9bfeffb53","7993ae0f-a727-4896-8e46-be9528d13a8d",,"05/2025","2025-05-12","279.85","341.1","novo","Origem: Conversão de Relatório | Sistema: Safira | Recibo: 3004003599 | Multa: R$ 5,60 | Correção: R$ 13,76 | Juros: R$ 41,89 | Total do Recibo: R$ 341,10",,"2026-07-16T16:58:21.453974+00:00","2026-08-12T14:47:42.684518+00:00","importacao_cobrancas - 16/07/2026, 13:55",,,"novo","0","0",,,"false","0","0","0","0",,,"41.89","5.6","13.76","0",,"novo","em_aberto",,,,
"be1134d5-9496-465b-b340-1ca7e8964574","f2794994-c616-4a17-9a5c-fd44aa9d906c","2b1aa7ca-91d6-44fc-b667-8fb9bfeffb53","d112af4c-8d68-4b19-865a-e0f06b4a366d",,"11/2025","2025-11-01","203.73","231.68","novo","Origem: Conversão de Relatório | Sistema: Safira | Recibo: 3004010200 | Multa: R$ 4,07 | Correção: R$ 6,72 | Juros: R$ 17,16 | Total do Recibo: R$ 231,68",,"2026-07-16T16:58:23.028854+00:00","2026-08-12T14:47:42.684518+00:00","importacao_cobrancas - 16/07/2026, 13:55",,,"novo","0","0",,,"false","0","0","0","0",,,"17.16","4.07","6.72","0",,"novo","em_aberto",,,,
"7082f3b0-8974-4df5-a361-3fba97da48f8","f2794994-c616-4a17-9a5c-fd44aa9d906c","2b1aa7ca-91d6-44fc-b667-8fb9bfeffb53","f0a737c8-8530-4b43-bd69-e843c883aff3",,"05/2025","2025-05-12","70.01","85.33","novo","Origem: Conversão de Relatório | Sistema: Safira | Recibo: 3004018381 | Multa: R$ 1,40 | Correção: R$ 3,44 | Juros: R$ 10,48 | Total do Recibo: R$ 85,33",,"2026-07-16T16:59:01.687022+00:00","2026-08-12T14:47:42.684518+00:00","importacao_cobrancas - 16/07/2026, 13:55",,,"novo","0","0",,,"false","0","0","0","0",,,"10.48","1.4","3.44","0",,"novo","em_aberto",,,,
"cd7ccdee-1dbb-4108-908c-c1ffe44bb4e2","f2794994-c616-4a17-9a5c-fd44aa9d906c","2b1aa7ca-91d6-44fc-b667-8fb9bfeffb53","f0a737c8-8530-4b43-bd69-e843c883aff3",,"06/2025","2025-06-11","210.06","252.7","novo","Origem: Conversão de Relatório | Sistema: Safira | Recibo: 3004010404 | Multa: R$ 4,20 | Correção: R$ 9,37 | Juros: R$ 29,07 | Total do Recibo: R$ 252,70",,"2026-07-16T16:59:01.921135+00:00","2026-08-12T14:47:42.684518+00:00","importacao_cobrancas - 16/07/2026, 13:55",,,"novo","0","0",,,"false","0","0","0","0",,,"29.07","4.2","9.37","0",,"novo","em_aberto",,,,
"1d1106be-06c7-44b3-a4c3-fdfb4b3a3d31","f2794994-c616-4a17-9a5c-fd44aa9d906c","2b1aa7ca-91d6-44fc-b667-8fb9bfeffb53","f0a737c8-8530-4b43-bd69-e843c883aff3",,"07/2025","2025-07-11","210.06","249.56","novo","Origem: Conversão de Relatório | Sistema: Safira | Recibo: 3004010412 | Multa: R$ 4,20 | Correção: R$ 8,56 | Juros: R$ 26,74 | Total do Recibo: R$ 249,56",,"2026-07-16T16:59:02.111707+00:00","2026-08-12T14:47:42.684518+00:00","importacao_cobrancas - 16/07/2026, 13:55",,,"novo","0","0",,,"false","0","0","0","0",,,"26.74","4.2","8.56","0",,"novo","em_aberto",,,,
"13aeaa17-4164-4489-b1b7-56e8bdaf64b7","f2794994-c616-4a17-9a5c-fd44aa9d906c","2b1aa7ca-91d6-44fc-b667-8fb9bfeffb53","f0a737c8-8530-4b43-bd69-e843c883aff3",,"08/2025","2025-08-11","210.06","246.8","novo","Origem: Conversão de Relatório | Sistema: Safira | Recibo: 3004010420 | Multa: R$ 4,20 | Correção: R$ 8,08 | Juros: R$ 24,46 | Total do Recibo: R$ 246,80",,"2026-07-16T16:59:02.324062+00:00","2026-08-12T14:47:42.684518+00:00","importacao_cobrancas - 16/07/2026, 13:55",,,"novo","0","0",,,"false","0","0","0","0",,,"24.46","4.2","8.08","0",,"novo","em_aberto",,,,
"07f62d64-89cb-4a75-b4b8-664146605673","f2794994-c616-4a17-9a5c-fd44aa9d906c","2b1aa7ca-91d6-44fc-b667-8fb9bfeffb53","f0a737c8-8530-4b43-bd69-e843c883aff3",,"09/2025","2025-09-11","210.06","244.07","novo","Origem: Conversão de Relatório | Sistema: Safira | Recibo: 3004010439 | Multa: R$ 4,20 | Correção: R$ 7,62 | Juros: R$ 22,19 | Total do Recibo: R$ 244,07",,"2026-07-16T16:59:02.547209+00:00","2026-08-12T14:47:42.684518+00:00","importacao_cobrancas - 16/07/2026, 13:55",,,"novo","0","0",,,"false","0","0","0","0",,,"22.19","4.2","7.62","0",,"novo","em_aberto",,,,
"10fb2541-2c53-43c7-bb92-b43ad9932121","f2794994-c616-4a17-9a5c-fd44aa9d906c","2b1aa7ca-91d6-44fc-b667-8fb9bfeffb53","f0a737c8-8530-4b43-bd69-e843c883aff3",,"10/2025","2025-10-13","210.06","242.35","novo","Origem: Conversão de Relatório | Sistema: Safira | Recibo: 3004010447 | Multa: R$ 4,20 | Correção: R$ 8,08 | Juros: R$ 20,01 | Total do Recibo: R$ 242,35",,"2026-07-16T16:59:02.764967+00:00","2026-08-12T14:47:42.684518+00:00","importacao_cobrancas - 16/07/2026, 13:55",,,"novo","0","0",,,"false","0","0","0","0",,,"20.01","4.2","8.08","0",,"novo","em_aberto",,,,
"71ae63a8-78d0-47d1-a27d-98e8b5767ba2","f2794994-c616-4a17-9a5c-fd44aa9d906c","2b1aa7ca-91d6-44fc-b667-8fb9bfeffb53","f0a737c8-8530-4b43-bd69-e843c883aff3",,"11/2025","2025-11-01","210.06","238.9","novo","Origem: Conversão de Relatório | Sistema: Safira | Recibo: 3004010463 | Multa: R$ 4,20 | Correção: R$ 6,94 | Juros: R$ 17,70 | Total do Recibo: R$ 238,90",,"2026-07-16T16:59:02.959914+00:00","2026-08-12T14:47:42.684518+00:00","importacao_cobrancas - 16/07/2026, 13:55",,,"novo","0","0",,,"false","0","0","0","0",,,"17.7","4.2","6.94","0",,"novo","em_aberto",,,,
"d574d8d3-8ce7-45f5-ad6b-34a1d7172077","f2794994-c616-4a17-9a5c-fd44aa9d906c","2b1aa7ca-91d6-44fc-b667-8fb9bfeffb53","3dac0ea0-280a-4081-b12e-9af8d4c4ab42",,"12/2024","2024-12-10","140.37","183.74","suspenso","Origem: Conversão de Relatório | Sistema: Safira | Recibo: 3004017849 | Multa: R$ 2,81 | Correção: R$ 11,22 | Juros: R$ 29,34 | Total do Recibo: R$ 183,74",,"2026-07-16T16:59:09.782424+00:00","2026-08-12T14:47:42.684518+00:00","importacao_cobrancas - 16/07/2026, 13:55",,,"novo","0","0",,,"false","0","0","0","0",,,"29.34","2.81","11.22","0",,"suspenso","em_aberto",,,,
"d88edc6e-36da-4925-a2f9-f50b1bac3357","f2794994-c616-4a17-9a5c-fd44aa9d906c","2b1aa7ca-91d6-44fc-b667-8fb9bfeffb53","3dac0ea0-280a-4081-b12e-9af8d4c4ab42",,"01/2025","2025-01-10","300.95","389.33","novo","Origem: Conversão de Relatório | Sistema: Safira | Recibo: 3004010757 | Multa: R$ 6,02 | Correção: R$ 22,97 | Juros: R$ 59,39 | Total do Recibo: R$ 389,33",,"2026-07-16T16:59:10.001002+00:00","2026-08-12T14:47:42.684518+00:00","importacao_cobrancas - 16/07/2026, 13:55",,,"novo","0","0",,,"false","0","0","0","0",,,"59.39","6.02","22.97","0",,"novo","em_aberto",,,,
"57e31a4c-c5f6-4d7b-a01b-2c9406d62b80","f2794994-c616-4a17-9a5c-fd44aa9d906c","2b1aa7ca-91d6-44fc-b667-8fb9bfeffb53","3dac0ea0-280a-4081-b12e-9af8d4c4ab42",,"02/2025","2025-02-10","289.03","368.97","novo","Origem: Conversão de Relatório | Sistema: Safira | Recibo: 3004010765 | Multa: R$ 5,78 | Correção: R$ 20,55 | Juros: R$ 53,61 | Total do Recibo: R$ 368,97",,"2026-07-16T16:59:10.233916+00:00","2026-08-12T14:47:42.684518+00:00","importacao_cobrancas - 16/07/2026, 13:55",,,"novo","0","0",,,"false","0","0","0","0",,,"53.61","5.78","20.55","0",,"novo","em_aberto",,,,
"16e72c3f-7d6a-4a44-aa9e-4eea05ed702e","f2794994-c616-4a17-9a5c-fd44aa9d906c","2b1aa7ca-91d6-44fc-b667-8fb9bfeffb53","3dac0ea0-280a-4081-b12e-9af8d4c4ab42",,"03/2025","2025-03-10","289.03","365.19","novo","Origem: Conversão de Relatório | Sistema: Safira | Recibo: 3004010773 | Multa: R$ 5,78 | Correção: R$ 20,01 | Juros: R$ 50,37 | Total do Recibo: R$ 365,19",,"2026-07-16T16:59:10.442117+00:00","2026-08-12T14:47:42.684518+00:00","importacao_cobrancas - 16/07/2026, 13:55",,,"novo","0","0",,,"false","0","0","0","0",,,"50.37","5.78","20.01","0",,"novo","em_aberto",,,,
"9f11e9d4-22f0-4547-b44f-a75397753716","f2794994-c616-4a17-9a5c-fd44aa9d906c","2b1aa7ca-91d6-44fc-b667-8fb9bfeffb53","3dac0ea0-280a-4081-b12e-9af8d4c4ab42",,"04/2025","2025-04-10","289.03","362.04","novo","Origem: Conversão de Relatório | Sistema: Safira | Recibo: 3004010781 | Multa: R$ 5,78 | Correção: R$ 20,01 | Juros: R$ 47,22 | Total do Recibo: R$ 362,04",,"2026-07-16T16:59:10.652799+00:00","2026-08-12T14:47:42.684518+00:00","importacao_cobrancas - 16/07/2026, 13:55",,,"novo","0","0",,,"false","0","0","0","0",,,"47.22","5.78","20.01","0",,"novo","em_aberto",,,,
"845e2636-669f-4b01-86af-a86afa094356","f2794994-c616-4a17-9a5c-fd44aa9d906c","2b1aa7ca-91d6-44fc-b667-8fb9bfeffb53","3dac0ea0-280a-4081-b12e-9af8d4c4ab42",,"05/2025","2025-05-12","289.03","352.28","novo","Origem: Conversão de Relatório | Sistema: Safira | Recibo: 3004010790 | Multa: R$ 5,78 | Correção: R$ 14,21 | Juros: R$ 43,26 | Total do Recibo: R$ 352,28",,"2026-07-16T16:59:10.880446+00:00","2026-08-12T14:47:42.684518+00:00","importacao_cobrancas - 16/07/2026, 13:55",,,"novo","0","0",,,"false","0","0","0","0",,,"43.26","5.78","14.21","0",,"novo","em_aberto",,,,
"dfaed982-b709-4e4f-80df-9434b7de6ff3","f2794994-c616-4a17-9a5c-fd44aa9d906c","2b1aa7ca-91d6-44fc-b667-8fb9bfeffb53","a5cdbef8-8a4d-48a6-ac82-19b0bf518ccf",,"01/2025","2025-01-10","291.38","376.96","novo","Origem: Conversão de Relatório | Sistema: Safira | Recibo: 3004010706 | Multa: R$ 5,83 | Correção: R$ 22,25 | Juros: R$ 57,50 | Total do Recibo: R$ 376,96",,"2026-07-16T16:59:07.01563+00:00","2026-08-12T14:47:42.684518+00:00","importacao_cobrancas - 16/07/2026, 13:55",,,"novo","0","0",,,"false","0","0","0","0",,,"57.5","5.83","22.25","0",,"novo","em_aberto",,,,
"c794745f-6171-430b-a042-fd2cd648751b","f2794994-c616-4a17-9a5c-fd44aa9d906c","2b1aa7ca-91d6-44fc-b667-8fb9bfeffb53","a5cdbef8-8a4d-48a6-ac82-19b0bf518ccf",,"02/2025","2025-02-10","279.85","357.26","novo","Origem: Conversão de Relatório | Sistema: Safira | Recibo: 3004010714 | Multa: R$ 5,60 | Correção: R$ 19,90 | Juros: R$ 51,91 | Total do Recibo: R$ 357,26",,"2026-07-16T16:59:07.217488+00:00","2026-08-12T14:47:42.684518+00:00","importacao_cobrancas - 16/07/2026, 13:55",,,"novo","0","0",,,"false","0","0","0","0",,,"51.91","5.6","19.9","0",,"novo","em_aberto",,,,
"42bf787d-5d8b-42db-914f-9eb2ae71e66a","f2794994-c616-4a17-9a5c-fd44aa9d906c","2b1aa7ca-91d6-44fc-b667-8fb9bfeffb53","a5cdbef8-8a4d-48a6-ac82-19b0bf518ccf",,"08/2024","2024-08-12","341.38","467.47","suspenso","Origem: Conversão de Relatório | Sistema: Safira | Recibo: 3004010650 | Multa: R$ 6,83 | Correção: R$ 31,85 | Juros: R$ 87,41 | Total do Recibo: R$ 467,47",,"2026-07-16T16:59:05.899026+00:00","2026-08-12T14:47:42.684518+00:00","importacao_cobrancas - 16/07/2026, 13:55",,,"novo","0","0",,,"false","0","0","0","0",,,"87.41","6.83","31.85","0",,"suspenso","em_aberto",,,,
"7b4310f9-389e-4fb7-939d-dbfbee8749eb","f2794994-c616-4a17-9a5c-fd44aa9d906c","2b1aa7ca-91d6-44fc-b667-8fb9bfeffb53","a5cdbef8-8a4d-48a6-ac82-19b0bf518ccf",,"09/2024","2024-09-10","341.38","462.48","suspenso","Origem: Conversão de Relatório | Sistema: Safira | Recibo: 3004010668 | Multa: R$ 6,83 | Correção: R$ 30,87 | Juros: R$ 83,40 | Total do Recibo: R$ 462,48",,"2026-07-16T16:59:06.115854+00:00","2026-08-12T14:47:42.684518+00:00","importacao_cobrancas - 16/07/2026, 13:55",,,"novo","0","0",,,"false","0","0","0","0",,,"83.4","6.83","30.87","0",,"suspenso","em_aberto",,,,
"91b31686-2c1d-455c-874e-0f03ee0f588b","f2794994-c616-4a17-9a5c-fd44aa9d906c","2b1aa7ca-91d6-44fc-b667-8fb9bfeffb53","a5cdbef8-8a4d-48a6-ac82-19b0bf518ccf",,"10/2024","2024-10-10","341.38","459.33","suspenso","Origem: Conversão de Relatório | Sistema: Safira | Recibo: 3004010676 | Multa: R$ 6,83 | Correção: R$ 31,40 | Juros: R$ 79,72 | Total do Recibo: R$ 459,33",,"2026-07-16T16:59:06.330385+00:00","2026-08-12T14:47:42.684518+00:00","importacao_cobrancas - 16/07/2026, 13:55",,,"novo","0","0",,,"false","0","0","0","0",,,"79.72","6.83","31.4","0",,"suspenso","em_aberto",,,,
"5cb0a4e6-9c00-4ebb-83bc-27d70930e8f8","f2794994-c616-4a17-9a5c-fd44aa9d906c","2b1aa7ca-91d6-44fc-b667-8fb9bfeffb53","a5cdbef8-8a4d-48a6-ac82-19b0bf518ccf",,"11/2024","2024-11-11","341.38","453.35","suspenso","Origem: Conversão de Relatório | Sistema: Safira | Recibo: 3004010684 | Multa: R$ 6,83 | Correção: R$ 29,58 | Juros: R$ 75,56 | Total do Recibo: R$ 453,35",,"2026-07-16T16:59:06.553058+00:00","2026-08-12T14:47:42.684518+00:00","importacao_cobrancas - 16/07/2026, 13:55",,,"novo","0","0",,,"false","0","0","0","0",,,"75.56","6.83","29.58","0",,"suspenso","em_aberto",,,,
"3b993c62-b270-4dab-8528-ec76955ba635","f2794994-c616-4a17-9a5c-fd44aa9d906c","2b1aa7ca-91d6-44fc-b667-8fb9bfeffb53","a5cdbef8-8a4d-48a6-ac82-19b0bf518ccf",,"12/2024","2024-12-10","341.38","446.86","suspenso","Origem: Conversão de Relatório | Sistema: Safira | Recibo: 3004010692 | Multa: R$ 6,83 | Correção: R$ 27,30 | Juros: R$ 71,35 | Total do Recibo: R$ 446,86",,"2026-07-16T16:59:06.804343+00:00","2026-08-12T14:47:42.684518+00:00","importacao_cobrancas - 16/07/2026, 13:55",,,"novo","0","0",,,"false","0","0","0","0",,,"71.35","6.83","27.3","0",,"suspenso","em_aberto",,,,
"5b1ade6c-9d80-4c60-8287-b39e82321c4d","f2794994-c616-4a17-9a5c-fd44aa9d906c","2b1aa7ca-91d6-44fc-b667-8fb9bfeffb53","a5cdbef8-8a4d-48a6-ac82-19b0bf518ccf",,"03/2025","2025-03-10","279.85","353.6","novo","Origem: Conversão de Relatório | Sistema: Safira | Recibo: 3004010722 | Multa: R$ 5,60 | Correção: R$ 19,38 | Juros: R$ 48,77 | Total do Recibo: R$ 353,60",,"2026-07-16T16:59:07.44827+00:00","2026-08-12T14:47:42.684518+00:00","importacao_cobrancas - 16/07/2026, 13:55",,,"novo","0","0",,,"false","0","0","0","0",,,"48.77","5.6","19.38","0",,"novo","em_aberto",,,,
"a4b11910-b81f-4342-86b3-c48ef450cb5e","f2794994-c616-4a17-9a5c-fd44aa9d906c","2b1aa7ca-91d6-44fc-b667-8fb9bfeffb53","a5cdbef8-8a4d-48a6-ac82-19b0bf518ccf",,"04/2025","2025-04-10","279.85","350.55","novo","Origem: Conversão de Relatório | Sistema: Safira | Recibo: 3004005176 | Multa: R$ 5,60 | Correção: R$ 19,38 | Juros: R$ 45,72 | Total do Recibo: R$ 350,55",,"2026-07-16T16:59:07.638594+00:00","2026-08-12T14:47:42.684518+00:00","importacao_cobrancas - 16/07/2026, 13:55",,,"novo","0","0",,,"false","0","0","0","0",,,"45.72","5.6","19.38","0",,"novo","em_aberto",,,,
"10d1915f-2dae-4a24-a180-0c7b2e5b11e1","f2794994-c616-4a17-9a5c-fd44aa9d906c","2b1aa7ca-91d6-44fc-b667-8fb9bfeffb53","a5cdbef8-8a4d-48a6-ac82-19b0bf518ccf",,"04/2025","2025-04-30","108.02","131.66","novo","Origem: Conversão de Relatório | Sistema: Safira | Recibo: 3004005184 | Multa: R$ 2,16 | Correção: R$ 5,31 | Juros: R$ 16,17 | Total do Recibo: R$ 131,66",,"2026-07-16T16:59:07.85116+00:00","2026-08-12T14:47:42.684518+00:00","importacao_cobrancas - 16/07/2026, 13:55",,,"novo","0","0",,,"false","0","0","0","0",,,"16.17","2.16","5.31","0",,"novo","em_aberto",,,,
"38797873-a538-4321-833e-64203b695d30","f2794994-c616-4a17-9a5c-fd44aa9d906c","2b1aa7ca-91d6-44fc-b667-8fb9bfeffb53","a5cdbef8-8a4d-48a6-ac82-19b0bf518ccf",,"05/2025","2025-05-12","442.64","539.51","novo","Origem: Conversão de Relatório | Sistema: Safira | Recibo: 3004005192 | Multa: R$ 8,85 | Correção: R$ 21,76 | Juros: R$ 66,26 | Total do Recibo: R$ 539,51",,"2026-07-16T16:59:08.05503+00:00","2026-08-12T14:47:42.684518+00:00","importacao_cobrancas - 16/07/2026, 13:55",,,"novo","0","0",,,"false","0","0","0","0",,,"66.26","8.85","21.76","0",,"novo","em_aberto",,,,
"c87de1d8-785b-4981-8bf8-31136f01e43f","f2794994-c616-4a17-9a5c-fd44aa9d906c","2b1aa7ca-91d6-44fc-b667-8fb9bfeffb53","a5cdbef8-8a4d-48a6-ac82-19b0bf518ccf",,"06/2025","2025-06-02","108.02","129.95","novo","Origem: Conversão de Relatório | Sistema: Safira | Recibo: 3004005206 | Multa: R$ 2,16 | Correção: R$ 4,82 | Juros: R$ 14,95 | Total do Recibo: R$ 129,95",,"2026-07-16T16:59:08.252906+00:00","2026-08-12T14:47:42.684518+00:00","importacao_cobrancas - 16/07/2026, 13:55",,,"novo","0","0",,,"false","0","0","0","0",,,"14.95","2.16","4.82","0",,"novo","em_aberto",,,,
"0fcffa23-d71a-4d17-9fc0-50cc7499c535","f2794994-c616-4a17-9a5c-fd44aa9d906c","2b1aa7ca-91d6-44fc-b667-8fb9bfeffb53","a5cdbef8-8a4d-48a6-ac82-19b0bf518ccf",,"06/2025","2025-06-30","108.02","128.34","novo","Origem: Conversão de Relatório | Sistema: Safira | Recibo: 3004005214 | Multa: R$ 2,16 | Correção: R$ 4,41 | Juros: R$ 13,75 | Total do Recibo: R$ 128,34",,"2026-07-16T16:59:08.462913+00:00","2026-08-12T14:47:42.684518+00:00","importacao_cobrancas - 16/07/2026, 13:55",,,"novo","0","0",,,"false","0","0","0","0",,,"13.75","2.16","4.41","0",,"novo","em_aberto",,,,
"03ed0aa4-490d-4b6c-8573-b68d5c59d7aa","f2794994-c616-4a17-9a5c-fd44aa9d906c","2b1aa7ca-91d6-44fc-b667-8fb9bfeffb53","a4a095f0-be83-4620-8532-a5a04540b0e0",,"06/2024","2024-06-10","341.38","478.46","judicializado","Origem: Conversão de Relatório | Sistema: Safira | Recibo: 3004005257 | Multa: R$ 6,83 | Correção: R$ 34,56 | Juros: R$ 95,69 | Total do Recibo: R$ 478,46",,"2026-07-16T16:59:14.453723+00:00","2026-08-12T14:47:42.684518+00:00","importacao_cobrancas - 16/07/2026, 13:55",,,"novo","0","0",,,"false","0","0","0","0",,,"95.69","6.83","34.56","0",,"judicializado","em_aberto",,,,
"043e6467-ee53-45a2-91bd-fe0c78e57bd5","f2794994-c616-4a17-9a5c-fd44aa9d906c","2b1aa7ca-91d6-44fc-b667-8fb9bfeffb53","a4a7e791-3b2d-45c2-b2f1-66588706e2e1",,"11/2024","2024-11-11","341.38","453.35","judicializado","Origem: Conversão de Relatório | Sistema: Safira | Recibo: 3004003831 | Multa: R$ 6,83 | Correção: R$ 29,58 | Juros: R$ 75,56 | Total do Recibo: R$ 453,35",,"2026-07-16T16:58:28.094214+00:00","2026-08-12T14:47:42.684518+00:00","importacao_cobrancas - 16/07/2026, 13:55",,,"novo","0","0",,,"false","0","0","0","0",,,"75.56","6.83","29.58","0",,"judicializado","em_aberto",,,,
"05cda773-c2f2-4e60-986d-d2f04f0fabdc","f2794994-c616-4a17-9a5c-fd44aa9d906c","2b1aa7ca-91d6-44fc-b667-8fb9bfeffb53","a4a7e791-3b2d-45c2-b2f1-66588706e2e1",,"10/2024","2024-10-10","341.38","459.33","judicializado","Origem: Conversão de Relatório | Sistema: Safira | Recibo: 3004003823 | Multa: R$ 6,83 | Correção: R$ 31,40 | Juros: R$ 79,72 | Total do Recibo: R$ 459,33",,"2026-07-16T16:58:27.883973+00:00","2026-08-12T14:47:42.684518+00:00","importacao_cobrancas - 16/07/2026, 13:55",,,"novo","0","0",,,"false","0","0","0","0",,,"79.72","6.83","31.4","0",,"judicializado","em_aberto",,,,
"069693b2-ea9d-4647-8fd1-cebe88e03e18","f2794994-c616-4a17-9a5c-fd44aa9d906c","2b1aa7ca-91d6-44fc-b667-8fb9bfeffb53","ffb9d92d-c370-4841-ac94-00606da27da6",,"06/2025","2025-06-20","279.49","332.05","novo","Origem: Conversão de Relatório | Sistema: Safira | Recibo: 3004010838 | Multa: R$ 5,59 | Correção: R$ 11,39 | Juros: R$ 35,58 | Total do Recibo: R$ 332,05",,"2026-07-16T16:59:12.506125+00:00","2026-08-12T14:47:42.684518+00:00","importacao_cobrancas - 16/07/2026, 13:55",,,"novo","0","0",,,"false","0","0","0","0",,,"35.58","5.59","11.39","0",,"novo","em_aberto",,,,
"08b87bbc-ac5a-41d3-9365-37df89a0dd43","f2794994-c616-4a17-9a5c-fd44aa9d906c","2b1aa7ca-91d6-44fc-b667-8fb9bfeffb53","b26454b8-33ec-449f-a1ab-9d60b586de41",,"02/2025","2025-02-10","279.85","357.26","judicializado","Origem: Conversão de Relatório | Sistema: Safira | Recibo: 3004000301 | Multa: R$ 5,60 | Correção: R$ 19,90 | Juros: R$ 51,91 | Total do Recibo: R$ 357,26",,"2026-07-16T16:56:06.200196+00:00","2026-08-12T14:47:42.684518+00:00","importacao_cobrancas - 16/07/2026, 13:55",,,"novo","0","0",,,"false","0","0","0","0",,,"51.91","5.6","19.9","0",,"judicializado","em_aberto",,,,
"0a7ef6da-2645-4121-8a6a-188bbaa731ee","f2794994-c616-4a17-9a5c-fd44aa9d906c","2b1aa7ca-91d6-44fc-b667-8fb9bfeffb53","961155a5-6ccd-43f1-8e04-bef67d3b0845",,"10/2024","2024-10-10","350.95","472.19","suspenso","Origem: Conversão de Relatório | Sistema: Safira | Recibo: 3004002614 | Multa: R$ 7,02 | Correção: R$ 32,27 | Juros: R$ 81,95 | Total do Recibo: R$ 472,19",,"2026-07-16T16:57:38.476205+00:00","2026-08-12T14:47:42.684518+00:00","importacao_cobrancas - 16/07/2026, 13:55",,,"novo","0","0",,,"false","0","0","0","0",,,"81.95","7.02","32.27","0",,"suspenso","em_aberto",,,,
"0b48f6af-779b-4a3f-add1-a0a33041a55c","f2794994-c616-4a17-9a5c-fd44aa9d906c","2b1aa7ca-91d6-44fc-b667-8fb9bfeffb53","628574d6-de83-42df-9f0e-53243c8e9bc6",,"02/2025","2025-02-28","341.38","431.33","novo","Origem: Conversão de Relatório | Sistema: Safira | Recibo: 3004008078 | Multa: R$ 6,83 | Correção: R$ 23,63 | Juros: R$ 59,49 | Total do Recibo: R$ 431,33",,"2026-07-16T16:56:51.284726+00:00","2026-08-12T14:47:42.684518+00:00","importacao_cobrancas - 16/07/2026, 13:55",,,"novo","0","0",,,"false","0","0","0","0",,,"59.49","6.83","23.63","0",,"novo","em_aberto",,,,
"0eb47d37-15f2-4385-95fb-6a19dbe4bfe1","f2794994-c616-4a17-9a5c-fd44aa9d906c","2b1aa7ca-91d6-44fc-b667-8fb9bfeffb53","a4a7e791-3b2d-45c2-b2f1-66588706e2e1",,"03/2025","2025-03-10","279.85","353.6","judicializado","Origem: Conversão de Relatório | Sistema: Safira | Recibo: 3004003874 | Multa: R$ 5,60 | Correção: R$ 19,38 | Juros: R$ 48,77 | Total do Recibo: R$ 353,60",,"2026-07-16T16:58:29.04838+00:00","2026-08-12T14:47:42.684518+00:00","importacao_cobrancas - 16/07/2026, 13:55",,,"novo","0","0",,,"false","0","0","0","0",,,"48.77","5.6","19.38","0",,"judicializado","em_aberto",,,,
"10542492-ee85-42a3-96cb-07b561ad08b1","f2794994-c616-4a17-9a5c-fd44aa9d906c","2b1aa7ca-91d6-44fc-b667-8fb9bfeffb53","628574d6-de83-42df-9f0e-53243c8e9bc6",,"01/2025","2025-01-29","341.38","435.8","novo","Origem: Conversão de Relatório | Sistema: Safira | Recibo: 3004008051 | Multa: R$ 6,83 | Correção: R$ 24,27 | Juros: R$ 63,32 | Total do Recibo: R$ 435,80",,"2026-07-16T16:56:50.875861+00:00","2026-08-12T14:47:42.684518+00:00","importacao_cobrancas - 16/07/2026, 13:55",,,"novo","0","0",,,"false","0","0","0","0",,,"63.32","6.83","24.27","0",,"novo","em_aberto",,,,
"161742b4-60e6-4acb-8b77-7df3a6296d3a","f2794994-c616-4a17-9a5c-fd44aa9d906c","2b1aa7ca-91d6-44fc-b667-8fb9bfeffb53","46b292ed-5b69-4193-83b3-203fdee1dd25",,"06/2025","2025-06-27","231.52","275.06","judicializado","Origem: Conversão de Relatório | Sistema: Safira | Recibo: 3004010331 | Multa: R$ 4,63 | Correção: R$ 9,44 | Juros: R$ 29,47 | Total do Recibo: R$ 275,06",,"2026-07-16T16:58:34.771531+00:00","2026-08-12T14:47:42.684518+00:00","importacao_cobrancas - 16/07/2026, 13:55",,,"novo","0","0",,,"false","0","0","0","0",,,"29.47","4.63","9.44","0",,"judicializado","em_aberto",,,,
"17d27da7-b4b3-40e9-a18a-97afe58bb3d6","f2794994-c616-4a17-9a5c-fd44aa9d906c","2b1aa7ca-91d6-44fc-b667-8fb9bfeffb53","ffb9d92d-c370-4841-ac94-00606da27da6",,"04/2025","2025-04-10","174.76","218.91","novo","Origem: Conversão de Relatório | Sistema: Safira | Recibo: 3004020841 | Multa: R$ 3,50 | Correção: R$ 12,10 | Juros: R$ 28,55 | Total do Recibo: R$ 218,91",,"2026-07-16T16:59:12.07753+00:00","2026-08-12T14:47:42.684518+00:00","importacao_cobrancas - 16/07/2026, 13:55",,,"novo","0","0",,,"false","0","0","0","0",,,"28.55","3.5","12.1","0",,"novo","em_aberto",,,,
"185545ae-6d17-4674-b744-6b172a834dd3","f2794994-c616-4a17-9a5c-fd44aa9d906c","2b1aa7ca-91d6-44fc-b667-8fb9bfeffb53","09ca8f61-a796-49c0-8f5a-e7bc2fa07ddd",,"10/2025","2025-10-29","204.83","232.95","novo","Origem: Conversão de Relatório | Sistema: Safira | Recibo: 3004008213 | Multa: R$ 4,10 | Correção: R$ 6,76 | Juros: R$ 17,26 | Total do Recibo: R$ 232,95",,"2026-07-16T16:56:55.329822+00:00","2026-08-12T14:47:42.684518+00:00","importacao_cobrancas - 16/07/2026, 13:55",,,"novo","0","0",,,"false","0","0","0","0",,,"17.26","4.1","6.76","0",,"novo","em_aberto",,,,
"1e148f84-8c0b-4eec-9740-ca79d4e35376","f2794994-c616-4a17-9a5c-fd44aa9d906c","2b1aa7ca-91d6-44fc-b667-8fb9bfeffb53","628574d6-de83-42df-9f0e-53243c8e9bc6",,"02/2025","2025-02-10","279.85","357.26","novo","Origem: Conversão de Relatório | Sistema: Safira | Recibo: 3004008060 | Multa: R$ 5,60 | Correção: R$ 19,90 | Juros: R$ 51,91 | Total do Recibo: R$ 357,26",,"2026-07-16T16:56:51.086721+00:00","2026-08-12T14:47:42.684518+00:00","importacao_cobrancas - 16/07/2026, 13:55",,,"novo","0","0",,,"false","0","0","0","0",,,"51.91","5.6","19.9","0",,"novo","em_aberto",,,,
"214d1500-5d75-4f6d-991b-027cde81cb21","f2794994-c616-4a17-9a5c-fd44aa9d906c","2b1aa7ca-91d6-44fc-b667-8fb9bfeffb53","a4a7e791-3b2d-45c2-b2f1-66588706e2e1",,"01/2025","2025-01-10","291.38","376.96","judicializado","Origem: Conversão de Relatório | Sistema: Safira | Recibo: 3004003858 | Multa: R$ 5,83 | Correção: R$ 22,25 | Juros: R$ 57,50 | Total do Recibo: R$ 376,96",,"2026-07-16T16:58:28.599941+00:00","2026-08-12T14:47:42.684518+00:00","importacao_cobrancas - 16/07/2026, 13:55",,,"novo","0","0",,,"false","0","0","0","0",,,"57.5","5.83","22.25","0",,"judicializado","em_aberto",,,,
"222759bb-c85d-4fd1-96fe-3f6ff0b1f4fa","f2794994-c616-4a17-9a5c-fd44aa9d906c","2b1aa7ca-91d6-44fc-b667-8fb9bfeffb53","c43d68ac-db2b-4015-beac-6da31e9d7381",,"01/2025","2025-01-10","71.57","92.59","novo","Origem: Conversão de Relatório | Sistema: Safira | Recibo: 3004001308 | Multa: R$ 1,43 | Correção: R$ 5,47 | Juros: R$ 14,12 | Total do Recibo: R$ 92,59",,"2026-07-16T16:56:49.990352+00:00","2026-08-12T14:47:42.684518+00:00","importacao_cobrancas - 16/07/2026, 13:55",,,"novo","0","0",,,"false","0","0","0","0",,,"14.12","1.43","5.47","0",,"novo","em_aberto",,,,
"23b9d24d-4dd8-48cf-ad77-f84b9dcd5a90","f2794994-c616-4a17-9a5c-fd44aa9d906c","2b1aa7ca-91d6-44fc-b667-8fb9bfeffb53","b26454b8-33ec-449f-a1ab-9d60b586de41",,"10/2024","2024-10-10","341.38","459.33","judicializado","Origem: Conversão de Relatório | Sistema: Safira | Recibo: 3004006571 | Multa: R$ 6,83 | Correção: R$ 31,40 | Juros: R$ 79,72 | Total do Recibo: R$ 459,33",,"2026-07-16T16:56:05.672966+00:00","2026-08-12T14:47:42.684518+00:00","importacao_cobrancas - 16/07/2026, 13:55",,,"novo","0","0",,,"false","0","0","0","0",,,"79.72","6.83","31.4","0",,"judicializado","em_aberto",,,,
"240e1cdf-8448-4e33-aa48-27398036b0f7","f2794994-c616-4a17-9a5c-fd44aa9d906c","2b1aa7ca-91d6-44fc-b667-8fb9bfeffb53","4f91ff3d-99ef-474b-82a6-ae22aa13d5b6",,"03/2025","2025-03-10","279.85","353.6","novo","Origem: Conversão de Relatório | Sistema: Safira | Recibo: 3004001260 | Multa: R$ 5,60 | Correção: R$ 19,38 | Juros: R$ 48,77 | Total do Recibo: R$ 353,60",,"2026-07-16T16:56:47.799885+00:00","2026-08-12T14:47:42.684518+00:00","importacao_cobrancas - 16/07/2026, 13:55",,,"novo","0","0",,,"false","0","0","0","0",,,"48.77","5.6","19.38","0",,"novo","em_aberto",,,,
"249c95c5-d329-41a7-a2ce-d9fd10556f92","f2794994-c616-4a17-9a5c-fd44aa9d906c","2b1aa7ca-91d6-44fc-b667-8fb9bfeffb53","09ca8f61-a796-49c0-8f5a-e7bc2fa07ddd",,"09/2025","2025-09-29","204.83","236.32","novo","Origem: Conversão de Relatório | Sistema: Safira | Recibo: 3004008205 | Multa: R$ 4,10 | Correção: R$ 7,88 | Juros: R$ 19,51 | Total do Recibo: R$ 236,32",,"2026-07-16T16:56:55.094902+00:00","2026-08-12T14:47:42.684518+00:00","importacao_cobrancas - 16/07/2026, 13:55",,,"novo","0","0",,,"false","0","0","0","0",,,"19.51","4.1","7.88","0",,"novo","em_aberto",,,,
"295ac227-2874-429e-9a4c-e423f828a0d6","f2794994-c616-4a17-9a5c-fd44aa9d906c","2b1aa7ca-91d6-44fc-b667-8fb9bfeffb53","165a25f4-808c-48c3-8006-02ef6ebd9034",,"06/2024","2024-06-10","341.38","478.46","judicializado","Origem: Conversão de Relatório | Sistema: Safira | Recibo: 3004000050 | Multa: R$ 6,83 | Correção: R$ 34,56 | Juros: R$ 95,69 | Total do Recibo: R$ 478,46",,"2026-07-16T16:55:39.405357+00:00","2026-08-12T14:47:42.684518+00:00","importacao_cobrancas - 16/07/2026, 13:55",,,"novo","0","0",,,"false","0","0","0","0",,,"95.69","6.83","34.56","0",,"judicializado","em_aberto",,,,
"2fe9c023-7d51-48b8-909f-cbe496817b53","f2794994-c616-4a17-9a5c-fd44aa9d906c","2b1aa7ca-91d6-44fc-b667-8fb9bfeffb53","e8cff0ff-898b-4f4d-b4ad-41e2de8bb18d",,"05/2025","2025-05-12","289.03","352.28","novo","Origem: Conversão de Relatório | Sistema: Safira | Recibo: 3004001359 | Multa: R$ 5,78 | Correção: R$ 14,21 | Juros: R$ 43,26 | Total do Recibo: R$ 352,28",,"2026-07-16T16:56:55.523647+00:00","2026-08-12T14:47:42.684518+00:00","importacao_cobrancas - 16/07/2026, 13:55",,,"novo","0","0",,,"false","0","0","0","0",,,"43.26","5.78","14.21","0",,"novo","em_aberto",,,,
"31d45f20-b645-4a04-9b69-1122d65a71c8","f2794994-c616-4a17-9a5c-fd44aa9d906c","2b1aa7ca-91d6-44fc-b667-8fb9bfeffb53","4f91ff3d-99ef-474b-82a6-ae22aa13d5b6",,"01/2025","2025-01-10","291.38","376.96","novo","Origem: Conversão de Relatório | Sistema: Safira | Recibo: 3004001243 | Multa: R$ 5,83 | Correção: R$ 22,25 | Juros: R$ 57,50 | Total do Recibo: R$ 376,96",,"2026-07-16T16:56:47.376882+00:00","2026-08-12T14:47:42.684518+00:00","importacao_cobrancas - 16/07/2026, 13:55",,,"novo","0","0",,,"false","0","0","0","0",,,"57.5","5.83","22.25","0",,"novo","em_aberto",,,,
"333b7774-eb85-4204-a22b-3839a693dadb","f2794994-c616-4a17-9a5c-fd44aa9d906c","2b1aa7ca-91d6-44fc-b667-8fb9bfeffb53","443ff687-f2c9-44f4-a89b-b87d2e7fc303",,"03/2025","2025-03-10","289.03","365.19","judicializado","Origem: Conversão de Relatório | Sistema: Safira | Recibo: 3004008876 | Multa: R$ 5,78 | Correção: R$ 20,01 | Juros: R$ 50,37 | Total do Recibo: R$ 365,19",,"2026-07-16T16:57:41.593147+00:00","2026-08-12T14:47:42.684518+00:00","importacao_cobrancas - 16/07/2026, 13:55",,,"novo","0","0",,,"false","0","0","0","0",,,"50.37","5.78","20.01","0",,"judicializado","em_aberto",,,,
"35064a3d-7e89-4702-b21b-a6dd673e8dfe","f2794994-c616-4a17-9a5c-fd44aa9d906c","2b1aa7ca-91d6-44fc-b667-8fb9bfeffb53","628574d6-de83-42df-9f0e-53243c8e9bc6",,"04/2025","2025-04-29","341.38","416.09","novo","Origem: Conversão de Relatório | Sistema: Safira | Recibo: 3004008094 | Multa: R$ 6,83 | Correção: R$ 16,78 | Juros: R$ 51,10 | Total do Recibo: R$ 416,09",,"2026-07-16T16:56:51.705814+00:00","2026-08-12T14:47:42.684518+00:00","importacao_cobrancas - 16/07/2026, 13:55",,,"novo","0","0",,,"false","0","0","0","0",,,"51.1","6.83","16.78","0",,"novo","em_aberto",,,,
"37fd35f0-5ba0-4e60-b530-daa6f1ccdb9b","f2794994-c616-4a17-9a5c-fd44aa9d906c","2b1aa7ca-91d6-44fc-b667-8fb9bfeffb53","8f675aba-ad93-4228-aef1-eea126665e88",,"02/2025","2025-02-10","279.85","357.26","novo","Origem: Conversão de Relatório | Sistema: Safira | Recibo: 3004002630 | Multa: R$ 5,60 | Correção: R$ 19,90 | Juros: R$ 51,91 | Total do Recibo: R$ 357,26",,"2026-07-16T16:57:39.503946+00:00","2026-08-12T14:47:42.684518+00:00","importacao_cobrancas - 16/07/2026, 13:55",,,"novo","0","0",,,"false","0","0","0","0",,,"51.91","5.6","19.9","0",,"novo","em_aberto",,,,
"3cfa37d6-de2b-43e3-95be-c1dec3c9d0dd","f2794994-c616-4a17-9a5c-fd44aa9d906c","2b1aa7ca-91d6-44fc-b667-8fb9bfeffb53","09ca8f61-a796-49c0-8f5a-e7bc2fa07ddd",,"03/2025","2025-03-31","204.83","256.58","novo","Origem: Conversão de Relatório | Sistema: Safira | Recibo: 3004008140 | Multa: R$ 4,10 | Correção: R$ 14,18 | Juros: R$ 33,47 | Total do Recibo: R$ 256,58",,"2026-07-16T16:56:53.055434+00:00","2026-08-12T14:47:42.684518+00:00","importacao_cobrancas - 16/07/2026, 13:55",,,"novo","0","0",,,"false","0","0","0","0",,,"33.47","4.1","14.18","0",,"novo","em_aberto",,,,
"3f5d2f39-19a9-4abd-8c21-f666f2622d4b","f2794994-c616-4a17-9a5c-fd44aa9d906c","2b1aa7ca-91d6-44fc-b667-8fb9bfeffb53","443ff687-f2c9-44f4-a89b-b87d2e7fc303",,"05/2025","2025-05-12","289.03","352.28","judicializado","Origem: Conversão de Relatório | Sistema: Safira | Recibo: 3004008892 | Multa: R$ 5,78 | Correção: R$ 14,21 | Juros: R$ 43,26 | Total do Recibo: R$ 352,28",,"2026-07-16T16:57:42.000905+00:00","2026-08-12T14:47:42.684518+00:00","importacao_cobrancas - 16/07/2026, 13:55",,,"novo","0","0",,,"false","0","0","0","0",,,"43.26","5.78","14.21","0",,"judicializado","em_aberto",,,,
"43649504-7b8d-44cd-9fdb-b676b9994318","f2794994-c616-4a17-9a5c-fd44aa9d906c","2b1aa7ca-91d6-44fc-b667-8fb9bfeffb53","46b292ed-5b69-4193-83b3-203fdee1dd25",,"03/2025","2025-03-10","289.03","365.19","judicializado","Origem: Conversão de Relatório | Sistema: Safira | Recibo: 3004010285 | Multa: R$ 5,78 | Correção: R$ 20,01 | Juros: R$ 50,37 | Total do Recibo: R$ 365,19",,"2026-07-16T16:58:33.663165+00:00","2026-08-12T14:47:42.684518+00:00","importacao_cobrancas - 16/07/2026, 13:55",,,"novo","0","0",,,"false","0","0","0","0",,,"50.37","5.78","20.01","0",,"judicializado","em_aberto",,,,
"469606fe-b53d-4e8f-adb2-8a095966977f","f2794994-c616-4a17-9a5c-fd44aa9d906c","2b1aa7ca-91d6-44fc-b667-8fb9bfeffb53","46b292ed-5b69-4193-83b3-203fdee1dd25",,"02/2025","2025-02-27","231.52","292.53","judicializado","Origem: Conversão de Relatório | Sistema: Safira | Recibo: 3004010277 | Multa: R$ 4,63 | Correção: R$ 16,03 | Juros: R$ 40,35 | Total do Recibo: R$ 292,53",,"2026-07-16T16:58:33.425558+00:00","2026-08-12T14:47:42.684518+00:00","importacao_cobrancas - 16/07/2026, 13:55",,,"novo","0","0",,,"false","0","0","0","0",,,"40.35","4.63","16.03","0",,"judicializado","em_aberto",,,,
"48bd7213-5a1d-434d-b299-655a19bb8645","f2794994-c616-4a17-9a5c-fd44aa9d906c","2b1aa7ca-91d6-44fc-b667-8fb9bfeffb53","ffb9d92d-c370-4841-ac94-00606da27da6",,"09/2025","2025-09-22","279.49","322.45","novo","Origem: Conversão de Relatório | Sistema: Safira | Recibo: 3004010862 | Multa: R$ 5,59 | Correção: R$ 10,75 | Juros: R$ 26,62 | Total do Recibo: R$ 322,45",,"2026-07-16T16:59:13.157703+00:00","2026-08-12T14:47:42.684518+00:00","importacao_cobrancas - 16/07/2026, 13:55",,,"novo","0","0",,,"false","0","0","0","0",,,"26.62","5.59","10.75","0",,"novo","em_aberto",,,,
"513a622e-e2c3-4e07-a0a9-95e6cf700603","f2794994-c616-4a17-9a5c-fd44aa9d906c","2b1aa7ca-91d6-44fc-b667-8fb9bfeffb53","443ff687-f2c9-44f4-a89b-b87d2e7fc303",,"12/2024","2024-12-10","350.95","459.38","judicializado","Origem: Conversão de Relatório | Sistema: Safira | Recibo: 3004008841 | Multa: R$ 7,02 | Correção: R$ 28,06 | Juros: R$ 73,35 | Total do Recibo: R$ 459,38",,"2026-07-16T16:57:40.958112+00:00","2026-08-12T14:47:42.684518+00:00","importacao_cobrancas - 16/07/2026, 13:55",,,"novo","0","0",,,"false","0","0","0","0",,,"73.35","7.02","28.06","0",,"judicializado","em_aberto",,,,
"5157d11a-54c8-4e73-a2e3-c9e4cf321025","f2794994-c616-4a17-9a5c-fd44aa9d906c","2b1aa7ca-91d6-44fc-b667-8fb9bfeffb53","8f675aba-ad93-4228-aef1-eea126665e88",,"05/2025","2025-05-12","279.85","341.1","novo","Origem: Conversão de Relatório | Sistema: Safira | Recibo: 3004002665 | Multa: R$ 5,60 | Correção: R$ 13,76 | Juros: R$ 41,89 | Total do Recibo: R$ 341,10",,"2026-07-16T16:57:40.333607+00:00","2026-08-12T14:47:42.684518+00:00","importacao_cobrancas - 16/07/2026, 13:55",,,"novo","0","0",,,"false","0","0","0","0",,,"41.89","5.6","13.76","0",,"novo","em_aberto",,,,
"5335ec8a-1ef0-4153-8aa6-a884f3fe8f58","f2794994-c616-4a17-9a5c-fd44aa9d906c","2b1aa7ca-91d6-44fc-b667-8fb9bfeffb53","ffb9d92d-c370-4841-ac94-00606da27da6",,"10/2025","2025-10-20","276.74","314.71","novo","Origem: Conversão de Relatório | Sistema: Safira | Recibo: 3004010870 | Multa: R$ 5,53 | Correção: R$ 9,13 | Juros: R$ 23,31 | Total do Recibo: R$ 314,71",,"2026-07-16T16:59:13.351579+00:00","2026-08-12T14:47:42.684518+00:00","importacao_cobrancas - 16/07/2026, 13:55",,,"novo","0","0",,,"false","0","0","0","0",,,"23.31","5.53","9.13","0",,"novo","em_aberto",,,,
"54a0df73-5b9c-464f-9ec6-fc369ccf41c6","f2794994-c616-4a17-9a5c-fd44aa9d906c","2b1aa7ca-91d6-44fc-b667-8fb9bfeffb53","46b292ed-5b69-4193-83b3-203fdee1dd25",,"12/2024","2024-12-10","183.18","239.77","judicializado","Origem: Conversão de Relatório | Sistema: Safira | Recibo: 3004018349 | Multa: R$ 3,66 | Correção: R$ 14,65 | Juros: R$ 38,28 | Total do Recibo: R$ 239,77",,"2026-07-16T16:58:32.388309+00:00","2026-08-12T14:47:42.684518+00:00","importacao_cobrancas - 16/07/2026, 13:55",,,"novo","0","0",,,"false","0","0","0","0",,,"38.28","3.66","14.65","0",,"judicializado","em_aberto",,,,
"54a6878f-744a-4216-9f3a-3511dd289c4c","f2794994-c616-4a17-9a5c-fd44aa9d906c","2b1aa7ca-91d6-44fc-b667-8fb9bfeffb53","165a25f4-808c-48c3-8006-02ef6ebd9034",,"05/2024","2024-05-10","341.38","484.08","judicializado","Origem: Conversão de Relatório | Sistema: Safira | Recibo: 3004000042 | Multa: R$ 6,83 | Correção: R$ 35,98 | Juros: R$ 99,89 | Total do Recibo: R$ 484,08",,"2026-07-16T16:55:39.025077+00:00","2026-08-12T14:47:42.684518+00:00","importacao_cobrancas - 16/07/2026, 13:55",,,"novo","0","0",,,"false","0","0","0","0",,,"99.89","6.83","35.98","0",,"judicializado","em_aberto",,,,
"55132635-b4aa-489d-90a9-33c07c487dcc","f2794994-c616-4a17-9a5c-fd44aa9d906c","2b1aa7ca-91d6-44fc-b667-8fb9bfeffb53","46b292ed-5b69-4193-83b3-203fdee1dd25",,"01/2025","2025-01-10","300.95","389.33","judicializado","Origem: Conversão de Relatório | Sistema: Safira | Recibo: 3004010242 | Multa: R$ 6,02 | Correção: R$ 22,97 | Juros: R$ 59,39 | Total do Recibo: R$ 389,33",,"2026-07-16T16:58:32.722308+00:00","2026-08-12T14:47:42.684518+00:00","importacao_cobrancas - 16/07/2026, 13:55",,,"novo","0","0",,,"false","0","0","0","0",,,"59.39","6.02","22.97","0",,"judicializado","em_aberto",,,,
"568542ec-6c13-4597-8afa-dc854b35600f","f2794994-c616-4a17-9a5c-fd44aa9d906c","2b1aa7ca-91d6-44fc-b667-8fb9bfeffb53","4f91ff3d-99ef-474b-82a6-ae22aa13d5b6",,"06/2024","2024-06-10","341.38","478.46","suspenso","Origem: Conversão de Relatório | Sistema: Safira | Recibo: 3004001200 | Multa: R$ 6,83 | Correção: R$ 34,56 | Juros: R$ 95,69 | Total do Recibo: R$ 478,46",,"2026-07-16T16:56:46.508726+00:00","2026-08-12T14:47:42.684518+00:00","importacao_cobrancas - 16/07/2026, 13:55",,,"novo","0","0",,,"false","0","0","0","0",,,"95.69","6.83","34.56","0",,"suspenso","em_aberto",,,,
"57905eff-88a6-42b8-80e3-b645025ca857","f2794994-c616-4a17-9a5c-fd44aa9d906c","2b1aa7ca-91d6-44fc-b667-8fb9bfeffb53","a4a095f0-be83-4620-8532-a5a04540b0e0",,"03/2024","2024-03-25","93.27","133.57","judicializado","Origem: Conversão de Relatório | Sistema: Safira | Recibo: 3004005222 | Multa: R$ 1,87 | Correção: R$ 10,03 | Juros: R$ 28,40 | Total do Recibo: R$ 133,57",,"2026-07-16T16:59:13.773603+00:00","2026-08-12T14:47:42.684518+00:00","importacao_cobrancas - 16/07/2026, 13:55",,,"novo","0","0",,,"false","0","0","0","0",,,"28.4","1.87","10.03","0",,"judicializado","em_aberto",,,,
"58d7a540-2193-46fb-af18-b4ff651401f4","f2794994-c616-4a17-9a5c-fd44aa9d906c","2b1aa7ca-91d6-44fc-b667-8fb9bfeffb53","a4a7e791-3b2d-45c2-b2f1-66588706e2e1",,"08/2024","2024-08-12","341.38","467.47","judicializado","Origem: Conversão de Relatório | Sistema: Safira | Recibo: 3004003807 | Multa: R$ 6,83 | Correção: R$ 31,85 | Juros: R$ 87,41 | Total do Recibo: R$ 467,47",,"2026-07-16T16:58:27.430932+00:00","2026-08-12T14:47:42.684518+00:00","importacao_cobrancas - 16/07/2026, 13:55",,,"novo","0","0",,,"false","0","0","0","0",,,"87.41","6.83","31.85","0",,"judicializado","em_aberto",,,,
"5f571dcd-f096-4974-a728-98629ca37888","f2794994-c616-4a17-9a5c-fd44aa9d906c","2b1aa7ca-91d6-44fc-b667-8fb9bfeffb53","8f675aba-ad93-4228-aef1-eea126665e88",,"04/2025","2025-04-10","279.85","350.55","novo","Origem: Conversão de Relatório | Sistema: Safira | Recibo: 3004002657 | Multa: R$ 5,60 | Correção: R$ 19,38 | Juros: R$ 45,72 | Total do Recibo: R$ 350,55",,"2026-07-16T16:57:40.111834+00:00","2026-08-12T14:47:42.684518+00:00","importacao_cobrancas - 16/07/2026, 13:55",,,"novo","0","0",,,"false","0","0","0","0",,,"45.72","5.6","19.38","0",,"novo","em_aberto",,,,
"618cb064-e0e7-491a-b490-49f7a6210b8b","f2794994-c616-4a17-9a5c-fd44aa9d906c","2b1aa7ca-91d6-44fc-b667-8fb9bfeffb53","a4a7e791-3b2d-45c2-b2f1-66588706e2e1",,"07/2024","2024-07-10","341.38","472.45","judicializado","Origem: Conversão de Relatório | Sistema: Safira | Recibo: 3004003793 | Multa: R$ 6,83 | Correção: R$ 32,80 | Juros: R$ 91,44 | Total do Recibo: R$ 472,45",,"2026-07-16T16:58:27.105254+00:00","2026-08-12T14:47:42.684518+00:00","importacao_cobrancas - 16/07/2026, 13:55",,,"novo","0","0",,,"false","0","0","0","0",,,"91.44","6.83","32.8","0",,"judicializado","em_aberto",,,,
"64b41b43-7c30-48ae-8561-3a4c10310d4b","f2794994-c616-4a17-9a5c-fd44aa9d906c","2b1aa7ca-91d6-44fc-b667-8fb9bfeffb53","09ca8f61-a796-49c0-8f5a-e7bc2fa07ddd",,"06/2025","2025-06-10","281.31","338.44","novo","Origem: Conversão de Relatório | Sistema: Safira | Recibo: 3004001340 | Multa: R$ 5,63 | Correção: R$ 12,56 | Juros: R$ 38,94 | Total do Recibo: R$ 338,44",,"2026-07-16T16:56:54.102701+00:00","2026-08-12T14:47:42.684518+00:00","importacao_cobrancas - 16/07/2026, 13:55",,,"novo","0","0",,,"false","0","0","0","0",,,"38.94","5.63","12.56","0",,"novo","em_aberto",,,,
"6528e171-956d-4358-80f8-328aeae55c4b","f2794994-c616-4a17-9a5c-fd44aa9d906c","2b1aa7ca-91d6-44fc-b667-8fb9bfeffb53","46b292ed-5b69-4193-83b3-203fdee1dd25",,"03/2025","2025-03-27","231.52","290.01","judicializado","Origem: Conversão de Relatório | Sistema: Safira | Recibo: 3004010293 | Multa: R$ 4,63 | Correção: R$ 16,03 | Juros: R$ 37,83 | Total do Recibo: R$ 290,01",,"2026-07-16T16:58:33.8858+00:00","2026-08-12T14:47:42.684518+00:00","importacao_cobrancas - 16/07/2026, 13:55",,,"novo","0","0",,,"false","0","0","0","0",,,"37.83","4.63","16.03","0",,"judicializado","em_aberto",,,,
"69f7df32-cfb8-4771-943a-12fc6281405c","f2794994-c616-4a17-9a5c-fd44aa9d906c","2b1aa7ca-91d6-44fc-b667-8fb9bfeffb53","ffb9d92d-c370-4841-ac94-00606da27da6",,"05/2025","2025-05-20","279.49","336.23","novo","Origem: Conversão de Relatório | Sistema: Safira | Recibo: 3004010820 | Multa: R$ 5,59 | Correção: R$ 12,47 | Juros: R$ 38,68 | Total do Recibo: R$ 336,23",,"2026-07-16T16:59:12.294753+00:00","2026-08-12T14:47:42.684518+00:00","importacao_cobrancas - 16/07/2026, 13:55",,,"novo","0","0",,,"false","0","0","0","0",,,"38.68","5.59","12.47","0",,"novo","em_aberto",,,,
"6a2d97e9-8ab1-4acf-91f9-531acc15f842","f2794994-c616-4a17-9a5c-fd44aa9d906c","2b1aa7ca-91d6-44fc-b667-8fb9bfeffb53","165a25f4-808c-48c3-8006-02ef6ebd9034",,"04/2024","2024-04-10","291.38","417.23","judicializado","Origem: Conversão de Relatório | Sistema: Safira | Recibo: 3004000034 | Multa: R$ 5,83 | Correção: R$ 31,32 | Juros: R$ 88,70 | Total do Recibo: R$ 417,23",,"2026-07-16T16:55:38.463268+00:00","2026-08-12T14:47:42.684518+00:00","importacao_cobrancas - 16/07/2026, 13:55",,,"novo","0","0",,,"false","0","0","0","0",,,"88.7","5.83","31.32","0",,"judicializado","em_aberto",,,,
"6b66ec84-252b-4173-8c0e-c0c1bf1f4d9a","f2794994-c616-4a17-9a5c-fd44aa9d906c","2b1aa7ca-91d6-44fc-b667-8fb9bfeffb53","a4a7e791-3b2d-45c2-b2f1-66588706e2e1",,"05/2025","2025-05-12","279.85","341.1","judicializado","Origem: Conversão de Relatório | Sistema: Safira | Recibo: 3004003890 | Multa: R$ 5,60 | Correção: R$ 13,76 | Juros: R$ 41,89 | Total do Recibo: R$ 341,10",,"2026-07-16T16:58:29.541164+00:00","2026-08-12T14:47:42.684518+00:00","importacao_cobrancas - 16/07/2026, 13:55",,,"novo","0","0",,,"false","0","0","0","0",,,"41.89","5.6","13.76","0",,"judicializado","em_aberto",,,,
"6bae2795-5919-4c24-b35b-46eef338b738","f2794994-c616-4a17-9a5c-fd44aa9d906c","2b1aa7ca-91d6-44fc-b667-8fb9bfeffb53","46b292ed-5b69-4193-83b3-203fdee1dd25",,"04/2025","2025-04-28","231.52","282.18","judicializado","Origem: Conversão de Relatório | Sistema: Safira | Recibo: 3004010315 | Multa: R$ 4,63 | Correção: R$ 11,38 | Juros: R$ 34,65 | Total do Recibo: R$ 282,18",,"2026-07-16T16:58:34.325409+00:00","2026-08-12T14:47:42.684518+00:00","importacao_cobrancas - 16/07/2026, 13:55",,,"novo","0","0",,,"false","0","0","0","0",,,"34.65","4.63","11.38","0",,"judicializado","em_aberto",,,,
"6bf4722a-11f6-4e6b-b10c-59216e68ea32","f2794994-c616-4a17-9a5c-fd44aa9d906c","2b1aa7ca-91d6-44fc-b667-8fb9bfeffb53","ffb9d92d-c370-4841-ac94-00606da27da6",,"08/2025","2025-08-20","279.49","324.73","novo","Origem: Conversão de Relatório | Sistema: Safira | Recibo: 3004010854 | Multa: R$ 5,59 | Correção: R$ 10,13 | Juros: R$ 29,52 | Total do Recibo: R$ 324,73",,"2026-07-16T16:59:12.958991+00:00","2026-08-12T14:47:42.684518+00:00","importacao_cobrancas - 16/07/2026, 13:55",,,"novo","0","0",,,"false","0","0","0","0",,,"29.52","5.59","10.13","0",,"novo","em_aberto",,,,
"6c01dfc4-c1a4-4253-9227-043dbc5546cd","f2794994-c616-4a17-9a5c-fd44aa9d906c","2b1aa7ca-91d6-44fc-b667-8fb9bfeffb53","4f91ff3d-99ef-474b-82a6-ae22aa13d5b6",,"10/2024","2024-10-10","341.38","459.33","suspenso","Origem: Conversão de Relatório | Sistema: Safira | Recibo: 3004001219 | Multa: R$ 6,83 | Correção: R$ 31,40 | Juros: R$ 79,72 | Total do Recibo: R$ 459,33",,"2026-07-16T16:56:46.709062+00:00","2026-08-12T14:47:42.684518+00:00","importacao_cobrancas - 16/07/2026, 13:55",,,"novo","0","0",,,"false","0","0","0","0",,,"79.72","6.83","31.4","0",,"suspenso","em_aberto",,,,
"6d78bd6d-1be7-4e9c-b3c5-e6ef6ee31db0","f2794994-c616-4a17-9a5c-fd44aa9d906c","2b1aa7ca-91d6-44fc-b667-8fb9bfeffb53","46b292ed-5b69-4193-83b3-203fdee1dd25",,"09/2025","2025-09-29","231.52","267.1","judicializado","Origem: Conversão de Relatório | Sistema: Safira | Recibo: 3004010366 | Multa: R$ 4,63 | Correção: R$ 8,90 | Juros: R$ 22,05 | Total do Recibo: R$ 267,10",,"2026-07-16T16:58:35.486695+00:00","2026-08-12T14:47:42.684518+00:00","importacao_cobrancas - 16/07/2026, 13:55",,,"novo","0","0",,,"false","0","0","0","0",,,"22.05","4.63","8.9","0",,"judicializado","em_aberto",,,,
"6e50a1f2-0d28-48f1-ae7b-d7930e60cbf9","f2794994-c616-4a17-9a5c-fd44aa9d906c","2b1aa7ca-91d6-44fc-b667-8fb9bfeffb53","b26454b8-33ec-449f-a1ab-9d60b586de41",,"04/2025","2025-04-10","279.85","350.55","judicializado","Origem: Conversão de Relatório | Sistema: Safira | Recibo: 3004000328 | Multa: R$ 5,60 | Correção: R$ 19,38 | Juros: R$ 45,72 | Total do Recibo: R$ 350,55",,"2026-07-16T16:56:06.670154+00:00","2026-08-12T14:47:42.684518+00:00","importacao_cobrancas - 16/07/2026, 13:55",,,"novo","0","0",,,"false","0","0","0","0",,,"45.72","5.6","19.38","0",,"judicializado","em_aberto",,,,
"70f13cf5-661a-436d-ab29-4d0ca5f4390a","f2794994-c616-4a17-9a5c-fd44aa9d906c","2b1aa7ca-91d6-44fc-b667-8fb9bfeffb53","628574d6-de83-42df-9f0e-53243c8e9bc6",,"03/2025","2025-03-31","341.38","427.62","novo","Origem: Conversão de Relatório | Sistema: Safira | Recibo: 3004008086 | Multa: R$ 6,83 | Correção: R$ 23,63 | Juros: R$ 55,78 | Total do Recibo: R$ 427,62",,"2026-07-16T16:56:51.511697+00:00","2026-08-12T14:47:42.684518+00:00","importacao_cobrancas - 16/07/2026, 13:55",,,"novo","0","0",,,"false","0","0","0","0",,,"55.78","6.83","23.63","0",,"novo","em_aberto",,,,
"83391530-7e9b-4a46-a613-5fc6378f7e1b","f2794994-c616-4a17-9a5c-fd44aa9d906c","2b1aa7ca-91d6-44fc-b667-8fb9bfeffb53","4f91ff3d-99ef-474b-82a6-ae22aa13d5b6",,"05/2025","2025-05-12","279.85","341.1","novo","Origem: Conversão de Relatório | Sistema: Safira | Recibo: 3004001286 | Multa: R$ 5,60 | Correção: R$ 13,76 | Juros: R$ 41,89 | Total do Recibo: R$ 341,10",,"2026-07-16T16:56:48.219437+00:00","2026-08-12T14:47:42.684518+00:00","importacao_cobrancas - 16/07/2026, 13:55",,,"novo","0","0",,,"false","0","0","0","0",,,"41.89","5.6","13.76","0",,"novo","em_aberto",,,,
"841730fd-af10-4446-a2ec-f35d072853cf","f2794994-c616-4a17-9a5c-fd44aa9d906c","2b1aa7ca-91d6-44fc-b667-8fb9bfeffb53","628574d6-de83-42df-9f0e-53243c8e9bc6",,"01/2025","2025-01-10","26.44","34.21","novo","Origem: Conversão de Relatório | Sistema: Safira | Recibo: 3004026422 | Multa: R$ 0,53 | Correção: R$ 2,02 | Juros: R$ 5,22 | Total do Recibo: R$ 34,21",,"2026-07-16T16:56:50.662616+00:00","2026-08-12T14:47:42.684518+00:00","importacao_cobrancas - 16/07/2026, 13:55",,,"novo","0","0",,,"false","0","0","0","0",,,"5.22","0.53","2.02","0",,"novo","em_aberto",,,,
"8c94adb6-e76f-4281-a494-298c4610fdbd","f2794994-c616-4a17-9a5c-fd44aa9d906c","2b1aa7ca-91d6-44fc-b667-8fb9bfeffb53","8f675aba-ad93-4228-aef1-eea126665e88",,"03/2025","2025-03-10","279.85","353.6","novo","Origem: Conversão de Relatório | Sistema: Safira | Recibo: 3004002649 | Multa: R$ 5,60 | Correção: R$ 19,38 | Juros: R$ 48,77 | Total do Recibo: R$ 353,60",,"2026-07-16T16:57:39.729195+00:00","2026-08-12T14:47:42.684518+00:00","importacao_cobrancas - 16/07/2026, 13:55",,,"novo","0","0",,,"false","0","0","0","0",,,"48.77","5.6","19.38","0",,"novo","em_aberto",,,,
"8cde1d76-5aef-43ed-8128-5efcc489b1f1","f2794994-c616-4a17-9a5c-fd44aa9d906c","2b1aa7ca-91d6-44fc-b667-8fb9bfeffb53","09ca8f61-a796-49c0-8f5a-e7bc2fa07ddd",,"05/2025","2025-05-29","204.83","246.42","novo","Origem: Conversão de Relatório | Sistema: Safira | Recibo: 3004008167 | Multa: R$ 4,10 | Correção: R$ 9,14 | Juros: R$ 28,35 | Total do Recibo: R$ 246,42",,"2026-07-16T16:56:53.889773+00:00","2026-08-12T14:47:42.684518+00:00","importacao_cobrancas - 16/07/2026, 13:55",,,"novo","0","0",,,"false","0","0","0","0",,,"28.35","4.1","9.14","0",,"novo","em_aberto",,,,
"8cf51a50-a5a3-4708-9cb7-d47a5cf399c9","f2794994-c616-4a17-9a5c-fd44aa9d906c","2b1aa7ca-91d6-44fc-b667-8fb9bfeffb53","b26454b8-33ec-449f-a1ab-9d60b586de41",,"09/2024","2024-09-10","32.17","43.58","judicializado","Origem: Conversão de Relatório | Sistema: Safira | Recibo: 3004026384 | Multa: R$ 0,64 | Correção: R$ 2,91 | Juros: R$ 7,86 | Total do Recibo: R$ 43,58",,"2026-07-16T16:56:05.467375+00:00","2026-08-12T14:47:42.684518+00:00","importacao_cobrancas - 16/07/2026, 13:55",,,"novo","0","0",,,"false","0","0","0","0",,,"7.86","0.64","2.91","0",,"judicializado","em_aberto",,,,
"8d5c34e5-e2ba-43d6-a2c0-78726a612e7f","f2794994-c616-4a17-9a5c-fd44aa9d906c","2b1aa7ca-91d6-44fc-b667-8fb9bfeffb53","46b292ed-5b69-4193-83b3-203fdee1dd25",,"02/2025","2025-02-10","289.03","368.97","judicializado","Origem: Conversão de Relatório | Sistema: Safira | Recibo: 3004010269 | Multa: R$ 5,78 | Correção: R$ 20,55 | Juros: R$ 53,61 | Total do Recibo: R$ 368,97",,"2026-07-16T16:58:33.197353+00:00","2026-08-12T14:47:42.684518+00:00","importacao_cobrancas - 16/07/2026, 13:55",,,"novo","0","0",,,"false","0","0","0","0",,,"53.61","5.78","20.55","0",,"judicializado","em_aberto",,,,
"8dd23482-ed14-4587-8cf9-3aecf8828700","f2794994-c616-4a17-9a5c-fd44aa9d906c","2b1aa7ca-91d6-44fc-b667-8fb9bfeffb53","443ff687-f2c9-44f4-a89b-b87d2e7fc303",,"10/2024","2024-10-10","192.81","259.44","judicializado","Origem: Conversão de Relatório | Sistema: Safira | Recibo: 3004036444 | Multa: R$ 3,86 | Correção: R$ 17,74 | Juros: R$ 45,03 | Total do Recibo: R$ 259,44",,"2026-07-16T16:57:40.531111+00:00","2026-08-12T14:47:42.684518+00:00","importacao_cobrancas - 16/07/2026, 13:55",,,"novo","0","0",,,"false","0","0","0","0",,,"45.03","3.86","17.74","0",,"judicializado","em_aberto",,,,
"8dd5a9d5-c7b3-400b-8a8b-5bfdabb6bad6","f2794994-c616-4a17-9a5c-fd44aa9d906c","2b1aa7ca-91d6-44fc-b667-8fb9bfeffb53","443ff687-f2c9-44f4-a89b-b87d2e7fc303",,"01/2025","2025-01-10","300.95","389.33","judicializado","Origem: Conversão de Relatório | Sistema: Safira | Recibo: 3004008850 | Multa: R$ 6,02 | Correção: R$ 22,97 | Juros: R$ 59,39 | Total do Recibo: R$ 389,33",,"2026-07-16T16:57:41.189924+00:00","2026-08-12T14:47:42.684518+00:00","importacao_cobrancas - 16/07/2026, 13:55",,,"novo","0","0",,,"false","0","0","0","0",,,"59.39","6.02","22.97","0",,"judicializado","em_aberto",,,,
"8e0c1d2b-80c8-4cee-bf79-fdeb5ddc164c","f2794994-c616-4a17-9a5c-fd44aa9d906c","2b1aa7ca-91d6-44fc-b667-8fb9bfeffb53","09ca8f61-a796-49c0-8f5a-e7bc2fa07ddd",,"03/2025","2025-03-10","289.04","365.2","novo","Origem: Conversão de Relatório | Sistema: Safira | Recibo: 3004001316 | Multa: R$ 5,78 | Correção: R$ 20,01 | Juros: R$ 50,37 | Total do Recibo: R$ 365,20",,"2026-07-16T16:56:52.86322+00:00","2026-08-12T14:47:42.684518+00:00","importacao_cobrancas - 16/07/2026, 13:55",,,"novo","0","0",,,"false","0","0","0","0",,,"50.37","5.78","20.01","0",,"novo","em_aberto",,,,
"8e0e06ab-016c-4ed3-8eb9-808a64f317eb","f2794994-c616-4a17-9a5c-fd44aa9d906c","2b1aa7ca-91d6-44fc-b667-8fb9bfeffb53","b26454b8-33ec-449f-a1ab-9d60b586de41",,"03/2025","2025-03-10","279.85","353.6","judicializado","Origem: Conversão de Relatório | Sistema: Safira | Recibo: 3004000310 | Multa: R$ 5,60 | Correção: R$ 19,38 | Juros: R$ 48,77 | Total do Recibo: R$ 353,60",,"2026-07-16T16:56:06.433219+00:00","2026-08-12T14:47:42.684518+00:00","importacao_cobrancas - 16/07/2026, 13:55",,,"novo","0","0",,,"false","0","0","0","0",,,"48.77","5.6","19.38","0",,"judicializado","em_aberto",,,,
"8ee91f3b-ae51-42d8-92d1-25037dfda213","f2794994-c616-4a17-9a5c-fd44aa9d906c","2b1aa7ca-91d6-44fc-b667-8fb9bfeffb53","4f91ff3d-99ef-474b-82a6-ae22aa13d5b6",,"11/2024","2024-11-11","341.38","453.35","suspenso","Origem: Conversão de Relatório | Sistema: Safira | Recibo: 3004001227 | Multa: R$ 6,83 | Correção: R$ 29,58 | Juros: R$ 75,56 | Total do Recibo: R$ 453,35",,"2026-07-16T16:56:46.942559+00:00","2026-08-12T14:47:42.684518+00:00","importacao_cobrancas - 16/07/2026, 13:55",,,"novo","0","0",,,"false","0","0","0","0",,,"75.56","6.83","29.58","0",,"suspenso","em_aberto",,,,
"913ae34d-b89c-4bff-97c4-94f187b8f70d","f2794994-c616-4a17-9a5c-fd44aa9d906c","2b1aa7ca-91d6-44fc-b667-8fb9bfeffb53","b26454b8-33ec-449f-a1ab-9d60b586de41",,"05/2025","2025-05-12","279.85","341.1","judicializado","Origem: Conversão de Relatório | Sistema: Safira | Recibo: 3004000336 | Multa: R$ 5,60 | Correção: R$ 13,76 | Juros: R$ 41,89 | Total do Recibo: R$ 341,10",,"2026-07-16T16:56:06.902469+00:00","2026-08-12T14:47:42.684518+00:00","importacao_cobrancas - 16/07/2026, 13:55",,,"novo","0","0",,,"false","0","0","0","0",,,"41.89","5.6","13.76","0",,"judicializado","em_aberto",,,,
"94f8c787-c676-462f-9d97-e894f0d7fad1","f2794994-c616-4a17-9a5c-fd44aa9d906c","2b1aa7ca-91d6-44fc-b667-8fb9bfeffb53","46b292ed-5b69-4193-83b3-203fdee1dd25",,"08/2025","2025-08-27","231.52","268.99","judicializado","Origem: Conversão de Relatório | Sistema: Safira | Recibo: 3004010358 | Multa: R$ 4,63 | Correção: R$ 8,39 | Juros: R$ 24,45 | Total do Recibo: R$ 268,99",,"2026-07-16T16:58:35.215186+00:00","2026-08-12T14:47:42.684518+00:00","importacao_cobrancas - 16/07/2026, 13:55",,,"novo","0","0",,,"false","0","0","0","0",,,"24.45","4.63","8.39","0",,"judicializado","em_aberto",,,,
"961317b3-7058-48e6-888d-ac5f61749851","f2794994-c616-4a17-9a5c-fd44aa9d906c","2b1aa7ca-91d6-44fc-b667-8fb9bfeffb53","46b292ed-5b69-4193-83b3-203fdee1dd25",,"05/2025","2025-05-27","231.52","278.52","judicializado","Origem: Conversão de Relatório | Sistema: Safira | Recibo: 3004010323 | Multa: R$ 4,63 | Correção: R$ 10,33 | Juros: R$ 32,04 | Total do Recibo: R$ 278,52",,"2026-07-16T16:58:34.564619+00:00","2026-08-12T14:47:42.684518+00:00","importacao_cobrancas - 16/07/2026, 13:55",,,"novo","0","0",,,"false","0","0","0","0",,,"32.04","4.63","10.33","0",,"judicializado","em_aberto",,,,
"9a85a618-7630-4e80-a13e-ebaceccaa403","f2794994-c616-4a17-9a5c-fd44aa9d906c","2b1aa7ca-91d6-44fc-b667-8fb9bfeffb53","09ca8f61-a796-49c0-8f5a-e7bc2fa07ddd",,"04/2025","2025-04-10","561.16","702.91","novo","Origem: Conversão de Relatório | Sistema: Safira | Recibo: 3004001324 | Multa: R$ 11,22 | Correção: R$ 38,85 | Juros: R$ 91,68 | Total do Recibo: R$ 702,91",,"2026-07-16T16:56:53.248216+00:00","2026-08-12T14:47:42.684518+00:00","importacao_cobrancas - 16/07/2026, 13:55",,,"novo","0","0",,,"false","0","0","0","0",,,"91.68","11.22","38.85","0",,"novo","em_aberto",,,,
"9e55665e-15a0-4e72-a723-2023640e8970","f2794994-c616-4a17-9a5c-fd44aa9d906c","2b1aa7ca-91d6-44fc-b667-8fb9bfeffb53","68598727-68bf-4a5d-b6bc-68f4bf295570",,"12/2024","2024-12-10","341.38","446.86","suspenso","Origem: Conversão de Relatório | Sistema: Safira | Recibo: 3004001014 | Multa: R$ 6,83 | Correção: R$ 27,30 | Juros: R$ 71,35 | Total do Recibo: R$ 446,86",,"2026-07-16T16:56:40.267517+00:00","2026-08-12T14:47:42.684518+00:00","importacao_cobrancas - 16/07/2026, 13:55",,,"novo","0","0",,,"false","0","0","0","0",,,"71.35","6.83","27.3","0",,"suspenso","em_aberto",,,,
"a0e00f93-57e5-45b9-bd50-efba61156a90","f2794994-c616-4a17-9a5c-fd44aa9d906c","2b1aa7ca-91d6-44fc-b667-8fb9bfeffb53","ffb9d92d-c370-4841-ac94-00606da27da6",,"07/2025","2025-07-21","279.49","328.37","novo","Origem: Conversão de Relatório | Sistema: Safira | Recibo: 3004010846 | Multa: R$ 5,59 | Correção: R$ 10,75 | Juros: R$ 32,54 | Total do Recibo: R$ 328,37",,"2026-07-16T16:59:12.724627+00:00","2026-08-12T14:47:42.684518+00:00","importacao_cobrancas - 16/07/2026, 13:55",,,"novo","0","0",,,"false","0","0","0","0",,,"32.54","5.59","10.75","0",,"novo","em_aberto",,,,
"a1ec55d4-2e75-4b0c-9bab-c4b32e9b49c6","f2794994-c616-4a17-9a5c-fd44aa9d906c","2b1aa7ca-91d6-44fc-b667-8fb9bfeffb53","09ca8f61-a796-49c0-8f5a-e7bc2fa07ddd",,"12/2024","2024-12-10","253.29","331.55","suspenso","Origem: Conversão de Relatório | Sistema: Safira | Recibo: 3004019183 | Multa: R$ 5,07 | Correção: R$ 20,25 | Juros: R$ 52,94 | Total do Recibo: R$ 331,55",,"2026-07-16T16:56:51.921333+00:00","2026-08-12T14:47:42.684518+00:00","importacao_cobrancas - 16/07/2026, 13:55",,,"novo","0","0",,,"false","0","0","0","0",,,"52.94","5.07","20.25","0",,"suspenso","em_aberto",,,,
"a20241b5-853f-4c16-a268-3e7768450e6e","f2794994-c616-4a17-9a5c-fd44aa9d906c","2b1aa7ca-91d6-44fc-b667-8fb9bfeffb53","a4a095f0-be83-4620-8532-a5a04540b0e0",,"05/2024","2024-05-10","341.38","484.08","judicializado","Origem: Conversão de Relatório | Sistema: Safira | Recibo: 3004005249 | Multa: R$ 6,83 | Correção: R$ 35,98 | Juros: R$ 99,89 | Total do Recibo: R$ 484,08",,"2026-07-16T16:59:14.247314+00:00","2026-08-12T14:47:42.684518+00:00","importacao_cobrancas - 16/07/2026, 13:55",,,"novo","0","0",,,"false","0","0","0","0",,,"99.89","6.83","35.98","0",,"judicializado","em_aberto",,,,
"a63ff9c4-d65a-44a7-8af5-ad040c6e5987","f2794994-c616-4a17-9a5c-fd44aa9d906c","2b1aa7ca-91d6-44fc-b667-8fb9bfeffb53","8f675aba-ad93-4228-aef1-eea126665e88",,"03/2024","2024-03-25","93.27","133.57","suspenso","Origem: Conversão de Relatório | Sistema: Safira | Recibo: 3004008744 | Multa: R$ 1,87 | Correção: R$ 10,03 | Juros: R$ 28,40 | Total do Recibo: R$ 133,57",,"2026-07-16T16:57:39.031444+00:00","2026-08-12T14:47:42.684518+00:00","importacao_cobrancas - 16/07/2026, 13:55",,,"novo","0","0",,,"false","0","0","0","0",,,"28.4","1.87","10.03","0",,"suspenso","em_aberto",,,,
"a9c43d27-60e8-441c-806e-afd42edeb79f","f2794994-c616-4a17-9a5c-fd44aa9d906c","2b1aa7ca-91d6-44fc-b667-8fb9bfeffb53","961155a5-6ccd-43f1-8e04-bef67d3b0845",,"09/2024","2024-09-10","350.95","475.43","suspenso","Origem: Conversão de Relatório | Sistema: Safira | Recibo: 3004002606 | Multa: R$ 7,02 | Correção: R$ 31,73 | Juros: R$ 85,73 | Total do Recibo: R$ 475,43",,"2026-07-16T16:57:38.10253+00:00","2026-08-12T14:47:42.684518+00:00","importacao_cobrancas - 16/07/2026, 13:55",,,"novo","0","0",,,"false","0","0","0","0",,,"85.73","7.02","31.73","0",,"suspenso","em_aberto",,,,
"ae56b4a4-4811-4384-ba1f-fec3af736c40","f2794994-c616-4a17-9a5c-fd44aa9d906c","2b1aa7ca-91d6-44fc-b667-8fb9bfeffb53","443ff687-f2c9-44f4-a89b-b87d2e7fc303",,"02/2025","2025-02-10","289.03","368.97","judicializado","Origem: Conversão de Relatório | Sistema: Safira | Recibo: 3004008868 | Multa: R$ 5,78 | Correção: R$ 20,55 | Juros: R$ 53,61 | Total do Recibo: R$ 368,97",,"2026-07-16T16:57:41.385228+00:00","2026-08-12T14:47:42.684518+00:00","importacao_cobrancas - 16/07/2026, 13:55",,,"novo","0","0",,,"false","0","0","0","0",,,"53.61","5.78","20.55","0",,"judicializado","em_aberto",,,,
"af9b97aa-8010-42f7-aef4-6deee928774d","f2794994-c616-4a17-9a5c-fd44aa9d906c","2b1aa7ca-91d6-44fc-b667-8fb9bfeffb53","443ff687-f2c9-44f4-a89b-b87d2e7fc303",,"11/2024","2024-11-11","350.95","466.07","judicializado","Origem: Conversão de Relatório | Sistema: Safira | Recibo: 3004008833 | Multa: R$ 7,02 | Correção: R$ 30,42 | Juros: R$ 77,68 | Total do Recibo: R$ 466,07",,"2026-07-16T16:57:40.751656+00:00","2026-08-12T14:47:42.684518+00:00","importacao_cobrancas - 16/07/2026, 13:55",,,"novo","0","0",,,"false","0","0","0","0",,,"77.68","7.02","30.42","0",,"judicializado","em_aberto",,,,
"afa2d4d2-b2d5-41d3-8a53-11c8611bb275","f2794994-c616-4a17-9a5c-fd44aa9d906c","2b1aa7ca-91d6-44fc-b667-8fb9bfeffb53","259fae0c-f538-4db1-b201-156952eac576",,"05/2025","2025-05-12","279.85","341.1","novo","Origem: Conversão de Relatório | Sistema: Safira | Recibo: 3004001294 | Multa: R$ 5,60 | Correção: R$ 13,76 | Juros: R$ 41,89 | Total do Recibo: R$ 341,10",,"2026-07-16T16:56:49.780073+00:00","2026-08-12T14:47:42.684518+00:00","importacao_cobrancas - 16/07/2026, 13:55",,,"novo","0","0",,,"false","0","0","0","0",,,"41.89","5.6","13.76","0",,"novo","em_aberto",,,,
"b2b02676-c4b7-45fc-a6b2-2e3e6f98fb8b","f2794994-c616-4a17-9a5c-fd44aa9d906c","2b1aa7ca-91d6-44fc-b667-8fb9bfeffb53","a4a7e791-3b2d-45c2-b2f1-66588706e2e1",,"06/2024","2024-06-10","341.38","478.46","judicializado","Origem: Conversão de Relatório | Sistema: Safira | Recibo: 3004003785 | Multa: R$ 6,83 | Correção: R$ 34,56 | Juros: R$ 95,69 | Total do Recibo: R$ 478,46",,"2026-07-16T16:58:26.861743+00:00","2026-08-12T14:47:42.684518+00:00","importacao_cobrancas - 16/07/2026, 13:55",,,"novo","0","0",,,"false","0","0","0","0",,,"95.69","6.83","34.56","0",,"judicializado","em_aberto",,,,
"b7fab1a0-1a71-45ec-abf5-c9301518151f","f2794994-c616-4a17-9a5c-fd44aa9d906c","2b1aa7ca-91d6-44fc-b667-8fb9bfeffb53","8f675aba-ad93-4228-aef1-eea126665e88",,"01/2025","2025-01-20","114.56","146.25","novo","Origem: Conversão de Relatório | Sistema: Safira | Recibo: 3004002622 | Multa: R$ 2,29 | Correção: R$ 8,15 | Juros: R$ 21,25 | Total do Recibo: R$ 146,25",,"2026-07-16T16:57:39.263052+00:00","2026-08-12T14:47:42.684518+00:00","importacao_cobrancas - 16/07/2026, 13:55",,,"novo","0","0",,,"false","0","0","0","0",,,"21.25","2.29","8.15","0",,"novo","em_aberto",,,,
"bb1e096b-fb82-4952-857f-db420fda5ab7","f2794994-c616-4a17-9a5c-fd44aa9d906c","2b1aa7ca-91d6-44fc-b667-8fb9bfeffb53","a4a7e791-3b2d-45c2-b2f1-66588706e2e1",,"04/2025","2025-04-10","279.85","350.55","judicializado","Origem: Conversão de Relatório | Sistema: Safira | Recibo: 3004003882 | Multa: R$ 5,60 | Correção: R$ 19,38 | Juros: R$ 45,72 | Total do Recibo: R$ 350,55",,"2026-07-16T16:58:29.33+00:00","2026-08-12T14:47:42.684518+00:00","importacao_cobrancas - 16/07/2026, 13:55",,,"novo","0","0",,,"false","0","0","0","0",,,"45.72","5.6","19.38","0",,"judicializado","em_aberto",,,,
"bb80dd28-90a9-4742-850c-f0904d3e04bc","f2794994-c616-4a17-9a5c-fd44aa9d906c","2b1aa7ca-91d6-44fc-b667-8fb9bfeffb53","628574d6-de83-42df-9f0e-53243c8e9bc6",,"12/2024","2024-12-10","192.85","252.43","suspenso","Origem: Conversão de Relatório | Sistema: Safira | Recibo: 3004012014 | Multa: R$ 3,86 | Correção: R$ 15,42 | Juros: R$ 40,30 | Total do Recibo: R$ 252,43",,"2026-07-16T16:56:50.447896+00:00","2026-08-12T14:47:42.684518+00:00","importacao_cobrancas - 16/07/2026, 13:55",,,"novo","0","0",,,"false","0","0","0","0",,,"40.3","3.86","15.42","0",,"suspenso","em_aberto",,,,
"bbd8d33a-a4ba-44a1-b191-17fd93ef01bc","f2794994-c616-4a17-9a5c-fd44aa9d906c","2b1aa7ca-91d6-44fc-b667-8fb9bfeffb53","4f91ff3d-99ef-474b-82a6-ae22aa13d5b6",,"04/2025","2025-04-10","279.85","350.55","novo","Origem: Conversão de Relatório | Sistema: Safira | Recibo: 3004001278 | Multa: R$ 5,60 | Correção: R$ 19,38 | Juros: R$ 45,72 | Total do Recibo: R$ 350,55",,"2026-07-16T16:56:48.003076+00:00","2026-08-12T14:47:42.684518+00:00","importacao_cobrancas - 16/07/2026, 13:55",,,"novo","0","0",,,"false","0","0","0","0",,,"45.72","5.6","19.38","0",,"novo","em_aberto",,,,
"bf7a338d-2739-4a86-8e7d-80091c0fcab5","f2794994-c616-4a17-9a5c-fd44aa9d906c","2b1aa7ca-91d6-44fc-b667-8fb9bfeffb53","b26454b8-33ec-449f-a1ab-9d60b586de41",,"11/2024","2024-11-11","341.38","453.35","judicializado","Origem: Conversão de Relatório | Sistema: Safira | Recibo: 3004006580 | Multa: R$ 6,83 | Correção: R$ 29,58 | Juros: R$ 75,56 | Total do Recibo: R$ 453,35",,"2026-07-16T16:56:05.884454+00:00","2026-08-12T14:47:42.684518+00:00","importacao_cobrancas - 16/07/2026, 13:55",,,"novo","0","0",,,"false","0","0","0","0",,,"75.56","6.83","29.58","0",,"judicializado","em_aberto",,,,
"c0f2e746-335a-490e-ab81-bad956195c23","f2794994-c616-4a17-9a5c-fd44aa9d906c","2b1aa7ca-91d6-44fc-b667-8fb9bfeffb53","165a25f4-808c-48c3-8006-02ef6ebd9034",,"03/2024","2024-03-25","93.27","133.57","judicializado","Origem: Conversão de Relatório | Sistema: Safira | Recibo: 3004000026 | Multa: R$ 1,87 | Correção: R$ 10,03 | Juros: R$ 28,40 | Total do Recibo: R$ 133,57",,"2026-07-16T16:55:38.032055+00:00","2026-08-12T14:47:42.684518+00:00","importacao_cobrancas - 16/07/2026, 13:55",,,"novo","0","0",,,"false","0","0","0","0",,,"28.4","1.87","10.03","0",,"judicializado","em_aberto",,,,
"c7c76458-ee58-4f96-833b-a9337b653bf8","f2794994-c616-4a17-9a5c-fd44aa9d906c","2b1aa7ca-91d6-44fc-b667-8fb9bfeffb53","443ff687-f2c9-44f4-a89b-b87d2e7fc303",,"04/2025","2025-04-10","289.03","362.04","judicializado","Origem: Conversão de Relatório | Sistema: Safira | Recibo: 3004008884 | Multa: R$ 5,78 | Correção: R$ 20,01 | Juros: R$ 47,22 | Total do Recibo: R$ 362,04",,"2026-07-16T16:57:41.80268+00:00","2026-08-12T14:47:42.684518+00:00","importacao_cobrancas - 16/07/2026, 13:55",,,"novo","0","0",,,"false","0","0","0","0",,,"47.22","5.78","20.01","0",,"judicializado","em_aberto",,,,
"ca03c2d8-ec0e-4c3e-b860-c247531f2608","f2794994-c616-4a17-9a5c-fd44aa9d906c","2b1aa7ca-91d6-44fc-b667-8fb9bfeffb53","46b292ed-5b69-4193-83b3-203fdee1dd25",,"04/2025","2025-04-10","289.03","362.04","judicializado","Origem: Conversão de Relatório | Sistema: Safira | Recibo: 3004010307 | Multa: R$ 5,78 | Correção: R$ 20,01 | Juros: R$ 47,22 | Total do Recibo: R$ 362,04",,"2026-07-16T16:58:34.099859+00:00","2026-08-12T14:47:42.684518+00:00","importacao_cobrancas - 16/07/2026, 13:55",,,"novo","0","0",,,"false","0","0","0","0",,,"47.22","5.78","20.01","0",,"judicializado","em_aberto",,,,
"cd0728f2-eeb0-4181-b88b-4952e80a3655","f2794994-c616-4a17-9a5c-fd44aa9d906c","2b1aa7ca-91d6-44fc-b667-8fb9bfeffb53","09ca8f61-a796-49c0-8f5a-e7bc2fa07ddd",,"07/2025","2025-07-29","204.83","240.66","novo","Origem: Conversão de Relatório | Sistema: Safira | Recibo: 3004008183 | Multa: R$ 4,10 | Correção: R$ 7,88 | Juros: R$ 23,85 | Total do Recibo: R$ 240,66",,"2026-07-16T16:56:54.5303+00:00","2026-08-12T14:47:42.684518+00:00","importacao_cobrancas - 16/07/2026, 13:55",,,"novo","0","0",,,"false","0","0","0","0",,,"23.85","4.1","7.88","0",,"novo","em_aberto",,,,
"cfa99af3-fb69-446c-89c8-1ae3bdfb60d3","f2794994-c616-4a17-9a5c-fd44aa9d906c","2b1aa7ca-91d6-44fc-b667-8fb9bfeffb53","09ca8f61-a796-49c0-8f5a-e7bc2fa07ddd",,"08/2025","2025-08-29","204.83","238","novo","Origem: Conversão de Relatório | Sistema: Safira | Recibo: 3004008191 | Multa: R$ 4,10 | Correção: R$ 7,43 | Juros: R$ 21,64 | Total do Recibo: R$ 238,00",,"2026-07-16T16:56:54.864591+00:00","2026-08-12T14:47:42.684518+00:00","importacao_cobrancas - 16/07/2026, 13:55",,,"novo","0","0",,,"false","0","0","0","0",,,"21.64","4.1","7.43","0",,"novo","em_aberto",,,,
"d60c93e2-4b65-42f6-ba43-9e0d8ea4fb90","f2794994-c616-4a17-9a5c-fd44aa9d906c","2b1aa7ca-91d6-44fc-b667-8fb9bfeffb53","a4a7e791-3b2d-45c2-b2f1-66588706e2e1",,"09/2024","2024-09-10","341.38","462.48","judicializado","Origem: Conversão de Relatório | Sistema: Safira | Recibo: 3004003815 | Multa: R$ 6,83 | Correção: R$ 30,87 | Juros: R$ 83,40 | Total do Recibo: R$ 462,48",,"2026-07-16T16:58:27.658081+00:00","2026-08-12T14:47:42.684518+00:00","importacao_cobrancas - 16/07/2026, 13:55",,,"novo","0","0",,,"false","0","0","0","0",,,"83.4","6.83","30.87","0",,"judicializado","em_aberto",,,,
"d82652c7-b555-479b-b2c9-f357e8e9d6cf","f2794994-c616-4a17-9a5c-fd44aa9d906c","2b1aa7ca-91d6-44fc-b667-8fb9bfeffb53","09ca8f61-a796-49c0-8f5a-e7bc2fa07ddd",,"06/2025","2025-06-30","204.83","243.35","novo","Origem: Conversão de Relatório | Sistema: Safira | Recibo: 3004008175 | Multa: R$ 4,10 | Correção: R$ 8,35 | Juros: R$ 26,07 | Total do Recibo: R$ 243,35",,"2026-07-16T16:56:54.316576+00:00","2026-08-12T14:47:42.684518+00:00","importacao_cobrancas - 16/07/2026, 13:55",,,"novo","0","0",,,"false","0","0","0","0",,,"26.07","4.1","8.35","0",,"novo","em_aberto",,,,
"da35c24a-8969-4d78-8afa-b5614532ddbf","f2794994-c616-4a17-9a5c-fd44aa9d906c","2b1aa7ca-91d6-44fc-b667-8fb9bfeffb53","09ca8f61-a796-49c0-8f5a-e7bc2fa07ddd",,"01/2025","2025-01-10","291.38","376.96","novo","Origem: Conversão de Relatório | Sistema: Safira | Recibo: 3004008116 | Multa: R$ 5,83 | Correção: R$ 22,25 | Juros: R$ 57,50 | Total do Recibo: R$ 376,96",,"2026-07-16T16:56:52.153823+00:00","2026-08-12T14:47:42.684518+00:00","importacao_cobrancas - 16/07/2026, 13:55",,,"novo","0","0",,,"false","0","0","0","0",,,"57.5","5.83","22.25","0",,"novo","em_aberto",,,,
"dd317bd3-9c41-4017-b80f-f30c876ab4fb","f2794994-c616-4a17-9a5c-fd44aa9d906c","2b1aa7ca-91d6-44fc-b667-8fb9bfeffb53","a4a7e791-3b2d-45c2-b2f1-66588706e2e1",,"12/2024","2024-12-10","341.38","446.86","judicializado","Origem: Conversão de Relatório | Sistema: Safira | Recibo: 3004003840 | Multa: R$ 6,83 | Correção: R$ 27,30 | Juros: R$ 71,35 | Total do Recibo: R$ 446,86",,"2026-07-16T16:58:28.329095+00:00","2026-08-12T14:47:42.684518+00:00","importacao_cobrancas - 16/07/2026, 13:55",,,"novo","0","0",,,"false","0","0","0","0",,,"71.35","6.83","27.3","0",,"judicializado","em_aberto",,,,
"de065c0a-2fd8-4733-9d3a-50986b807879","f2794994-c616-4a17-9a5c-fd44aa9d906c","2b1aa7ca-91d6-44fc-b667-8fb9bfeffb53","46b292ed-5b69-4193-83b3-203fdee1dd25",,"07/2025","2025-07-28","231.52","272.01","judicializado","Origem: Conversão de Relatório | Sistema: Safira | Recibo: 3004010340 | Multa: R$ 4,63 | Correção: R$ 8,90 | Juros: R$ 26,96 | Total do Recibo: R$ 272,01",,"2026-07-16T16:58:34.982883+00:00","2026-08-12T14:47:42.684518+00:00","importacao_cobrancas - 16/07/2026, 13:55",,,"novo","0","0",,,"false","0","0","0","0",,,"26.96","4.63","8.9","0",,"judicializado","em_aberto",,,,
"de145a1c-4f76-4c8e-b3b6-156fe212c51f","f2794994-c616-4a17-9a5c-fd44aa9d906c","2b1aa7ca-91d6-44fc-b667-8fb9bfeffb53","09ca8f61-a796-49c0-8f5a-e7bc2fa07ddd",,"04/2025","2025-04-29","204.83","249.66","novo","Origem: Conversão de Relatório | Sistema: Safira | Recibo: 3004008159 | Multa: R$ 4,10 | Correção: R$ 10,07 | Juros: R$ 30,66 | Total do Recibo: R$ 249,66",,"2026-07-16T16:56:53.486327+00:00","2026-08-12T14:47:42.684518+00:00","importacao_cobrancas - 16/07/2026, 13:55",,,"novo","0","0",,,"false","0","0","0","0",,,"30.66","4.1","10.07","0",,"novo","em_aberto",,,,
"e0bf6a90-51f8-484e-9822-6817709b2146","f2794994-c616-4a17-9a5c-fd44aa9d906c","2b1aa7ca-91d6-44fc-b667-8fb9bfeffb53","09ca8f61-a796-49c0-8f5a-e7bc2fa07ddd",,"02/2025","2025-02-28","204.83","258.81","novo","Origem: Conversão de Relatório | Sistema: Safira | Recibo: 3004008132 | Multa: R$ 4,10 | Correção: R$ 14,18 | Juros: R$ 35,70 | Total do Recibo: R$ 258,81",,"2026-07-16T16:56:52.595591+00:00","2026-08-12T14:47:42.684518+00:00","importacao_cobrancas - 16/07/2026, 13:55",,,"novo","0","0",,,"false","0","0","0","0",,,"35.7","4.1","14.18","0",,"novo","em_aberto",,,,
"e1acaa5f-0195-412f-86b9-b23f8557a5ee","f2794994-c616-4a17-9a5c-fd44aa9d906c","2b1aa7ca-91d6-44fc-b667-8fb9bfeffb53","a4a095f0-be83-4620-8532-a5a04540b0e0",,"04/2024","2024-04-10","291.38","417.23","judicializado","Origem: Conversão de Relatório | Sistema: Safira | Recibo: 3004005230 | Multa: R$ 5,83 | Correção: R$ 31,32 | Juros: R$ 88,70 | Total do Recibo: R$ 417,23",,"2026-07-16T16:59:13.993544+00:00","2026-08-12T14:47:42.684518+00:00","importacao_cobrancas - 16/07/2026, 13:55",,,"novo","0","0",,,"false","0","0","0","0",,,"88.7","5.83","31.32","0",,"judicializado","em_aberto",,,,
"e22bb5c5-8f43-4a5d-b725-0198d62c3ab3","f2794994-c616-4a17-9a5c-fd44aa9d906c","2b1aa7ca-91d6-44fc-b667-8fb9bfeffb53","4f91ff3d-99ef-474b-82a6-ae22aa13d5b6",,"02/2025","2025-02-10","279.85","357.26","novo","Origem: Conversão de Relatório | Sistema: Safira | Recibo: 3004001251 | Multa: R$ 5,60 | Correção: R$ 19,90 | Juros: R$ 51,91 | Total do Recibo: R$ 357,26",,"2026-07-16T16:56:47.565142+00:00","2026-08-12T14:47:42.684518+00:00","importacao_cobrancas - 16/07/2026, 13:55",,,"novo","0","0",,,"false","0","0","0","0",,,"51.91","5.6","19.9","0",,"novo","em_aberto",,,,
"e28e71ff-dd6b-4684-b756-66bc8849b518","f2794994-c616-4a17-9a5c-fd44aa9d906c","2b1aa7ca-91d6-44fc-b667-8fb9bfeffb53","a4a7e791-3b2d-45c2-b2f1-66588706e2e1",,"02/2025","2025-02-10","279.85","357.26","judicializado","Origem: Conversão de Relatório | Sistema: Safira | Recibo: 3004003866 | Multa: R$ 5,60 | Correção: R$ 19,90 | Juros: R$ 51,91 | Total do Recibo: R$ 357,26",,"2026-07-16T16:58:28.813742+00:00","2026-08-12T14:47:42.684518+00:00","importacao_cobrancas - 16/07/2026, 13:55",,,"novo","0","0",,,"false","0","0","0","0",,,"51.91","5.6","19.9","0",,"judicializado","em_aberto",,,,
"e2ea606b-7fd0-47a0-8ef4-733c4a6d0218","f2794994-c616-4a17-9a5c-fd44aa9d906c","2b1aa7ca-91d6-44fc-b667-8fb9bfeffb53","46b292ed-5b69-4193-83b3-203fdee1dd25",,"01/2025","2025-01-27","231.52","295.55","judicializado","Origem: Conversão de Relatório | Sistema: Safira | Recibo: 3004010250 | Multa: R$ 4,63 | Correção: R$ 16,46 | Juros: R$ 42,94 | Total do Recibo: R$ 295,55",,"2026-07-16T16:58:32.971434+00:00","2026-08-12T14:47:42.684518+00:00","importacao_cobrancas - 16/07/2026, 13:55",,,"novo","0","0",,,"false","0","0","0","0",,,"42.94","4.63","16.46","0",,"judicializado","em_aberto",,,,
"f7653235-ac59-46e2-8176-f2df986192f9","f2794994-c616-4a17-9a5c-fd44aa9d906c","2b1aa7ca-91d6-44fc-b667-8fb9bfeffb53","09ca8f61-a796-49c0-8f5a-e7bc2fa07ddd",,"01/2025","2025-01-29","204.79","261.44","novo","Origem: Conversão de Relatório | Sistema: Safira | Recibo: 3004008124 | Multa: R$ 4,10 | Correção: R$ 14,56 | Juros: R$ 37,99 | Total do Recibo: R$ 261,44",,"2026-07-16T16:56:52.37935+00:00","2026-08-12T14:47:42.684518+00:00","importacao_cobrancas - 16/07/2026, 13:55",,,"novo","0","0",,,"false","0","0","0","0",,,"37.99","4.1","14.56","0",,"novo","em_aberto",,,,
"f7a88ad5-2732-4392-afe4-9bec9204cbe0","f2794994-c616-4a17-9a5c-fd44aa9d906c","2b1aa7ca-91d6-44fc-b667-8fb9bfeffb53","09ca8f61-a796-49c0-8f5a-e7bc2fa07ddd",,"05/2025","2025-05-12","561.16","683.97","novo","Origem: Conversão de Relatório | Sistema: Safira | Recibo: 3004001332 | Multa: R$ 11,22 | Correção: R$ 27,59 | Juros: R$ 84,00 | Total do Recibo: R$ 683,97",,"2026-07-16T16:56:53.676237+00:00","2026-08-12T14:47:42.684518+00:00","importacao_cobrancas - 16/07/2026, 13:55",,,"novo","0","0",,,"false","0","0","0","0",,,"84","11.22","27.59","0",,"novo","em_aberto",,,,
"ff3e4e6e-16b0-42ab-99d5-dffa777e52f9","f2794994-c616-4a17-9a5c-fd44aa9d906c","2b1aa7ca-91d6-44fc-b667-8fb9bfeffb53","4f91ff3d-99ef-474b-82a6-ae22aa13d5b6",,"12/2024","2024-12-10","341.38","446.86","suspenso","Origem: Conversão de Relatório | Sistema: Safira | Recibo: 3004001235 | Multa: R$ 6,83 | Correção: R$ 27,30 | Juros: R$ 71,35 | Total do Recibo: R$ 446,86",,"2026-07-16T16:56:47.136869+00:00","2026-08-12T14:47:42.684518+00:00","importacao_cobrancas - 16/07/2026, 13:55",,,"novo","0","0",,,"false","0","0","0","0",,,"71.35","6.83","27.3","0",,"suspenso","em_aberto",,,,
"001d8364-e58f-4480-aba6-6387a5cb00ed","f2794994-c616-4a17-9a5c-fd44aa9d906c","2b1aa7ca-91d6-44fc-b667-8fb9bfeffb53","165a25f4-808c-48c3-8006-02ef6ebd9034",,"02/2025","2025-02-10","279.85","357.26","judicializado","Origem: Conversão de Relatório | Sistema: Safira | Recibo: 3004000131 | Multa: R$ 5,60 | Correção: R$ 19,90 | Juros: R$ 51,91 | Total do Recibo: R$ 357,26",,"2026-07-16T16:55:42.064976+00:00","2026-08-12T14:47:42.684518+00:00","importacao_cobrancas - 16/07/2026, 13:55",,,"novo","0","0",,,"false","0","0","0","0",,,"51.91","5.6","19.9","0",,"judicializado","em_aberto",,,,
"004cd3ee-9011-4794-8e16-532011f9a36b","f2794994-c616-4a17-9a5c-fd44aa9d906c","2b1aa7ca-91d6-44fc-b667-8fb9bfeffb53","c32c8041-ee02-48bd-a082-31dd4a335140",,"01/2025","2025-01-10","300.95","389.33","judicializado","Origem: Conversão de Relatório | Sistema: Safira | Recibo: 3004002231 | Multa: R$ 6,02 | Correção: R$ 22,97 | Juros: R$ 59,39 | Total do Recibo: R$ 389,33",,"2026-07-16T16:57:31.942107+00:00","2026-08-12T14:47:42.684518+00:00","importacao_cobrancas - 16/07/2026, 13:55",,,"novo","0","0",,,"false","0","0","0","0",,,"59.39","6.02","22.97","0",,"judicializado","em_aberto",,,,
"004eb812-5c03-4b74-ab30-edfeea23b925","f2794994-c616-4a17-9a5c-fd44aa9d906c","2b1aa7ca-91d6-44fc-b667-8fb9bfeffb53","c32c8041-ee02-48bd-a082-31dd4a335140",,"06/2024","2024-06-10","350.95","491.88","judicializado","Origem: Conversão de Relatório | Sistema: Safira | Recibo: 3004002169 | Multa: R$ 7,02 | Correção: R$ 35,53 | Juros: R$ 98,38 | Total do Recibo: R$ 491,88",,"2026-07-16T16:57:30.471285+00:00","2026-08-12T14:47:42.684518+00:00","importacao_cobrancas - 16/07/2026, 13:55",,,"novo","0","0",,,"false","0","0","0","0",,,"98.38","7.02","35.53","0",,"judicializado","em_aberto",,,,
"04f706c0-eece-44f6-bb19-1ee973cd5253","f2794994-c616-4a17-9a5c-fd44aa9d906c","2b1aa7ca-91d6-44fc-b667-8fb9bfeffb53","80831fd7-c781-4377-b472-d62d6d5cf239",,"02/2025","2025-02-10","279.85","357.26","novo","Origem: Conversão de Relatório | Sistema: Safira | Recibo: 3004002983 | Multa: R$ 5,60 | Correção: R$ 19,90 | Juros: R$ 51,91 | Total do Recibo: R$ 357,26",,"2026-07-16T16:57:48.009971+00:00","2026-08-12T14:47:42.684518+00:00","importacao_cobrancas - 16/07/2026, 13:55",,,"novo","0","0",,,"false","0","0","0","0",,,"51.91","5.6","19.9","0",,"novo","em_aberto",,,,
"084763c0-06ff-4ca6-af70-19e5bec0fa70","f2794994-c616-4a17-9a5c-fd44aa9d906c","2b1aa7ca-91d6-44fc-b667-8fb9bfeffb53","80831fd7-c781-4377-b472-d62d6d5cf239",,"01/2025","2025-01-10","291.38","376.96","novo","Origem: Conversão de Relatório | Sistema: Safira | Recibo: 3004002975 | Multa: R$ 5,83 | Correção: R$ 22,25 | Juros: R$ 57,50 | Total do Recibo: R$ 376,96",,"2026-07-16T16:57:47.793212+00:00","2026-08-12T14:47:42.684518+00:00","importacao_cobrancas - 16/07/2026, 13:55",,,"novo","0","0",,,"false","0","0","0","0",,,"57.5","5.83","22.25","0",,"novo","em_aberto",,,,
"09a18ae4-01e3-4db3-a588-f0019daa1bf7","f2794994-c616-4a17-9a5c-fd44aa9d906c","2b1aa7ca-91d6-44fc-b667-8fb9bfeffb53","86070e69-9a3b-4206-aa1a-7aee35af07c6",,"12/2024","2024-12-10","341.38","446.86","suspenso","Origem: Conversão de Relatório | Sistema: Safira | Recibo: 3004002851 | Multa: R$ 6,83 | Correção: R$ 27,30 | Juros: R$ 71,35 | Total do Recibo: R$ 446,86",,"2026-07-16T16:57:44.036003+00:00","2026-08-12T14:47:42.684518+00:00","importacao_cobrancas - 16/07/2026, 13:55",,,"novo","0","0",,,"false","0","0","0","0",,,"71.35","6.83","27.3","0",,"suspenso","em_aberto",,,,
"0d0a4cb7-36ce-4a39-8bbf-afea1ac8d438","f2794994-c616-4a17-9a5c-fd44aa9d906c","2b1aa7ca-91d6-44fc-b667-8fb9bfeffb53","a4a095f0-be83-4620-8532-a5a04540b0e0",,"07/2024","2024-07-10","504.17","697.74","judicializado","Origem: Conversão de Relatório | Sistema: Safira | Recibo: 3004005265 | Multa: R$ 10,08 | Correção: R$ 48,44 | Juros: R$ 135,05 | Total do Recibo: R$ 697,74",,"2026-07-16T16:59:14.682352+00:00","2026-08-12T14:47:42.684518+00:00","importacao_cobrancas - 16/07/2026, 13:55",,,"novo","0","0",,,"false","0","0","0","0",,,"135.05","10.08","48.44","0",,"judicializado","em_aberto",,,,
"0d368eff-9ce9-460d-9601-82faab8bc74f","f2794994-c616-4a17-9a5c-fd44aa9d906c","2b1aa7ca-91d6-44fc-b667-8fb9bfeffb53","c32c8041-ee02-48bd-a082-31dd4a335140",,"04/2024","2024-04-10","300.95","430.94","judicializado","Origem: Conversão de Relatório | Sistema: Safira | Recibo: 3004002142 | Multa: R$ 6,02 | Correção: R$ 32,35 | Juros: R$ 91,62 | Total do Recibo: R$ 430,94",,"2026-07-16T16:57:30.030835+00:00","2026-08-12T14:47:42.684518+00:00","importacao_cobrancas - 16/07/2026, 13:55",,,"novo","0","0",,,"false","0","0","0","0",,,"91.62","6.02","32.35","0",,"judicializado","em_aberto",,,,
"0e1ca585-7b92-4659-aad6-b9683b627163","f2794994-c616-4a17-9a5c-fd44aa9d906c","2b1aa7ca-91d6-44fc-b667-8fb9bfeffb53","1361789c-31ff-446e-a660-8e7c5d05a182",,"04/2024","2024-04-10","291.38","417.23","judicializado","Origem: Conversão de Relatório | Sistema: Safira | Recibo: 3004000514 | Multa: R$ 5,83 | Correção: R$ 31,32 | Juros: R$ 88,70 | Total do Recibo: R$ 417,23",,"2026-07-16T16:56:15.23627+00:00","2026-08-12T14:47:42.684518+00:00","importacao_cobrancas - 16/07/2026, 13:55",,,"novo","0","0",,,"false","0","0","0","0",,,"88.7","5.83","31.32","0",,"judicializado","em_aberto",,,,
"0f0f341d-a76e-43b2-bb4f-2d25c3fef63a","f2794994-c616-4a17-9a5c-fd44aa9d906c","2b1aa7ca-91d6-44fc-b667-8fb9bfeffb53","165a25f4-808c-48c3-8006-02ef6ebd9034",,"11/2024","2024-11-11","341.38","453.35","judicializado","Origem: Conversão de Relatório | Sistema: Safira | Recibo: 3004000107 | Multa: R$ 6,83 | Correção: R$ 29,58 | Juros: R$ 75,56 | Total do Recibo: R$ 453,35",,"2026-07-16T16:55:40.860481+00:00","2026-08-12T14:47:42.684518+00:00","importacao_cobrancas - 16/07/2026, 13:55",,,"novo","0","0",,,"false","0","0","0","0",,,"75.56","6.83","29.58","0",,"judicializado","em_aberto",,,,
"11ce3a82-a33d-4a63-ae36-4eb254ec4c82","f2794994-c616-4a17-9a5c-fd44aa9d906c","2b1aa7ca-91d6-44fc-b667-8fb9bfeffb53","165a25f4-808c-48c3-8006-02ef6ebd9034",,"12/2024","2024-12-10","341.38","446.86","judicializado","Origem: Conversão de Relatório | Sistema: Safira | Recibo: 3004000115 | Multa: R$ 6,83 | Correção: R$ 27,30 | Juros: R$ 71,35 | Total do Recibo: R$ 446,86",,"2026-07-16T16:55:41.468606+00:00","2026-08-12T14:47:42.684518+00:00","importacao_cobrancas - 16/07/2026, 13:55",,,"novo","0","0",,,"false","0","0","0","0",,,"71.35","6.83","27.3","0",,"judicializado","em_aberto",,,,
"14c5df29-6d48-400b-9e58-c28cdf76ee6a","f2794994-c616-4a17-9a5c-fd44aa9d906c","2b1aa7ca-91d6-44fc-b667-8fb9bfeffb53","47cbbdf1-21f0-4dc3-9933-020245146465",,"12/2024","2024-12-10","350.95","459.38","suspenso","Origem: Conversão de Relatório | Sistema: Safira | Recibo: 3004007187 | Multa: R$ 7,02 | Correção: R$ 28,06 | Juros: R$ 73,35 | Total do Recibo: R$ 459,38",,"2026-07-16T16:56:12.912322+00:00","2026-08-12T14:47:42.684518+00:00","importacao_cobrancas - 16/07/2026, 13:55",,,"novo","0","0",,,"false","0","0","0","0",,,"73.35","7.02","28.06","0",,"suspenso","em_aberto",,,,
"151963a2-2ce7-4968-95eb-83a89c94435f","f2794994-c616-4a17-9a5c-fd44aa9d906c","2b1aa7ca-91d6-44fc-b667-8fb9bfeffb53","a4a095f0-be83-4620-8532-a5a04540b0e0",,"11/2024","2024-11-11","341.38","453.35","judicializado","Origem: Conversão de Relatório | Sistema: Safira | Recibo: 3004005303 | Multa: R$ 6,83 | Correção: R$ 29,58 | Juros: R$ 75,56 | Total do Recibo: R$ 453,35",,"2026-07-16T16:59:15.541726+00:00","2026-08-12T14:47:42.684518+00:00","importacao_cobrancas - 16/07/2026, 13:55",,,"novo","0","0",,,"false","0","0","0","0",,,"75.56","6.83","29.58","0",,"judicializado","em_aberto",,,,
"23315ade-03f1-4193-bf44-7266cb557cee","f2794994-c616-4a17-9a5c-fd44aa9d906c","2b1aa7ca-91d6-44fc-b667-8fb9bfeffb53","a4a095f0-be83-4620-8532-a5a04540b0e0",,"03/2025","2025-03-10","279.85","353.6","judicializado","Origem: Conversão de Relatório | Sistema: Safira | Recibo: 3004005346 | Multa: R$ 5,60 | Correção: R$ 19,38 | Juros: R$ 48,77 | Total do Recibo: R$ 353,60",,"2026-07-16T16:59:16.449339+00:00","2026-08-12T14:47:42.684518+00:00","importacao_cobrancas - 16/07/2026, 13:55",,,"novo","0","0",,,"false","0","0","0","0",,,"48.77","5.6","19.38","0",,"judicializado","em_aberto",,,,
"24a1195a-2683-45fe-8360-4b49d08f97a9","f2794994-c616-4a17-9a5c-fd44aa9d906c","2b1aa7ca-91d6-44fc-b667-8fb9bfeffb53","2d698c19-e41a-457f-829f-1c9ad5db9ed4",,"06/2024","2024-06-10","350.95","491.88","suspenso","Origem: Conversão de Relatório | Sistema: Safira | Recibo: 3004004072 | Multa: R$ 7,02 | Correção: R$ 35,53 | Juros: R$ 98,38 | Total do Recibo: R$ 491,88",,"2026-07-16T16:58:36.75025+00:00","2026-08-12T14:47:42.684518+00:00","importacao_cobrancas - 16/07/2026, 13:55",,,"novo","0","0",,,"false","0","0","0","0",,,"98.38","7.02","35.53","0",,"suspenso","em_aberto",,,,
"25b06c40-066f-414b-a9c8-fb915061a1cf","f2794994-c616-4a17-9a5c-fd44aa9d906c","2b1aa7ca-91d6-44fc-b667-8fb9bfeffb53","2d698c19-e41a-457f-829f-1c9ad5db9ed4",,"05/2024","2024-05-10","350.95","497.64","suspenso","Origem: Conversão de Relatório | Sistema: Safira | Recibo: 3004004064 | Multa: R$ 7,02 | Correção: R$ 36,98 | Juros: R$ 102,69 | Total do Recibo: R$ 497,64",,"2026-07-16T16:58:36.49636+00:00","2026-08-12T14:47:42.684518+00:00","importacao_cobrancas - 16/07/2026, 13:55",,,"novo","0","0",,,"false","0","0","0","0",,,"102.69","7.02","36.98","0",,"suspenso","em_aberto",,,,
"2a20ebad-92e8-4d04-8d10-5c6b55487d0f","f2794994-c616-4a17-9a5c-fd44aa9d906c","2b1aa7ca-91d6-44fc-b667-8fb9bfeffb53","80831fd7-c781-4377-b472-d62d6d5cf239",,"04/2025","2025-04-10","279.85","350.55","novo","Origem: Conversão de Relatório | Sistema: Safira | Recibo: 3004003009 | Multa: R$ 5,60 | Correção: R$ 19,38 | Juros: R$ 45,72 | Total do Recibo: R$ 350,55",,"2026-07-16T16:57:48.415487+00:00","2026-08-12T14:47:42.684518+00:00","importacao_cobrancas - 16/07/2026, 13:55",,,"novo","0","0",,,"false","0","0","0","0",,,"45.72","5.6","19.38","0",,"novo","em_aberto",,,,
"40eb7904-4909-4c6b-a404-611977328696","f2794994-c616-4a17-9a5c-fd44aa9d906c","2b1aa7ca-91d6-44fc-b667-8fb9bfeffb53","86070e69-9a3b-4206-aa1a-7aee35af07c6",,"02/2025","2025-02-10","279.85","357.26","novo","Origem: Conversão de Relatório | Sistema: Safira | Recibo: 3004002878 | Multa: R$ 5,60 | Correção: R$ 19,90 | Juros: R$ 51,91 | Total do Recibo: R$ 357,26",,"2026-07-16T16:57:44.442632+00:00","2026-08-12T14:47:42.684518+00:00","importacao_cobrancas - 16/07/2026, 13:55",,,"novo","0","0",,,"false","0","0","0","0",,,"51.91","5.6","19.9","0",,"novo","em_aberto",,,,
"437e5c8e-6ee0-4b4d-868c-33301e534c18","f2794994-c616-4a17-9a5c-fd44aa9d906c","2b1aa7ca-91d6-44fc-b667-8fb9bfeffb53","47cbbdf1-21f0-4dc3-9933-020245146465",,"05/2025","2025-05-19","232.43","279.62","novo","Origem: Conversão de Relatório | Sistema: Safira | Recibo: 3004000484 | Multa: R$ 4,65 | Correção: R$ 10,37 | Juros: R$ 32,17 | Total do Recibo: R$ 279,62",,"2026-07-16T16:56:14.413987+00:00","2026-08-12T14:47:42.684518+00:00","importacao_cobrancas - 16/07/2026, 13:55",,,"novo","0","0",,,"false","0","0","0","0",,,"32.17","4.65","10.37","0",,"novo","em_aberto",,,,
"4a4fad62-03d9-4f3a-b7b6-0b539dc58864","f2794994-c616-4a17-9a5c-fd44aa9d906c","2b1aa7ca-91d6-44fc-b667-8fb9bfeffb53","a4a095f0-be83-4620-8532-a5a04540b0e0",,"08/2024","2024-08-12","341.38","467.47","judicializado","Origem: Conversão de Relatório | Sistema: Safira | Recibo: 3004005273 | Multa: R$ 6,83 | Correção: R$ 31,85 | Juros: R$ 87,41 | Total do Recibo: R$ 467,47",,"2026-07-16T16:59:14.900485+00:00","2026-08-12T14:47:42.684518+00:00","importacao_cobrancas - 16/07/2026, 13:55",,,"novo","0","0",,,"false","0","0","0","0",,,"87.41","6.83","31.85","0",,"judicializado","em_aberto",,,,
"4c9550d6-46d5-4cb7-93ad-0c5d023fcf35","f2794994-c616-4a17-9a5c-fd44aa9d906c","2b1aa7ca-91d6-44fc-b667-8fb9bfeffb53","c06708a7-29f4-4d96-84bb-f722332131d8",,"05/2025","2025-05-28","142.07","170.9","novo","Origem: Conversão de Relatório | Sistema: Safira | Recibo: 3004003050 | Multa: R$ 2,84 | Correção: R$ 6,33 | Juros: R$ 19,66 | Total do Recibo: R$ 170,90",,"2026-07-16T16:57:51.597533+00:00","2026-08-12T14:47:42.684518+00:00","importacao_cobrancas - 16/07/2026, 13:55",,,"novo","0","0",,,"false","0","0","0","0",,,"19.66","2.84","6.33","0",,"novo","em_aberto",,,,
"4d70186f-baee-47ab-bb43-9c76bfe7eccd","f2794994-c616-4a17-9a5c-fd44aa9d906c","2b1aa7ca-91d6-44fc-b667-8fb9bfeffb53","a4a095f0-be83-4620-8532-a5a04540b0e0",,"01/2025","2025-01-10","291.38","376.96","judicializado","Origem: Conversão de Relatório | Sistema: Safira | Recibo: 3004005320 | Multa: R$ 5,83 | Correção: R$ 22,25 | Juros: R$ 57,50 | Total do Recibo: R$ 376,96",,"2026-07-16T16:59:15.957961+00:00","2026-08-12T14:47:42.684518+00:00","importacao_cobrancas - 16/07/2026, 13:55",,,"novo","0","0",,,"false","0","0","0","0",,,"57.5","5.83","22.25","0",,"judicializado","em_aberto",,,,
"52bd0be1-2728-4901-b40a-93a86b9b7395","f2794994-c616-4a17-9a5c-fd44aa9d906c","2b1aa7ca-91d6-44fc-b667-8fb9bfeffb53","c32c8041-ee02-48bd-a082-31dd4a335140",,"07/2024","2024-07-10","350.95","485.7","judicializado","Origem: Conversão de Relatório | Sistema: Safira | Recibo: 3004002177 | Multa: R$ 7,02 | Correção: R$ 33,72 | Juros: R$ 94,01 | Total do Recibo: R$ 485,70",,"2026-07-16T16:57:30.688571+00:00","2026-08-12T14:47:42.684518+00:00","importacao_cobrancas - 16/07/2026, 13:55",,,"novo","0","0",,,"false","0","0","0","0",,,"94.01","7.02","33.72","0",,"judicializado","em_aberto",,,,
"52fecc38-10bd-4a5d-9e22-730f243707e7","f2794994-c616-4a17-9a5c-fd44aa9d906c","2b1aa7ca-91d6-44fc-b667-8fb9bfeffb53","165a25f4-808c-48c3-8006-02ef6ebd9034",,"08/2024","2024-08-12","341.38","467.47","judicializado","Origem: Conversão de Relatório | Sistema: Safira | Recibo: 3004000077 | Multa: R$ 6,83 | Correção: R$ 31,85 | Juros: R$ 87,41 | Total do Recibo: R$ 467,47",,"2026-07-16T16:55:40.049584+00:00","2026-08-12T14:47:42.684518+00:00","importacao_cobrancas - 16/07/2026, 13:55",,,"novo","0","0",,,"false","0","0","0","0",,,"87.41","6.83","31.85","0",,"judicializado","em_aberto",,,,
"56c79285-082c-440c-81a1-03d4593ca020","f2794994-c616-4a17-9a5c-fd44aa9d906c","2b1aa7ca-91d6-44fc-b667-8fb9bfeffb53","c06708a7-29f4-4d96-84bb-f722332131d8",,"01/2025","2025-01-10","300.95","389.33","novo","Origem: Conversão de Relatório | Sistema: Safira | Recibo: 3004008930 | Multa: R$ 6,02 | Correção: R$ 22,97 | Juros: R$ 59,39 | Total do Recibo: R$ 389,33",,"2026-07-16T16:57:50.556115+00:00","2026-08-12T14:47:42.684518+00:00","importacao_cobrancas - 16/07/2026, 13:55",,,"novo","0","0",,,"false","0","0","0","0",,,"59.39","6.02","22.97","0",,"novo","em_aberto",,,,
"571fde09-1026-45cd-9498-5d268fdeae21","f2794994-c616-4a17-9a5c-fd44aa9d906c","2b1aa7ca-91d6-44fc-b667-8fb9bfeffb53","c48a979a-49c0-40eb-b8ee-08a6c201eb65",,"09/2024","2024-09-10","350.95","475.43","judicializado","Origem: Conversão de Relatório | Sistema: Safira | Recibo: 3004003475 | Multa: R$ 7,02 | Correção: R$ 31,73 | Juros: R$ 85,73 | Total do Recibo: R$ 475,43",,"2026-07-16T16:58:13.495635+00:00","2026-08-12T14:47:42.684518+00:00","importacao_cobrancas - 16/07/2026, 13:55",,,"novo","0","0",,,"false","0","0","0","0",,,"85.73","7.02","31.73","0",,"judicializado","em_aberto",,,,
"5850d7f8-ced6-45c5-b4d9-dd25384483e9","f2794994-c616-4a17-9a5c-fd44aa9d906c","2b1aa7ca-91d6-44fc-b667-8fb9bfeffb53","c32c8041-ee02-48bd-a082-31dd4a335140",,"12/2024","2024-12-10","350.95","459.38","judicializado","Origem: Conversão de Relatório | Sistema: Safira | Recibo: 3004002223 | Multa: R$ 7,02 | Correção: R$ 28,06 | Juros: R$ 73,35 | Total do Recibo: R$ 459,38",,"2026-07-16T16:57:31.741954+00:00","2026-08-12T14:47:42.684518+00:00","importacao_cobrancas - 16/07/2026, 13:55",,,"novo","0","0",,,"false","0","0","0","0",,,"73.35","7.02","28.06","0",,"judicializado","em_aberto",,,,
"5a526c46-274f-4e81-9ea1-4ce15de6946a","f2794994-c616-4a17-9a5c-fd44aa9d906c","2b1aa7ca-91d6-44fc-b667-8fb9bfeffb53","c48a979a-49c0-40eb-b8ee-08a6c201eb65",,"03/2025","2025-03-10","289.03","365.19","judicializado","Origem: Conversão de Relatório | Sistema: Safira | Recibo: 3004003530 | Multa: R$ 5,78 | Correção: R$ 20,01 | Juros: R$ 50,37 | Total do Recibo: R$ 365,19",,"2026-07-16T16:58:14.781047+00:00","2026-08-12T14:47:42.684518+00:00","importacao_cobrancas - 16/07/2026, 13:55",,,"novo","0","0",,,"false","0","0","0","0",,,"50.37","5.78","20.01","0",,"judicializado","em_aberto",,,,
"5cbb9f4a-838c-478e-a750-b612973dad60","f2794994-c616-4a17-9a5c-fd44aa9d906c","2b1aa7ca-91d6-44fc-b667-8fb9bfeffb53","165a25f4-808c-48c3-8006-02ef6ebd9034",,"09/2024","2024-09-10","341.38","462.48","judicializado","Origem: Conversão de Relatório | Sistema: Safira | Recibo: 3004000085 | Multa: R$ 6,83 | Correção: R$ 30,87 | Juros: R$ 83,40 | Total do Recibo: R$ 462,48",,"2026-07-16T16:55:40.275639+00:00","2026-08-12T14:47:42.684518+00:00","importacao_cobrancas - 16/07/2026, 13:55",,,"novo","0","0",,,"false","0","0","0","0",,,"83.4","6.83","30.87","0",,"judicializado","em_aberto",,,,
"5cbcf7bf-7ac1-4874-afe9-b33f55bc7149","f2794994-c616-4a17-9a5c-fd44aa9d906c","2b1aa7ca-91d6-44fc-b667-8fb9bfeffb53","47cbbdf1-21f0-4dc3-9933-020245146465",,"06/2025","2025-06-17","232.43","276.15","novo","Origem: Conversão de Relatório | Sistema: Safira | Recibo: 3004000492 | Multa: R$ 4,65 | Correção: R$ 9,48 | Juros: R$ 29,59 | Total do Recibo: R$ 276,15",,"2026-07-16T16:56:14.605949+00:00","2026-08-12T14:47:42.684518+00:00","importacao_cobrancas - 16/07/2026, 13:55",,,"novo","0","0",,,"false","0","0","0","0",,,"29.59","4.65","9.48","0",,"novo","em_aberto",,,,
"5f56aa20-3219-42dc-8891-d836bbdabd7e","f2794994-c616-4a17-9a5c-fd44aa9d906c","2b1aa7ca-91d6-44fc-b667-8fb9bfeffb53","a4a095f0-be83-4620-8532-a5a04540b0e0",,"10/2024","2024-10-10","341.38","459.33","judicializado","Origem: Conversão de Relatório | Sistema: Safira | Recibo: 3004005290 | Multa: R$ 6,83 | Correção: R$ 31,40 | Juros: R$ 79,72 | Total do Recibo: R$ 459,33",,"2026-07-16T16:59:15.315729+00:00","2026-08-12T14:47:42.684518+00:00","importacao_cobrancas - 16/07/2026, 13:55",,,"novo","0","0",,,"false","0","0","0","0",,,"79.72","6.83","31.4","0",,"judicializado","em_aberto",,,,
"5f750cff-8621-4763-9f71-7eb5ad5e845f","f2794994-c616-4a17-9a5c-fd44aa9d906c","2b1aa7ca-91d6-44fc-b667-8fb9bfeffb53","c06708a7-29f4-4d96-84bb-f722332131d8",,"11/2024","2024-11-11","350.95","466.07","suspenso","Origem: Conversão de Relatório | Sistema: Safira | Recibo: 3004008914 | Multa: R$ 7,02 | Correção: R$ 30,42 | Juros: R$ 77,68 | Total do Recibo: R$ 466,07",,"2026-07-16T16:57:50.135847+00:00","2026-08-12T14:47:42.684518+00:00","importacao_cobrancas - 16/07/2026, 13:55",,,"novo","0","0",,,"false","0","0","0","0",,,"77.68","7.02","30.42","0",,"suspenso","em_aberto",,,,
"5fb47513-b671-4efe-a12c-9d423704acc6","f2794994-c616-4a17-9a5c-fd44aa9d906c","2b1aa7ca-91d6-44fc-b667-8fb9bfeffb53","c48a979a-49c0-40eb-b8ee-08a6c201eb65",,"08/2024","2024-08-12","350.95","480.57","judicializado","Origem: Conversão de Relatório | Sistema: Safira | Recibo: 3004003467 | Multa: R$ 7,02 | Correção: R$ 32,74 | Juros: R$ 89,86 | Total do Recibo: R$ 480,57",,"2026-07-16T16:58:13.26006+00:00","2026-08-12T14:47:42.684518+00:00","importacao_cobrancas - 16/07/2026, 13:55",,,"novo","0","0",,,"false","0","0","0","0",,,"89.86","7.02","32.74","0",,"judicializado","em_aberto",,,,
"6002210e-fcdd-4d6c-9d79-69d919b312c4","f2794994-c616-4a17-9a5c-fd44aa9d906c","2b1aa7ca-91d6-44fc-b667-8fb9bfeffb53","47cbbdf1-21f0-4dc3-9933-020245146465",,"11/2024","2024-11-11","350.95","466.07","suspenso","Origem: Conversão de Relatório | Sistema: Safira | Recibo: 3004007179 | Multa: R$ 7,02 | Correção: R$ 30,42 | Juros: R$ 77,68 | Total do Recibo: R$ 466,07",,"2026-07-16T16:56:12.709579+00:00","2026-08-12T14:47:42.684518+00:00","importacao_cobrancas - 16/07/2026, 13:55",,,"novo","0","0",,,"false","0","0","0","0",,,"77.68","7.02","30.42","0",,"suspenso","em_aberto",,,,
"60116859-577b-45e9-8876-90bf5ac260a5","f2794994-c616-4a17-9a5c-fd44aa9d906c","2b1aa7ca-91d6-44fc-b667-8fb9bfeffb53","c06708a7-29f4-4d96-84bb-f722332131d8",,"04/2025","2025-04-28","139.06","169.48","novo","Origem: Conversão de Relatório | Sistema: Safira | Recibo: 3004003033 | Multa: R$ 2,78 | Correção: R$ 6,83 | Juros: R$ 20,81 | Total do Recibo: R$ 169,48",,"2026-07-16T16:57:51.185443+00:00","2026-08-12T14:47:42.684518+00:00","importacao_cobrancas - 16/07/2026, 13:55",,,"novo","0","0",,,"false","0","0","0","0",,,"20.81","2.78","6.83","0",,"novo","em_aberto",,,,
"61469787-2427-4c2b-b80d-a0ae0e3dad36","f2794994-c616-4a17-9a5c-fd44aa9d906c","2b1aa7ca-91d6-44fc-b667-8fb9bfeffb53","c48a979a-49c0-40eb-b8ee-08a6c201eb65",,"05/2025","2025-05-12","289.03","352.28","judicializado","Origem: Conversão de Relatório | Sistema: Safira | Recibo: 3004003556 | Multa: R$ 5,78 | Correção: R$ 14,21 | Juros: R$ 43,26 | Total do Recibo: R$ 352,28",,"2026-07-16T16:58:15.188114+00:00","2026-08-12T14:47:42.684518+00:00","importacao_cobrancas - 16/07/2026, 13:55",,,"novo","0","0",,,"false","0","0","0","0",,,"43.26","5.78","14.21","0",,"judicializado","em_aberto",,,,
"62e77043-4193-46c5-8e52-42b25f43b24b","f2794994-c616-4a17-9a5c-fd44aa9d906c","2b1aa7ca-91d6-44fc-b667-8fb9bfeffb53","86070e69-9a3b-4206-aa1a-7aee35af07c6",,"01/2025","2025-01-10","291.38","376.96","novo","Origem: Conversão de Relatório | Sistema: Safira | Recibo: 3004002860 | Multa: R$ 5,83 | Correção: R$ 22,25 | Juros: R$ 57,50 | Total do Recibo: R$ 376,96",,"2026-07-16T16:57:44.238953+00:00","2026-08-12T14:47:42.684518+00:00","importacao_cobrancas - 16/07/2026, 13:55",,,"novo","0","0",,,"false","0","0","0","0",,,"57.5","5.83","22.25","0",,"novo","em_aberto",,,,
"63cf0aef-db3f-4683-8a59-997c7f31d5a0","f2794994-c616-4a17-9a5c-fd44aa9d906c","2b1aa7ca-91d6-44fc-b667-8fb9bfeffb53","165a25f4-808c-48c3-8006-02ef6ebd9034",,"03/2025","2025-03-10","279.85","353.6","judicializado","Origem: Conversão de Relatório | Sistema: Safira | Recibo: 3004000140 | Multa: R$ 5,60 | Correção: R$ 19,38 | Juros: R$ 48,77 | Total do Recibo: R$ 353,60",,"2026-07-16T16:55:42.276282+00:00","2026-08-12T14:47:42.684518+00:00","importacao_cobrancas - 16/07/2026, 13:55",,,"novo","0","0",,,"false","0","0","0","0",,,"48.77","5.6","19.38","0",,"judicializado","em_aberto",,,,
"64407ab0-21ff-46b3-aa49-30e677e04e16","f2794994-c616-4a17-9a5c-fd44aa9d906c","2b1aa7ca-91d6-44fc-b667-8fb9bfeffb53","c48a979a-49c0-40eb-b8ee-08a6c201eb65",,"02/2025","2025-02-10","289.03","368.97","judicializado","Origem: Conversão de Relatório | Sistema: Safira | Recibo: 3004003521 | Multa: R$ 5,78 | Correção: R$ 20,55 | Juros: R$ 53,61 | Total do Recibo: R$ 368,97",,"2026-07-16T16:58:14.577788+00:00","2026-08-12T14:47:42.684518+00:00","importacao_cobrancas - 16/07/2026, 13:55",,,"novo","0","0",,,"false","0","0","0","0",,,"53.61","5.78","20.55","0",,"judicializado","em_aberto",,,,
"6a6499e8-6bcc-4d73-a2ef-efc52c9b2a1a","f2794994-c616-4a17-9a5c-fd44aa9d906c","2b1aa7ca-91d6-44fc-b667-8fb9bfeffb53","510478c0-366f-43ef-8277-cad67fad2bf8",,"05/2025","2025-05-12","279.85","341.1","judicializado","Origem: Conversão de Relatório | Sistema: Safira | Recibo: 3004009074 | Multa: R$ 5,60 | Correção: R$ 13,76 | Juros: R$ 41,89 | Total do Recibo: R$ 341,10",,"2026-07-16T16:57:53.34847+00:00","2026-08-12T14:47:42.684518+00:00","importacao_cobrancas - 16/07/2026, 13:55",,,"novo","0","0",,,"false","0","0","0","0",,,"41.89","5.6","13.76","0",,"judicializado","em_aberto",,,,
"75207cbb-f3ef-4c40-a2ac-9013d60561af","f2794994-c616-4a17-9a5c-fd44aa9d906c","2b1aa7ca-91d6-44fc-b667-8fb9bfeffb53","165a25f4-808c-48c3-8006-02ef6ebd9034",,"07/2024","2024-07-10","341.38","472.45","judicializado","Origem: Conversão de Relatório | Sistema: Safira | Recibo: 3004000069 | Multa: R$ 6,83 | Correção: R$ 32,80 | Juros: R$ 91,44 | Total do Recibo: R$ 472,45",,"2026-07-16T16:55:39.641396+00:00","2026-08-12T14:47:42.684518+00:00","importacao_cobrancas - 16/07/2026, 13:55",,,"novo","0","0",,,"false","0","0","0","0",,,"91.44","6.83","32.8","0",,"judicializado","em_aberto",,,,
"7869dff3-0fed-4313-944c-30332e611a58","f2794994-c616-4a17-9a5c-fd44aa9d906c","2b1aa7ca-91d6-44fc-b667-8fb9bfeffb53","a4a095f0-be83-4620-8532-a5a04540b0e0",,"09/2024","2024-09-10","341.38","462.48","judicializado","Origem: Conversão de Relatório | Sistema: Safira | Recibo: 3004005281 | Multa: R$ 6,83 | Correção: R$ 30,87 | Juros: R$ 83,40 | Total do Recibo: R$ 462,48",,"2026-07-16T16:59:15.102995+00:00","2026-08-12T14:47:42.684518+00:00","importacao_cobrancas - 16/07/2026, 13:55",,,"novo","0","0",,,"false","0","0","0","0",,,"83.4","6.83","30.87","0",,"judicializado","em_aberto",,,,
"80a89b66-317a-48bf-80c6-fdde9064dff1","f2794994-c616-4a17-9a5c-fd44aa9d906c","2b1aa7ca-91d6-44fc-b667-8fb9bfeffb53","c48a979a-49c0-40eb-b8ee-08a6c201eb65",,"05/2024","2024-05-10","350.95","497.64","judicializado","Origem: Conversão de Relatório | Sistema: Safira | Recibo: 3004003432 | Multa: R$ 7,02 | Correção: R$ 36,98 | Juros: R$ 102,69 | Total do Recibo: R$ 497,64",,"2026-07-16T16:58:12.647795+00:00","2026-08-12T14:47:42.684518+00:00","importacao_cobrancas - 16/07/2026, 13:55",,,"novo","0","0",,,"false","0","0","0","0",,,"102.69","7.02","36.98","0",,"judicializado","em_aberto",,,,
"83081054-c63c-4fad-a532-0e1fb84d5bff","f2794994-c616-4a17-9a5c-fd44aa9d906c","2b1aa7ca-91d6-44fc-b667-8fb9bfeffb53","a4a095f0-be83-4620-8532-a5a04540b0e0",,"04/2025","2025-04-10","279.85","350.55","judicializado","Origem: Conversão de Relatório | Sistema: Safira | Recibo: 3004005354 | Multa: R$ 5,60 | Correção: R$ 19,38 | Juros: R$ 45,72 | Total do Recibo: R$ 350,55",,"2026-07-16T16:59:17.62428+00:00","2026-08-12T14:47:42.684518+00:00","importacao_cobrancas - 16/07/2026, 13:55",,,"novo","0","0",,,"false","0","0","0","0",,,"45.72","5.6","19.38","0",,"judicializado","em_aberto",,,,
"8392586d-59c9-48a5-b447-d8e8212ec3b6","f2794994-c616-4a17-9a5c-fd44aa9d906c","2b1aa7ca-91d6-44fc-b667-8fb9bfeffb53","47cbbdf1-21f0-4dc3-9933-020245146465",,"05/2024","2024-05-10","271.01","384.29","suspenso","Origem: Conversão de Relatório | Sistema: Safira | Recibo: 3004018748 | Multa: R$ 5,42 | Correção: R$ 28,56 | Juros: R$ 79,30 | Total do Recibo: R$ 384,29",,"2026-07-16T16:56:12.2716+00:00","2026-08-12T14:47:42.684518+00:00","importacao_cobrancas - 16/07/2026, 13:55",,,"novo","0","0",,,"false","0","0","0","0",,,"79.3","5.42","28.56","0",,"suspenso","em_aberto",,,,
"8f2b71e9-3d7d-4802-b526-5e40e6606d5e","f2794994-c616-4a17-9a5c-fd44aa9d906c","2b1aa7ca-91d6-44fc-b667-8fb9bfeffb53","c48a979a-49c0-40eb-b8ee-08a6c201eb65",,"01/2025","2025-01-10","300.95","389.33","judicializado","Origem: Conversão de Relatório | Sistema: Safira | Recibo: 3004003513 | Multa: R$ 6,02 | Correção: R$ 22,97 | Juros: R$ 59,39 | Total do Recibo: R$ 389,33",,"2026-07-16T16:58:14.34676+00:00","2026-08-12T14:47:42.684518+00:00","importacao_cobrancas - 16/07/2026, 13:55",,,"novo","0","0",,,"false","0","0","0","0",,,"59.39","6.02","22.97","0",,"judicializado","em_aberto",,,,
"904dcde5-8a1f-497e-9d5b-590bcb15a905","f2794994-c616-4a17-9a5c-fd44aa9d906c","2b1aa7ca-91d6-44fc-b667-8fb9bfeffb53","510478c0-366f-43ef-8277-cad67fad2bf8",,"04/2025","2025-04-10","123.74","155","judicializado","Origem: Conversão de Relatório | Sistema: Safira | Recibo: 3004019841 | Multa: R$ 2,47 | Correção: R$ 8,57 | Juros: R$ 20,22 | Total do Recibo: R$ 155,00",,"2026-07-16T16:57:53.130197+00:00","2026-08-12T14:47:42.684518+00:00","importacao_cobrancas - 16/07/2026, 13:55",,,"novo","0","0",,,"false","0","0","0","0",,,"20.22","2.47","8.57","0",,"judicializado","em_aberto",,,,
"970c5b29-0afe-4095-af66-411f7326d553","f2794994-c616-4a17-9a5c-fd44aa9d906c","2b1aa7ca-91d6-44fc-b667-8fb9bfeffb53","165a25f4-808c-48c3-8006-02ef6ebd9034",,"05/2025","2025-05-12","279.85","341.1","judicializado","Origem: Conversão de Relatório | Sistema: Safira | Recibo: 3004000166 | Multa: R$ 5,60 | Correção: R$ 13,76 | Juros: R$ 41,89 | Total do Recibo: R$ 341,10",,"2026-07-16T16:55:43.015393+00:00","2026-08-12T14:47:42.684518+00:00","importacao_cobrancas - 16/07/2026, 13:55",,,"novo","0","0",,,"false","0","0","0","0",,,"41.89","5.6","13.76","0",,"judicializado","em_aberto",,,,
"99771872-a0da-4e76-b032-1ec03134233a","f2794994-c616-4a17-9a5c-fd44aa9d906c","2b1aa7ca-91d6-44fc-b667-8fb9bfeffb53","47cbbdf1-21f0-4dc3-9933-020245146465",,"04/2025","2025-04-10","289.03","362.04","novo","Origem: Conversão de Relatório | Sistema: Safira | Recibo: 3004000450 | Multa: R$ 5,78 | Correção: R$ 20,01 | Juros: R$ 47,22 | Total do Recibo: R$ 362,04",,"2026-07-16T16:56:13.77439+00:00","2026-08-12T14:47:42.684518+00:00","importacao_cobrancas - 16/07/2026, 13:55",,,"novo","0","0",,,"false","0","0","0","0",,,"47.22","5.78","20.01","0",,"novo","em_aberto",,,,
"99d8ea18-ca97-4976-84b9-7301a9328c1c","f2794994-c616-4a17-9a5c-fd44aa9d906c","2b1aa7ca-91d6-44fc-b667-8fb9bfeffb53","c32c8041-ee02-48bd-a082-31dd4a335140",,"11/2024","2024-11-11","350.95","466.07","judicializado","Origem: Conversão de Relatório | Sistema: Safira | Recibo: 3004002215 | Multa: R$ 7,02 | Correção: R$ 30,42 | Juros: R$ 77,68 | Total do Recibo: R$ 466,07",,"2026-07-16T16:57:31.544829+00:00","2026-08-12T14:47:42.684518+00:00","importacao_cobrancas - 16/07/2026, 13:55",,,"novo","0","0",,,"false","0","0","0","0",,,"77.68","7.02","30.42","0",,"judicializado","em_aberto",,,,
"9a28a045-c5cc-4d01-a2cf-4461d124e477","f2794994-c616-4a17-9a5c-fd44aa9d906c","2b1aa7ca-91d6-44fc-b667-8fb9bfeffb53","1361789c-31ff-446e-a660-8e7c5d05a182",,"05/2024","2024-05-10","341.38","484.08","judicializado","Origem: Conversão de Relatório | Sistema: Safira | Recibo: 3004000522 | Multa: R$ 6,83 | Correção: R$ 35,98 | Juros: R$ 99,89 | Total do Recibo: R$ 484,08",,"2026-07-16T16:56:15.493694+00:00","2026-08-12T14:47:42.684518+00:00","importacao_cobrancas - 16/07/2026, 13:55",,,"novo","0","0",,,"false","0","0","0","0",,,"99.89","6.83","35.98","0",,"judicializado","em_aberto",,,,
"9a4b601b-6185-40cb-a9b9-4fd146d6d847","f2794994-c616-4a17-9a5c-fd44aa9d906c","2b1aa7ca-91d6-44fc-b667-8fb9bfeffb53","80831fd7-c781-4377-b472-d62d6d5cf239",,"12/2024","2024-12-10","341.38","446.86","suspenso","Origem: Conversão de Relatório | Sistema: Safira | Recibo: 3004002967 | Multa: R$ 6,83 | Correção: R$ 27,30 | Juros: R$ 71,35 | Total do Recibo: R$ 446,86",,"2026-07-16T16:57:47.55415+00:00","2026-08-12T14:47:42.684518+00:00","importacao_cobrancas - 16/07/2026, 13:55",,,"novo","0","0",,,"false","0","0","0","0",,,"71.35","6.83","27.3","0",,"suspenso","em_aberto",,,,
"9a8a7901-c7a1-40ac-b58e-5d9d8c643cba","f2794994-c616-4a17-9a5c-fd44aa9d906c","2b1aa7ca-91d6-44fc-b667-8fb9bfeffb53","86070e69-9a3b-4206-aa1a-7aee35af07c6",,"03/2025","2025-03-10","279.85","353.6","novo","Origem: Conversão de Relatório | Sistema: Safira | Recibo: 3004002886 | Multa: R$ 5,60 | Correção: R$ 19,38 | Juros: R$ 48,77 | Total do Recibo: R$ 353,60",,"2026-07-16T16:57:44.645808+00:00","2026-08-12T14:47:42.684518+00:00","importacao_cobrancas - 16/07/2026, 13:55",,,"novo","0","0",,,"false","0","0","0","0",,,"48.77","5.6","19.38","0",,"novo","em_aberto",,,,
"9b6270d3-7b6b-4909-9469-f6fc1f915d44","f2794994-c616-4a17-9a5c-fd44aa9d906c","2b1aa7ca-91d6-44fc-b667-8fb9bfeffb53","c06708a7-29f4-4d96-84bb-f722332131d8",,"02/2025","2025-02-10","289.03","368.97","novo","Origem: Conversão de Relatório | Sistema: Safira | Recibo: 3004008949 | Multa: R$ 5,78 | Correção: R$ 20,55 | Juros: R$ 53,61 | Total do Recibo: R$ 368,97",,"2026-07-16T16:57:50.770243+00:00","2026-08-12T14:47:42.684518+00:00","importacao_cobrancas - 16/07/2026, 13:55",,,"novo","0","0",,,"false","0","0","0","0",,,"53.61","5.78","20.55","0",,"novo","em_aberto",,,,
"9e4a6703-98c0-45b0-b167-ff7c005277b3","f2794994-c616-4a17-9a5c-fd44aa9d906c","2b1aa7ca-91d6-44fc-b667-8fb9bfeffb53","80831fd7-c781-4377-b472-d62d6d5cf239",,"08/2024","2024-08-12","341.38","467.47","suspenso","Origem: Conversão de Relatório | Sistema: Safira | Recibo: 3004002924 | Multa: R$ 6,83 | Correção: R$ 31,85 | Juros: R$ 87,41 | Total do Recibo: R$ 467,47",,"2026-07-16T16:57:46.683107+00:00","2026-08-12T14:47:42.684518+00:00","importacao_cobrancas - 16/07/2026, 13:55",,,"novo","0","0",,,"false","0","0","0","0",,,"87.41","6.83","31.85","0",,"suspenso","em_aberto",,,,
"9f7dbb84-b404-4eae-89a5-21ca7ed36616","f2794994-c616-4a17-9a5c-fd44aa9d906c","2b1aa7ca-91d6-44fc-b667-8fb9bfeffb53","c06708a7-29f4-4d96-84bb-f722332131d8",,"12/2024","2024-12-10","350.95","459.38","suspenso","Origem: Conversão de Relatório | Sistema: Safira | Recibo: 3004008922 | Multa: R$ 7,02 | Correção: R$ 28,06 | Juros: R$ 73,35 | Total do Recibo: R$ 459,38",,"2026-07-16T16:57:50.342567+00:00","2026-08-12T14:47:42.684518+00:00","importacao_cobrancas - 16/07/2026, 13:55",,,"novo","0","0",,,"false","0","0","0","0",,,"73.35","7.02","28.06","0",,"suspenso","em_aberto",,,,
"a1225ba7-e8d5-48cf-a0e1-0d0c92b4be9b","f2794994-c616-4a17-9a5c-fd44aa9d906c","2b1aa7ca-91d6-44fc-b667-8fb9bfeffb53","47cbbdf1-21f0-4dc3-9933-020245146465",,"03/2025","2025-03-10","289.03","365.19","novo","Origem: Conversão de Relatório | Sistema: Safira | Recibo: 3004000441 | Multa: R$ 5,78 | Correção: R$ 20,01 | Juros: R$ 50,37 | Total do Recibo: R$ 365,19",,"2026-07-16T16:56:13.576893+00:00","2026-08-12T14:47:42.684518+00:00","importacao_cobrancas - 16/07/2026, 13:55",,,"novo","0","0",,,"false","0","0","0","0",,,"50.37","5.78","20.01","0",,"novo","em_aberto",,,,
"a1addbcd-9166-4c8c-b304-034c1e3fca33","f2794994-c616-4a17-9a5c-fd44aa9d906c","2b1aa7ca-91d6-44fc-b667-8fb9bfeffb53","165a25f4-808c-48c3-8006-02ef6ebd9034",,"10/2024","2024-10-10","341.38","459.33","judicializado","Origem: Conversão de Relatório | Sistema: Safira | Recibo: 3004000093 | Multa: R$ 6,83 | Correção: R$ 31,40 | Juros: R$ 79,72 | Total do Recibo: R$ 459,33",,"2026-07-16T16:55:40.641969+00:00","2026-08-12T14:47:42.684518+00:00","importacao_cobrancas - 16/07/2026, 13:55",,,"novo","0","0",,,"false","0","0","0","0",,,"79.72","6.83","31.4","0",,"judicializado","em_aberto",,,,
"a4016f7f-da85-4897-b0b8-3280e753dd97","f2794994-c616-4a17-9a5c-fd44aa9d906c","2b1aa7ca-91d6-44fc-b667-8fb9bfeffb53","c06708a7-29f4-4d96-84bb-f722332131d8",,"10/2024","2024-10-10","113.13","152.21","suspenso","Origem: Conversão de Relatório | Sistema: Safira | Recibo: 3004019728 | Multa: R$ 2,26 | Correção: R$ 10,40 | Juros: R$ 26,42 | Total do Recibo: R$ 152,21",,"2026-07-16T16:57:49.911702+00:00","2026-08-12T14:47:42.684518+00:00","importacao_cobrancas - 16/07/2026, 13:55",,,"novo","0","0",,,"false","0","0","0","0",,,"26.42","2.26","10.4","0",,"suspenso","em_aberto",,,,
"a80547f2-d5a2-4221-8935-27c521d65421","f2794994-c616-4a17-9a5c-fd44aa9d906c","2b1aa7ca-91d6-44fc-b667-8fb9bfeffb53","165a25f4-808c-48c3-8006-02ef6ebd9034",,"01/2025","2025-01-10","291.38","376.96","judicializado","Origem: Conversão de Relatório | Sistema: Safira | Recibo: 3004000123 | Multa: R$ 5,83 | Correção: R$ 22,25 | Juros: R$ 57,50 | Total do Recibo: R$ 376,96",,"2026-07-16T16:55:41.835535+00:00","2026-08-12T14:47:42.684518+00:00","importacao_cobrancas - 16/07/2026, 13:55",,,"novo","0","0",,,"false","0","0","0","0",,,"57.5","5.83","22.25","0",,"judicializado","em_aberto",,,,
"a99496be-3537-4225-8b61-4651747f370a","f2794994-c616-4a17-9a5c-fd44aa9d906c","2b1aa7ca-91d6-44fc-b667-8fb9bfeffb53","86070e69-9a3b-4206-aa1a-7aee35af07c6",,"09/2024","2024-09-10","341.38","462.48","suspenso","Origem: Conversão de Relatório | Sistema: Safira | Recibo: 3004002827 | Multa: R$ 6,83 | Correção: R$ 30,87 | Juros: R$ 83,40 | Total do Recibo: R$ 462,48",,"2026-07-16T16:57:43.370359+00:00","2026-08-12T14:47:42.684518+00:00","importacao_cobrancas - 16/07/2026, 13:55",,,"novo","0","0",,,"false","0","0","0","0",,,"83.4","6.83","30.87","0",,"suspenso","em_aberto",,,,
"aaf158f3-7762-4ed7-aad8-6692caedb99a","f2794994-c616-4a17-9a5c-fd44aa9d906c","2b1aa7ca-91d6-44fc-b667-8fb9bfeffb53","c32c8041-ee02-48bd-a082-31dd4a335140",,"09/2024","2024-09-10","350.95","475.43","judicializado","Origem: Conversão de Relatório | Sistema: Safira | Recibo: 3004002193 | Multa: R$ 7,02 | Correção: R$ 31,73 | Juros: R$ 85,73 | Total do Recibo: R$ 475,43",,"2026-07-16T16:57:31.111158+00:00","2026-08-12T14:47:42.684518+00:00","importacao_cobrancas - 16/07/2026, 13:55",,,"novo","0","0",,,"false","0","0","0","0",,,"85.73","7.02","31.73","0",,"judicializado","em_aberto",,,,
"ab8e131f-23e5-464d-9203-03fa6333776f","f2794994-c616-4a17-9a5c-fd44aa9d906c","2b1aa7ca-91d6-44fc-b667-8fb9bfeffb53","c32c8041-ee02-48bd-a082-31dd4a335140",,"02/2025","2025-02-10","289.03","368.97","judicializado","Origem: Conversão de Relatório | Sistema: Safira | Recibo: 3004002240 | Multa: R$ 5,78 | Correção: R$ 20,55 | Juros: R$ 53,61 | Total do Recibo: R$ 368,97",,"2026-07-16T16:57:32.183095+00:00","2026-08-12T14:47:42.684518+00:00","importacao_cobrancas - 16/07/2026, 13:55",,,"novo","0","0",,,"false","0","0","0","0",,,"53.61","5.78","20.55","0",,"judicializado","em_aberto",,,,
"b04edf4a-9d25-416a-9f47-f69313c00a1e","f2794994-c616-4a17-9a5c-fd44aa9d906c","2b1aa7ca-91d6-44fc-b667-8fb9bfeffb53","2d698c19-e41a-457f-829f-1c9ad5db9ed4",,"04/2024","2024-04-10","300.95","430.94","suspenso","Origem: Conversão de Relatório | Sistema: Safira | Recibo: 3004004056 | Multa: R$ 6,02 | Correção: R$ 32,35 | Juros: R$ 91,62 | Total do Recibo: R$ 430,94",,"2026-07-16T16:58:36.241846+00:00","2026-08-12T14:47:42.684518+00:00","importacao_cobrancas - 16/07/2026, 13:55",,,"novo","0","0",,,"false","0","0","0","0",,,"91.62","6.02","32.35","0",,"suspenso","em_aberto",,,,
"baf28e0e-c1bb-41b2-96cd-a5eebdd1915b","f2794994-c616-4a17-9a5c-fd44aa9d906c","2b1aa7ca-91d6-44fc-b667-8fb9bfeffb53","86070e69-9a3b-4206-aa1a-7aee35af07c6",,"10/2024","2024-10-10","341.38","459.33","suspenso","Origem: Conversão de Relatório | Sistema: Safira | Recibo: 3004002835 | Multa: R$ 6,83 | Correção: R$ 31,40 | Juros: R$ 79,72 | Total do Recibo: R$ 459,33",,"2026-07-16T16:57:43.584594+00:00","2026-08-12T14:47:42.684518+00:00","importacao_cobrancas - 16/07/2026, 13:55",,,"novo","0","0",,,"false","0","0","0","0",,,"79.72","6.83","31.4","0",,"suspenso","em_aberto",,,,
"bbae1659-dfa4-43aa-a51d-fc9854dcf102","f2794994-c616-4a17-9a5c-fd44aa9d906c","2b1aa7ca-91d6-44fc-b667-8fb9bfeffb53","c48a979a-49c0-40eb-b8ee-08a6c201eb65",,"07/2024","2024-07-10","350.95","485.7","judicializado","Origem: Conversão de Relatório | Sistema: Safira | Recibo: 3004003459 | Multa: R$ 7,02 | Correção: R$ 33,72 | Juros: R$ 94,01 | Total do Recibo: R$ 485,70",,"2026-07-16T16:58:13.050212+00:00","2026-08-12T14:47:42.684518+00:00","importacao_cobrancas - 16/07/2026, 13:55",,,"novo","0","0",,,"false","0","0","0","0",,,"94.01","7.02","33.72","0",,"judicializado","em_aberto",,,,
"bbe8bea4-c82e-4393-89bd-4e27fbe561b0","f2794994-c616-4a17-9a5c-fd44aa9d906c","2b1aa7ca-91d6-44fc-b667-8fb9bfeffb53","47cbbdf1-21f0-4dc3-9933-020245146465",,"04/2025","2025-04-17","232.43","283.29","novo","Origem: Conversão de Relatório | Sistema: Safira | Recibo: 3004000468 | Multa: R$ 4,65 | Correção: R$ 11,42 | Juros: R$ 34,79 | Total do Recibo: R$ 283,29",,"2026-07-16T16:56:13.986052+00:00","2026-08-12T14:47:42.684518+00:00","importacao_cobrancas - 16/07/2026, 13:55",,,"novo","0","0",,,"false","0","0","0","0",,,"34.79","4.65","11.42","0",,"novo","em_aberto",,,,
"bc0d0933-7e74-48fc-acf5-921b49b31351","f2794994-c616-4a17-9a5c-fd44aa9d906c","2b1aa7ca-91d6-44fc-b667-8fb9bfeffb53","1361789c-31ff-446e-a660-8e7c5d05a182",,"03/2024","2024-03-25","93.27","133.57","judicializado","Origem: Conversão de Relatório | Sistema: Safira | Recibo: 3004000506 | Multa: R$ 1,87 | Correção: R$ 10,03 | Juros: R$ 28,40 | Total do Recibo: R$ 133,57",,"2026-07-16T16:56:14.990345+00:00","2026-08-12T14:47:42.684518+00:00","importacao_cobrancas - 16/07/2026, 13:55",,,"novo","0","0",,,"false","0","0","0","0",,,"28.4","1.87","10.03","0",,"judicializado","em_aberto",,,,
"c371a7a3-162a-429e-a9ee-593655d5bc30","f2794994-c616-4a17-9a5c-fd44aa9d906c","2b1aa7ca-91d6-44fc-b667-8fb9bfeffb53","c48a979a-49c0-40eb-b8ee-08a6c201eb65",,"11/2024","2024-11-11","350.95","466.07","judicializado","Origem: Conversão de Relatório | Sistema: Safira | Recibo: 3004003491 | Multa: R$ 7,02 | Correção: R$ 30,42 | Juros: R$ 77,68 | Total do Recibo: R$ 466,07",,"2026-07-16T16:58:13.922411+00:00","2026-08-12T14:47:42.684518+00:00","importacao_cobrancas - 16/07/2026, 13:55",,,"novo","0","0",,,"false","0","0","0","0",,,"77.68","7.02","30.42","0",,"judicializado","em_aberto",,,,
"c399997f-e92d-4a91-a94e-4fa6fa850166","f2794994-c616-4a17-9a5c-fd44aa9d906c","2b1aa7ca-91d6-44fc-b667-8fb9bfeffb53","47cbbdf1-21f0-4dc3-9933-020245146465",,"01/2025","2025-01-10","300.95","389.33","novo","Origem: Conversão de Relatório | Sistema: Safira | Recibo: 3004007195 | Multa: R$ 6,02 | Correção: R$ 22,97 | Juros: R$ 59,39 | Total do Recibo: R$ 389,33",,"2026-07-16T16:56:13.130012+00:00","2026-08-12T14:47:42.684518+00:00","importacao_cobrancas - 16/07/2026, 13:55",,,"novo","0","0",,,"false","0","0","0","0",,,"59.39","6.02","22.97","0",,"novo","em_aberto",,,,
"c500a768-23f6-45bf-86ee-3b7f20c217aa","f2794994-c616-4a17-9a5c-fd44aa9d906c","2b1aa7ca-91d6-44fc-b667-8fb9bfeffb53","80831fd7-c781-4377-b472-d62d6d5cf239",,"03/2025","2025-03-10","279.85","353.6","novo","Origem: Conversão de Relatório | Sistema: Safira | Recibo: 3004002991 | Multa: R$ 5,60 | Correção: R$ 19,38 | Juros: R$ 48,77 | Total do Recibo: R$ 353,60",,"2026-07-16T16:57:48.21446+00:00","2026-08-12T14:47:42.684518+00:00","importacao_cobrancas - 16/07/2026, 13:55",,,"novo","0","0",,,"false","0","0","0","0",,,"48.77","5.6","19.38","0",,"novo","em_aberto",,,,
"c61a0b9c-4d54-45c0-81bd-49b9bb64ffaf","f2794994-c616-4a17-9a5c-fd44aa9d906c","2b1aa7ca-91d6-44fc-b667-8fb9bfeffb53","c48a979a-49c0-40eb-b8ee-08a6c201eb65",,"04/2024","2024-04-10","300.95","430.94","judicializado","Origem: Conversão de Relatório | Sistema: Safira | Recibo: 3004003424 | Multa: R$ 6,02 | Correção: R$ 32,35 | Juros: R$ 91,62 | Total do Recibo: R$ 430,94",,"2026-07-16T16:58:12.386485+00:00","2026-08-12T14:47:42.684518+00:00","importacao_cobrancas - 16/07/2026, 13:55",,,"novo","0","0",,,"false","0","0","0","0",,,"91.62","6.02","32.35","0",,"judicializado","em_aberto",,,,
"c7a5b8e0-2067-4b19-8afc-b0f7530002b4","f2794994-c616-4a17-9a5c-fd44aa9d906c","2b1aa7ca-91d6-44fc-b667-8fb9bfeffb53","a4a095f0-be83-4620-8532-a5a04540b0e0",,"02/2025","2025-02-10","279.85","357.26","judicializado","Origem: Conversão de Relatório | Sistema: Safira | Recibo: 3004005338 | Multa: R$ 5,60 | Correção: R$ 19,90 | Juros: R$ 51,91 | Total do Recibo: R$ 357,26",,"2026-07-16T16:59:16.197435+00:00","2026-08-12T14:47:42.684518+00:00","importacao_cobrancas - 16/07/2026, 13:55",,,"novo","0","0",,,"false","0","0","0","0",,,"51.91","5.6","19.9","0",,"judicializado","em_aberto",,,,
"c9fdb96b-a203-4a72-84e8-54306a85926a","f2794994-c616-4a17-9a5c-fd44aa9d906c","2b1aa7ca-91d6-44fc-b667-8fb9bfeffb53","86070e69-9a3b-4206-aa1a-7aee35af07c6",,"05/2025","2025-05-12","287.99","351.02","novo","Origem: Conversão de Relatório | Sistema: Safira | Recibo: 3004002916 | Multa: R$ 5,76 | Correção: R$ 14,16 | Juros: R$ 43,11 | Total do Recibo: R$ 351,02",,"2026-07-16T16:57:45.286612+00:00","2026-08-12T14:47:42.684518+00:00","importacao_cobrancas - 16/07/2026, 13:55",,,"novo","0","0",,,"false","0","0","0","0",,,"43.11","5.76","14.16","0",,"novo","em_aberto",,,,
"ca880bcf-d3ab-4103-8c9f-79b9aa5f104e","f2794994-c616-4a17-9a5c-fd44aa9d906c","2b1aa7ca-91d6-44fc-b667-8fb9bfeffb53","c48a979a-49c0-40eb-b8ee-08a6c201eb65",,"10/2024","2024-10-10","350.95","472.19","judicializado","Origem: Conversão de Relatório | Sistema: Safira | Recibo: 3004003483 | Multa: R$ 7,02 | Correção: R$ 32,27 | Juros: R$ 81,95 | Total do Recibo: R$ 472,19",,"2026-07-16T16:58:13.714238+00:00","2026-08-12T14:47:42.684518+00:00","importacao_cobrancas - 16/07/2026, 13:55",,,"novo","0","0",,,"false","0","0","0","0",,,"81.95","7.02","32.27","0",,"judicializado","em_aberto",,,,
"cb4afb96-acdc-4aba-a28b-b66109880214","f2794994-c616-4a17-9a5c-fd44aa9d906c","2b1aa7ca-91d6-44fc-b667-8fb9bfeffb53","165a25f4-808c-48c3-8006-02ef6ebd9034",,"04/2025","2025-04-10","279.85","350.55","judicializado","Origem: Conversão de Relatório | Sistema: Safira | Recibo: 3004000158 | Multa: R$ 5,60 | Correção: R$ 19,38 | Juros: R$ 45,72 | Total do Recibo: R$ 350,55",,"2026-07-16T16:55:42.500221+00:00","2026-08-12T14:47:42.684518+00:00","importacao_cobrancas - 16/07/2026, 13:55",,,"novo","0","0",,,"false","0","0","0","0",,,"45.72","5.6","19.38","0",,"judicializado","em_aberto",,,,
"ce0d4e2e-f2eb-4448-b3cd-b43700eba1cb","f2794994-c616-4a17-9a5c-fd44aa9d906c","2b1aa7ca-91d6-44fc-b667-8fb9bfeffb53","c06708a7-29f4-4d96-84bb-f722332131d8",,"05/2025","2025-05-12","289.03","352.28","novo","Origem: Conversão de Relatório | Sistema: Safira | Recibo: 3004003041 | Multa: R$ 5,78 | Correção: R$ 14,21 | Juros: R$ 43,26 | Total do Recibo: R$ 352,28",,"2026-07-16T16:57:51.390142+00:00","2026-08-12T14:47:42.684518+00:00","importacao_cobrancas - 16/07/2026, 13:55",,,"novo","0","0",,,"false","0","0","0","0",,,"43.26","5.78","14.21","0",,"novo","em_aberto",,,,
"d196013f-e4a2-4dda-ba30-f1184f380d7c","f2794994-c616-4a17-9a5c-fd44aa9d906c","2b1aa7ca-91d6-44fc-b667-8fb9bfeffb53","c48a979a-49c0-40eb-b8ee-08a6c201eb65",,"04/2025","2025-04-10","289.03","362.04","judicializado","Origem: Conversão de Relatório | Sistema: Safira | Recibo: 3004003548 | Multa: R$ 5,78 | Correção: R$ 20,01 | Juros: R$ 47,22 | Total do Recibo: R$ 362,04",,"2026-07-16T16:58:14.990113+00:00","2026-08-12T14:47:42.684518+00:00","importacao_cobrancas - 16/07/2026, 13:55",,,"novo","0","0",,,"false","0","0","0","0",,,"47.22","5.78","20.01","0",,"judicializado","em_aberto",,,,
"d24290eb-3d10-44a7-afb5-1bdb19203b56","f2794994-c616-4a17-9a5c-fd44aa9d906c","2b1aa7ca-91d6-44fc-b667-8fb9bfeffb53","c48a979a-49c0-40eb-b8ee-08a6c201eb65",,"12/2024","2024-12-10","350.95","459.38","judicializado","Origem: Conversão de Relatório | Sistema: Safira | Recibo: 3004003505 | Multa: R$ 7,02 | Correção: R$ 28,06 | Juros: R$ 73,35 | Total do Recibo: R$ 459,38",,"2026-07-16T16:58:14.145284+00:00","2026-08-12T14:47:42.684518+00:00","importacao_cobrancas - 16/07/2026, 13:55",,,"novo","0","0",,,"false","0","0","0","0",,,"73.35","7.02","28.06","0",,"judicializado","em_aberto",,,,
"d43a0785-feb8-45ab-a0ef-dc5944e0ef2b","f2794994-c616-4a17-9a5c-fd44aa9d906c","2b1aa7ca-91d6-44fc-b667-8fb9bfeffb53","c06708a7-29f4-4d96-84bb-f722332131d8",,"06/2025","2025-06-30","142.07","168.78","novo","Origem: Conversão de Relatório | Sistema: Safira | Recibo: 3004003068 | Multa: R$ 2,84 | Correção: R$ 5,79 | Juros: R$ 18,08 | Total do Recibo: R$ 168,78",,"2026-07-16T16:57:51.794072+00:00","2026-08-12T14:47:42.684518+00:00","importacao_cobrancas - 16/07/2026, 13:55",,,"novo","0","0",,,"false","0","0","0","0",,,"18.08","2.84","5.79","0",,"novo","em_aberto",,,,
"d4e5fb34-4aab-43a6-a919-2c884839e933","f2794994-c616-4a17-9a5c-fd44aa9d906c","2b1aa7ca-91d6-44fc-b667-8fb9bfeffb53","c48a979a-49c0-40eb-b8ee-08a6c201eb65",,"06/2024","2024-06-10","350.95","491.88","judicializado","Origem: Conversão de Relatório | Sistema: Safira | Recibo: 3004003440 | Multa: R$ 7,02 | Correção: R$ 35,53 | Juros: R$ 98,38 | Total do Recibo: R$ 491,88",,"2026-07-16T16:58:12.855498+00:00","2026-08-12T14:47:42.684518+00:00","importacao_cobrancas - 16/07/2026, 13:55",,,"novo","0","0",,,"false","0","0","0","0",,,"98.38","7.02","35.53","0",,"judicializado","em_aberto",,,,
"d96be700-96ad-4e33-b7f9-a9e78e5b862f","f2794994-c616-4a17-9a5c-fd44aa9d906c","2b1aa7ca-91d6-44fc-b667-8fb9bfeffb53","86070e69-9a3b-4206-aa1a-7aee35af07c6",,"04/2025","2025-04-10","162.79","203.92","novo","Origem: Conversão de Relatório | Sistema: Safira | Recibo: 3004002894 | Multa: R$ 3,26 | Correção: R$ 11,27 | Juros: R$ 26,60 | Total do Recibo: R$ 203,92",,"2026-07-16T16:57:44.859397+00:00","2026-08-12T14:47:42.684518+00:00","importacao_cobrancas - 16/07/2026, 13:55",,,"novo","0","0",,,"false","0","0","0","0",,,"26.6","3.26","11.27","0",,"novo","em_aberto",,,,
"db0ad970-6943-482d-afa4-49bbfc0b42aa","f2794994-c616-4a17-9a5c-fd44aa9d906c","2b1aa7ca-91d6-44fc-b667-8fb9bfeffb53","80831fd7-c781-4377-b472-d62d6d5cf239",,"05/2025","2025-05-12","279.85","341.1","novo","Origem: Conversão de Relatório | Sistema: Safira | Recibo: 3004003017 | Multa: R$ 5,60 | Correção: R$ 13,76 | Juros: R$ 41,89 | Total do Recibo: R$ 341,10",,"2026-07-16T16:57:48.61704+00:00","2026-08-12T14:47:42.684518+00:00","importacao_cobrancas - 16/07/2026, 13:55",,,"novo","0","0",,,"false","0","0","0","0",,,"41.89","5.6","13.76","0",,"novo","em_aberto",,,,
"db819d19-b2ef-4118-8ec0-3bdbe2d11070","f2794994-c616-4a17-9a5c-fd44aa9d906c","2b1aa7ca-91d6-44fc-b667-8fb9bfeffb53","a4a095f0-be83-4620-8532-a5a04540b0e0",,"12/2024","2024-12-10","341.38","446.86","judicializado","Origem: Conversão de Relatório | Sistema: Safira | Recibo: 3004005311 | Multa: R$ 6,83 | Correção: R$ 27,30 | Juros: R$ 71,35 | Total do Recibo: R$ 446,86",,"2026-07-16T16:59:15.758903+00:00","2026-08-12T14:47:42.684518+00:00","importacao_cobrancas - 16/07/2026, 13:55",,,"novo","0","0",,,"false","0","0","0","0",,,"71.35","6.83","27.3","0",,"judicializado","em_aberto",,,,
"dffc4bd7-d4ea-46b1-9644-95be9f6a7af5","f2794994-c616-4a17-9a5c-fd44aa9d906c","2b1aa7ca-91d6-44fc-b667-8fb9bfeffb53","47cbbdf1-21f0-4dc3-9933-020245146465",,"10/2024","2024-10-10","350.95","472.19","suspenso","Origem: Conversão de Relatório | Sistema: Safira | Recibo: 3004007160 | Multa: R$ 7,02 | Correção: R$ 32,27 | Juros: R$ 81,95 | Total do Recibo: R$ 472,19",,"2026-07-16T16:56:12.485898+00:00","2026-08-12T14:47:42.684518+00:00","importacao_cobrancas - 16/07/2026, 13:55",,,"novo","0","0",,,"false","0","0","0","0",,,"81.95","7.02","32.27","0",,"suspenso","em_aberto",,,,
"e167505e-885e-4a7f-9713-88f8717b9e58","f2794994-c616-4a17-9a5c-fd44aa9d906c","2b1aa7ca-91d6-44fc-b667-8fb9bfeffb53","c32c8041-ee02-48bd-a082-31dd4a335140",,"05/2024","2024-05-10","350.95","497.64","judicializado","Origem: Conversão de Relatório | Sistema: Safira | Recibo: 3004002150 | Multa: R$ 7,02 | Correção: R$ 36,98 | Juros: R$ 102,69 | Total do Recibo: R$ 497,64",,"2026-07-16T16:57:30.262193+00:00","2026-08-12T14:47:42.684518+00:00","importacao_cobrancas - 16/07/2026, 13:55",,,"novo","0","0",,,"false","0","0","0","0",,,"102.69","7.02","36.98","0",,"judicializado","em_aberto",,,,
"e16df258-9dc8-455d-86a0-b08e04284527","f2794994-c616-4a17-9a5c-fd44aa9d906c","2b1aa7ca-91d6-44fc-b667-8fb9bfeffb53","80831fd7-c781-4377-b472-d62d6d5cf239",,"09/2024","2024-09-10","341.38","462.48","suspenso","Origem: Conversão de Relatório | Sistema: Safira | Recibo: 3004002932 | Multa: R$ 6,83 | Correção: R$ 30,87 | Juros: R$ 83,40 | Total do Recibo: R$ 462,48",,"2026-07-16T16:57:46.895692+00:00","2026-08-12T14:47:42.684518+00:00","importacao_cobrancas - 16/07/2026, 13:55",,,"novo","0","0",,,"false","0","0","0","0",,,"83.4","6.83","30.87","0",,"suspenso","em_aberto",,,,
"e9650c44-2660-4e72-b97d-1bf0a16386fe","f2794994-c616-4a17-9a5c-fd44aa9d906c","2b1aa7ca-91d6-44fc-b667-8fb9bfeffb53","86070e69-9a3b-4206-aa1a-7aee35af07c6",,"05/2025","2025-05-10","108.92","132.76","novo","Origem: Conversão de Relatório | Sistema: Safira | Recibo: 3004002908 | Multa: R$ 2,18 | Correção: R$ 5,36 | Juros: R$ 16,30 | Total do Recibo: R$ 132,76",,"2026-07-16T16:57:45.08343+00:00","2026-08-12T14:47:42.684518+00:00","importacao_cobrancas - 16/07/2026, 13:55",,,"novo","0","0",,,"false","0","0","0","0",,,"16.3","2.18","5.36","0",,"novo","em_aberto",,,,
"edb9c66d-7123-4ed1-a147-bcd50215ebc8","f2794994-c616-4a17-9a5c-fd44aa9d906c","2b1aa7ca-91d6-44fc-b667-8fb9bfeffb53","c32c8041-ee02-48bd-a082-31dd4a335140",,"10/2024","2024-10-10","350.95","472.19","judicializado","Origem: Conversão de Relatório | Sistema: Safira | Recibo: 3004002207 | Multa: R$ 7,02 | Correção: R$ 32,27 | Juros: R$ 81,95 | Total do Recibo: R$ 472,19",,"2026-07-16T16:57:31.31395+00:00","2026-08-12T14:47:42.684518+00:00","importacao_cobrancas - 16/07/2026, 13:55",,,"novo","0","0",,,"false","0","0","0","0",,,"81.95","7.02","32.27","0",,"judicializado","em_aberto",,,,
"efe462ad-7072-4811-8881-1bc72af9fb72","f2794994-c616-4a17-9a5c-fd44aa9d906c","2b1aa7ca-91d6-44fc-b667-8fb9bfeffb53","1361789c-31ff-446e-a660-8e7c5d05a182",,"07/2024","2024-07-10","341.38","472.45","judicializado","Origem: Conversão de Relatório | Sistema: Safira | Recibo: 3004000530 | Multa: R$ 6,83 | Correção: R$ 32,80 | Juros: R$ 91,44 | Total do Recibo: R$ 472,45",,"2026-07-16T16:56:15.890934+00:00","2026-08-12T14:47:42.684518+00:00","importacao_cobrancas - 16/07/2026, 13:55",,,"novo","0","0",,,"false","0","0","0","0",,,"91.44","6.83","32.8","0",,"judicializado","em_aberto",,,,
"effa498f-c1d1-4335-8f9f-e71db295ced9","f2794994-c616-4a17-9a5c-fd44aa9d906c","2b1aa7ca-91d6-44fc-b667-8fb9bfeffb53","80831fd7-c781-4377-b472-d62d6d5cf239",,"11/2024","2024-11-11","341.38","453.35","suspenso","Origem: Conversão de Relatório | Sistema: Safira | Recibo: 3004002959 | Multa: R$ 6,83 | Correção: R$ 29,58 | Juros: R$ 75,56 | Total do Recibo: R$ 453,35",,"2026-07-16T16:57:47.322414+00:00","2026-08-12T14:47:42.684518+00:00","importacao_cobrancas - 16/07/2026, 13:55",,,"novo","0","0",,,"false","0","0","0","0",,,"75.56","6.83","29.58","0",,"suspenso","em_aberto",,,,
"f258cd39-1026-4c0d-b714-8b677a30ca4b","f2794994-c616-4a17-9a5c-fd44aa9d906c","2b1aa7ca-91d6-44fc-b667-8fb9bfeffb53","a4a095f0-be83-4620-8532-a5a04540b0e0",,"05/2025","2025-05-12","279.85","341.1","judicializado","Origem: Conversão de Relatório | Sistema: Safira | Recibo: 3004005362 | Multa: R$ 5,60 | Correção: R$ 13,76 | Juros: R$ 41,89 | Total do Recibo: R$ 341,10",,"2026-07-16T16:59:17.834727+00:00","2026-08-12T14:47:42.684518+00:00","importacao_cobrancas - 16/07/2026, 13:55",,,"novo","0","0",,,"false","0","0","0","0",,,"41.89","5.6","13.76","0",,"judicializado","em_aberto",,,,
"f29513fd-97ca-4cf7-b3c6-a9b80c707b7c","f2794994-c616-4a17-9a5c-fd44aa9d906c","2b1aa7ca-91d6-44fc-b667-8fb9bfeffb53","80831fd7-c781-4377-b472-d62d6d5cf239",,"10/2024","2024-10-10","341.38","459.33","suspenso","Origem: Conversão de Relatório | Sistema: Safira | Recibo: 3004002940 | Multa: R$ 6,83 | Correção: R$ 31,40 | Juros: R$ 79,72 | Total do Recibo: R$ 459,33",,"2026-07-16T16:57:47.12252+00:00","2026-08-12T14:47:42.684518+00:00","importacao_cobrancas - 16/07/2026, 13:55",,,"novo","0","0",,,"false","0","0","0","0",,,"79.72","6.83","31.4","0",,"suspenso","em_aberto",,,,
"f4408dce-6c75-4e1e-8b12-8d1a5c222fe6","f2794994-c616-4a17-9a5c-fd44aa9d906c","2b1aa7ca-91d6-44fc-b667-8fb9bfeffb53","c06708a7-29f4-4d96-84bb-f722332131d8",,"04/2025","2025-04-10","289.03","362.04","novo","Origem: Conversão de Relatório | Sistema: Safira | Recibo: 3004003025 | Multa: R$ 5,78 | Correção: R$ 20,01 | Juros: R$ 47,22 | Total do Recibo: R$ 362,04",,"2026-07-16T16:57:50.98085+00:00","2026-08-12T14:47:42.684518+00:00","importacao_cobrancas - 16/07/2026, 13:55",,,"novo","0","0",,,"false","0","0","0","0",,,"47.22","5.78","20.01","0",,"novo","em_aberto",,,,
"f52e466f-2571-442c-b17c-adc906d27562","f2794994-c616-4a17-9a5c-fd44aa9d906c","2b1aa7ca-91d6-44fc-b667-8fb9bfeffb53","a4afd645-2781-4bb7-afbf-668b18a9a253",,"12/2024","2024-12-10","144.88","189.65","judicializado","Origem: Conversão de Relatório | Sistema: Safira | Recibo: 3004041413 | Multa: R$ 2,90 | Correção: R$ 11,59 | Juros: R$ 30,28 | Total do Recibo: R$ 189,65",,"2026-07-16T16:59:19.225446+00:00","2026-08-12T14:47:42.684518+00:00","importacao_cobrancas - 16/07/2026, 13:55",,,"novo","0","0",,,"false","0","0","0","0",,,"30.28","2.9","11.59","0",,"judicializado","em_aberto",,,,
"f6953e25-a094-4e1f-a142-a68278f57c4e","f2794994-c616-4a17-9a5c-fd44aa9d906c","2b1aa7ca-91d6-44fc-b667-8fb9bfeffb53","c32c8041-ee02-48bd-a082-31dd4a335140",,"08/2024","2024-08-12","350.95","480.57","judicializado","Origem: Conversão de Relatório | Sistema: Safira | Recibo: 3004002185 | Multa: R$ 7,02 | Correção: R$ 32,74 | Juros: R$ 89,86 | Total do Recibo: R$ 480,57",,"2026-07-16T16:57:30.904934+00:00","2026-08-12T14:47:42.684518+00:00","importacao_cobrancas - 16/07/2026, 13:55",,,"novo","0","0",,,"false","0","0","0","0",,,"89.86","7.02","32.74","0",,"judicializado","em_aberto",,,,
"f7881e50-9162-4f11-9723-05926afed711","f2794994-c616-4a17-9a5c-fd44aa9d906c","2b1aa7ca-91d6-44fc-b667-8fb9bfeffb53","86070e69-9a3b-4206-aa1a-7aee35af07c6",,"11/2024","2024-11-11","341.38","453.35","suspenso","Origem: Conversão de Relatório | Sistema: Safira | Recibo: 3004002843 | Multa: R$ 6,83 | Correção: R$ 29,58 | Juros: R$ 75,56 | Total do Recibo: R$ 453,35",,"2026-07-16T16:57:43.834002+00:00","2026-08-12T14:47:42.684518+00:00","importacao_cobrancas - 16/07/2026, 13:55",,,"novo","0","0",,,"false","0","0","0","0",,,"75.56","6.83","29.58","0",,"suspenso","em_aberto",,,,
"fb973ffc-19b0-499a-83b8-dee3af23bdbb","f2794994-c616-4a17-9a5c-fd44aa9d906c","2b1aa7ca-91d6-44fc-b667-8fb9bfeffb53","47cbbdf1-21f0-4dc3-9933-020245146465",,"05/2025","2025-05-12","289.03","352.28","novo","Origem: Conversão de Relatório | Sistema: Safira | Recibo: 3004000476 | Multa: R$ 5,78 | Correção: R$ 14,21 | Juros: R$ 43,26 | Total do Recibo: R$ 352,28",,"2026-07-16T16:56:14.201343+00:00","2026-08-12T14:47:42.684518+00:00","importacao_cobrancas - 16/07/2026, 13:55",,,"novo","0","0",,,"false","0","0","0","0",,,"43.26","5.78","14.21","0",,"novo","em_aberto",,,,
"fe511362-7fed-4cb6-88d3-3bbb3483491e","f2794994-c616-4a17-9a5c-fd44aa9d906c","2b1aa7ca-91d6-44fc-b667-8fb9bfeffb53","c32c8041-ee02-48bd-a082-31dd4a335140",,"03/2024","2024-03-25","96.34","137.95","judicializado","Origem: Conversão de Relatório | Sistema: Safira | Recibo: 3004002134 | Multa: R$ 1,93 | Correção: R$ 10,35 | Juros: R$ 29,33 | Total do Recibo: R$ 137,95",,"2026-07-16T16:57:29.811739+00:00","2026-08-12T14:47:42.684518+00:00","importacao_cobrancas - 16/07/2026, 13:55",,,"novo","0","0",,,"false","0","0","0","0",,,"29.33","1.93","10.35","0",,"judicializado","em_aberto",,,,
"ff516fae-8cd6-419f-964b-c5545e884ca7","f2794994-c616-4a17-9a5c-fd44aa9d906c","2b1aa7ca-91d6-44fc-b667-8fb9bfeffb53","47cbbdf1-21f0-4dc3-9933-020245146465",,"02/2025","2025-02-10","289.03","368.97","novo","Origem: Conversão de Relatório | Sistema: Safira | Recibo: 3004007209 | Multa: R$ 5,78 | Correção: R$ 20,55 | Juros: R$ 53,61 | Total do Recibo: R$ 368,97",,"2026-07-16T16:56:13.350205+00:00","2026-08-12T14:47:42.684518+00:00","importacao_cobrancas - 16/07/2026, 13:55",,,"novo","0","0",,,"false","0","0","0","0",,,"53.61","5.78","20.55","0",,"novo","em_aberto",,,,
"012c003c-fbf3-4e63-8ad3-0f6d6b452450","f2794994-c616-4a17-9a5c-fd44aa9d906c","2b1aa7ca-91d6-44fc-b667-8fb9bfeffb53","bbdfe19a-a846-4d31-89c1-59200a4abc5b",,"02/2025","2025-02-10","289.03","368.97","judicializado","Origem: Conversão de Relatório | Sistema: Safira | Recibo: 3004007284 | Multa: R$ 5,78 | Correção: R$ 20,55 | Juros: R$ 53,61 | Total do Recibo: R$ 368,97",,"2026-07-16T16:56:20.673229+00:00","2026-08-12T14:47:42.684518+00:00","importacao_cobrancas - 16/07/2026, 13:55",,,"novo","0","0",,,"false","0","0","0","0",,,"53.61","5.78","20.55","0",,"judicializado","em_aberto",,,,
"0161e5e9-385e-4e8d-b2f2-726b67c42016","f2794994-c616-4a17-9a5c-fd44aa9d906c","2b1aa7ca-91d6-44fc-b667-8fb9bfeffb53","a96c74ec-d5ad-4c59-9fc4-33d9bf597e06",,"10/2024","2024-10-10","341.38","459.33","suspenso","Origem: Conversão de Relatório | Sistema: Safira | Recibo: 3004001685 | Multa: R$ 6,83 | Correção: R$ 31,40 | Juros: R$ 79,72 | Total do Recibo: R$ 459,33",,"2026-07-16T16:57:04.628218+00:00","2026-08-12T14:47:42.684518+00:00","importacao_cobrancas - 16/07/2026, 13:55",,,"novo","0","0",,,"false","0","0","0","0",,,"79.72","6.83","31.4","0",,"suspenso","em_aberto",,,,
"03586793-98d7-4052-9e39-442bdb4a99bc","f2794994-c616-4a17-9a5c-fd44aa9d906c","2b1aa7ca-91d6-44fc-b667-8fb9bfeffb53","1e2ff1ea-393b-4d1c-ac30-3797948fec57",,"05/2024","2024-05-10","341.38","484.08","judicializado","Origem: Conversão de Relatório | Sistema: Safira | Recibo: 3004004200 | Multa: R$ 6,83 | Correção: R$ 35,98 | Juros: R$ 99,89 | Total do Recibo: R$ 484,08",,"2026-07-16T16:58:40.903214+00:00","2026-08-12T14:47:42.684518+00:00","importacao_cobrancas - 16/07/2026, 13:55",,,"novo","0","0",,,"false","0","0","0","0",,,"99.89","6.83","35.98","0",,"judicializado","em_aberto",,,,
"09cbb730-c018-452b-8207-0f45640bf970","f2794994-c616-4a17-9a5c-fd44aa9d906c","2b1aa7ca-91d6-44fc-b667-8fb9bfeffb53","1361789c-31ff-446e-a660-8e7c5d05a182",,"04/2025","2025-04-10","291.38","365","judicializado","Origem: Conversão de Relatório | Sistema: Safira | Recibo: 3004000611 | Multa: R$ 5,83 | Correção: R$ 20,18 | Juros: R$ 47,61 | Total do Recibo: R$ 365,00",,"2026-07-16T16:56:17.607076+00:00","2026-08-12T14:47:42.684518+00:00","importacao_cobrancas - 16/07/2026, 13:55",,,"novo","0","0",,,"false","0","0","0","0",,,"47.61","5.83","20.18","0",,"judicializado","em_aberto",,,,
"0a02b737-68dc-491f-8ddf-a198b6b28dd7","f2794994-c616-4a17-9a5c-fd44aa9d906c","2b1aa7ca-91d6-44fc-b667-8fb9bfeffb53","1e2ff1ea-393b-4d1c-ac30-3797948fec57",,"12/2024","2024-12-10","341.38","446.86","judicializado","Origem: Conversão de Relatório | Sistema: Safira | Recibo: 3004004277 | Multa: R$ 6,83 | Correção: R$ 27,30 | Juros: R$ 71,35 | Total do Recibo: R$ 446,86",,"2026-07-16T16:58:42.415432+00:00","2026-08-12T14:47:42.684518+00:00","importacao_cobrancas - 16/07/2026, 13:55",,,"novo","0","0",,,"false","0","0","0","0",,,"71.35","6.83","27.3","0",,"judicializado","em_aberto",,,,
"0ba7b2a2-5892-444d-8bb1-66705d0c6af5","f2794994-c616-4a17-9a5c-fd44aa9d906c","2b1aa7ca-91d6-44fc-b667-8fb9bfeffb53","2d698c19-e41a-457f-829f-1c9ad5db9ed4",,"10/2024","2024-10-10","350.95","472.19","suspenso","Origem: Conversão de Relatório | Sistema: Safira | Recibo: 3004004110 | Multa: R$ 7,02 | Correção: R$ 32,27 | Juros: R$ 81,95 | Total do Recibo: R$ 472,19",,"2026-07-16T16:58:37.633366+00:00","2026-08-12T14:47:42.684518+00:00","importacao_cobrancas - 16/07/2026, 13:55",,,"novo","0","0",,,"false","0","0","0","0",,,"81.95","7.02","32.27","0",,"suspenso","em_aberto",,,,
"0c182a8d-ca4b-4495-9ddb-3a160549fe59","f2794994-c616-4a17-9a5c-fd44aa9d906c","2b1aa7ca-91d6-44fc-b667-8fb9bfeffb53","a61f7aed-d6c9-4ed7-8f72-5960cc9219ce",,"09/2024","2024-09-05","101.84","137.97","judicializado","Origem: Conversão de Relatório | Sistema: Safira | Recibo: 3004020726 | Multa: R$ 2,04 | Correção: R$ 9,21 | Juros: R$ 24,88 | Total do Recibo: R$ 137,97",,"2026-07-16T16:58:16.71429+00:00","2026-08-12T14:47:42.684518+00:00","importacao_cobrancas - 16/07/2026, 13:55",,,"novo","0","0",,,"false","0","0","0","0",,,"24.88","2.04","9.21","0",,"judicializado","em_aberto",,,,
"0d5fff36-048b-42d2-8f84-9e8466db111e","f2794994-c616-4a17-9a5c-fd44aa9d906c","2b1aa7ca-91d6-44fc-b667-8fb9bfeffb53","3cbb5819-6b0e-48e0-baa0-bb973cdf5c94",,"05/2025","2025-05-12","289.03","352.28","novo","Origem: Conversão de Relatório | Sistema: Safira | Recibo: 3004003106 | Multa: R$ 5,78 | Correção: R$ 14,21 | Juros: R$ 43,26 | Total do Recibo: R$ 352,28",,"2026-07-16T16:57:55.076561+00:00","2026-08-12T14:47:42.684518+00:00","importacao_cobrancas - 16/07/2026, 13:55",,,"novo","0","0",,,"false","0","0","0","0",,,"43.26","5.78","14.21","0",,"novo","em_aberto",,,,
"12f6a417-26b1-41d6-817c-5a5d48f258d7","f2794994-c616-4a17-9a5c-fd44aa9d906c","2b1aa7ca-91d6-44fc-b667-8fb9bfeffb53","2d698c19-e41a-457f-829f-1c9ad5db9ed4",,"11/2024","2024-11-11","350.95","466.07","suspenso","Origem: Conversão de Relatório | Sistema: Safira | Recibo: 3004004129 | Multa: R$ 7,02 | Correção: R$ 30,42 | Juros: R$ 77,68 | Total do Recibo: R$ 466,07",,"2026-07-16T16:58:37.833461+00:00","2026-08-12T14:47:42.684518+00:00","importacao_cobrancas - 16/07/2026, 13:55",,,"novo","0","0",,,"false","0","0","0","0",,,"77.68","7.02","30.42","0",,"suspenso","em_aberto",,,,
"18684e9a-077d-468f-87d0-8d61980baa7c","f2794994-c616-4a17-9a5c-fd44aa9d906c","2b1aa7ca-91d6-44fc-b667-8fb9bfeffb53","2d698c19-e41a-457f-829f-1c9ad5db9ed4",,"09/2024","2024-09-10","350.95","475.43","suspenso","Origem: Conversão de Relatório | Sistema: Safira | Recibo: 3004004102 | Multa: R$ 7,02 | Correção: R$ 31,73 | Juros: R$ 85,73 | Total do Recibo: R$ 475,43",,"2026-07-16T16:58:37.430062+00:00","2026-08-12T14:47:42.684518+00:00","importacao_cobrancas - 16/07/2026, 13:55",,,"novo","0","0",,,"false","0","0","0","0",,,"85.73","7.02","31.73","0",,"suspenso","em_aberto",,,,
"1908fae0-536c-4f7c-b109-b10e696e5178","f2794994-c616-4a17-9a5c-fd44aa9d906c","2b1aa7ca-91d6-44fc-b667-8fb9bfeffb53","2d698c19-e41a-457f-829f-1c9ad5db9ed4",,"03/2025","2025-03-10","279.85","353.6","novo","Origem: Conversão de Relatório | Sistema: Safira | Recibo: 3004004153 | Multa: R$ 5,60 | Correção: R$ 19,38 | Juros: R$ 48,77 | Total do Recibo: R$ 353,60",,"2026-07-16T16:58:38.593299+00:00","2026-08-12T14:47:42.684518+00:00","importacao_cobrancas - 16/07/2026, 13:55",,,"novo","0","0",,,"false","0","0","0","0",,,"48.77","5.6","19.38","0",,"novo","em_aberto",,,,
"1a07ddc8-12d8-469a-b563-2563bfe76e7d","f2794994-c616-4a17-9a5c-fd44aa9d906c","2b1aa7ca-91d6-44fc-b667-8fb9bfeffb53","a96c74ec-d5ad-4c59-9fc4-33d9bf597e06",,"11/2024","2024-11-11","341.38","453.35","suspenso","Origem: Conversão de Relatório | Sistema: Safira | Recibo: 3004001693 | Multa: R$ 6,83 | Correção: R$ 29,58 | Juros: R$ 75,56 | Total do Recibo: R$ 453,35",,"2026-07-16T16:57:04.845303+00:00","2026-08-12T14:47:42.684518+00:00","importacao_cobrancas - 16/07/2026, 13:55",,,"novo","0","0",,,"false","0","0","0","0",,,"75.56","6.83","29.58","0",,"suspenso","em_aberto",,,,
"20536554-d34a-4fb3-ba81-67f0c5ea5b93","f2794994-c616-4a17-9a5c-fd44aa9d906c","2b1aa7ca-91d6-44fc-b667-8fb9bfeffb53","bbdfe19a-a846-4d31-89c1-59200a4abc5b",,"11/2025","2025-11-05","143.47","163.16","judicializado","Origem: Conversão de Relatório | Sistema: Safira | Recibo: 3004007390 | Multa: R$ 2,87 | Correção: R$ 4,73 | Juros: R$ 12,09 | Total do Recibo: R$ 163,16",,"2026-07-16T16:56:22.752053+00:00","2026-08-12T14:47:42.684518+00:00","importacao_cobrancas - 16/07/2026, 13:55",,,"novo","0","0",,,"false","0","0","0","0",,,"12.09","2.87","4.73","0",,"judicializado","em_aberto",,,,
"22aab856-7624-45fc-b512-4c6ff75f04b4","f2794994-c616-4a17-9a5c-fd44aa9d906c","2b1aa7ca-91d6-44fc-b667-8fb9bfeffb53","824a7176-953e-4f7b-8870-536c4793d5dd",,"04/2025","2025-04-10","279.85","350.55","judicializado","Origem: Conversão de Relatório | Sistema: Safira | Recibo: 3004006296 | Multa: R$ 5,60 | Correção: R$ 19,38 | Juros: R$ 45,72 | Total do Recibo: R$ 350,55",,"2026-07-16T16:55:46.790006+00:00","2026-08-12T14:47:42.684518+00:00","importacao_cobrancas - 16/07/2026, 13:55",,,"novo","0","0",,,"false","0","0","0","0",,,"45.72","5.6","19.38","0",,"judicializado","em_aberto",,,,
"233fd20d-9b76-4feb-913f-a4d3878237b1","f2794994-c616-4a17-9a5c-fd44aa9d906c","2b1aa7ca-91d6-44fc-b667-8fb9bfeffb53","1e2ff1ea-393b-4d1c-ac30-3797948fec57",,"10/2024","2024-10-10","341.38","459.33","judicializado","Origem: Conversão de Relatório | Sistema: Safira | Recibo: 3004004250 | Multa: R$ 6,83 | Correção: R$ 31,40 | Juros: R$ 79,72 | Total do Recibo: R$ 459,33",,"2026-07-16T16:58:42.010675+00:00","2026-08-12T14:47:42.684518+00:00","importacao_cobrancas - 16/07/2026, 13:55",,,"novo","0","0",,,"false","0","0","0","0",,,"79.72","6.83","31.4","0",,"judicializado","em_aberto",,,,
"23b6c3fe-7bd3-4203-b26e-c4558d79bdee","f2794994-c616-4a17-9a5c-fd44aa9d906c","2b1aa7ca-91d6-44fc-b667-8fb9bfeffb53","76d0a592-ed31-4660-bec8-ee0658fc7588",,"10/2024","2024-10-10","136.56","183.74","suspenso","Origem: Conversão de Relatório | Sistema: Safira | Recibo: 3004019000 | Multa: R$ 2,73 | Correção: R$ 12,56 | Juros: R$ 31,89 | Total do Recibo: R$ 183,74",,"2026-07-16T16:56:28.344378+00:00","2026-08-12T14:47:42.684518+00:00","importacao_cobrancas - 16/07/2026, 13:55",,,"novo","0","0",,,"false","0","0","0","0",,,"31.89","2.73","12.56","0",,"suspenso","em_aberto",,,,
"294f2ed4-8dd6-4428-896d-dea56aee8c72","f2794994-c616-4a17-9a5c-fd44aa9d906c","2b1aa7ca-91d6-44fc-b667-8fb9bfeffb53","1361789c-31ff-446e-a660-8e7c5d05a182",,"11/2024","2024-11-11","341.38","453.35","judicializado","Origem: Conversão de Relatório | Sistema: Safira | Recibo: 3004000573 | Multa: R$ 6,83 | Correção: R$ 29,58 | Juros: R$ 75,56 | Total do Recibo: R$ 453,35",,"2026-07-16T16:56:16.744319+00:00","2026-08-12T14:47:42.684518+00:00","importacao_cobrancas - 16/07/2026, 13:55",,,"novo","0","0",,,"false","0","0","0","0",,,"75.56","6.83","29.58","0",,"judicializado","em_aberto",,,,
"29f50f49-0026-4454-a021-9f01186ee06b","f2794994-c616-4a17-9a5c-fd44aa9d906c","2b1aa7ca-91d6-44fc-b667-8fb9bfeffb53","14c71b52-28ca-4e63-baf1-64c291f5a0af",,"11/2024","2024-11-11","341.38","453.35","suspenso","Origem: Conversão de Relatório | Sistema: Safira | Recibo: 3004000190 | Multa: R$ 6,83 | Correção: R$ 29,58 | Juros: R$ 75,56 | Total do Recibo: R$ 453,35",,"2026-07-16T16:55:51.204342+00:00","2026-08-12T14:47:42.684518+00:00","importacao_cobrancas - 16/07/2026, 13:55",,,"novo","0","0",,,"false","0","0","0","0",,,"75.56","6.83","29.58","0",,"suspenso","em_aberto",,,,
"2b6c40a2-9bee-421a-a374-6b79225ed5e3","f2794994-c616-4a17-9a5c-fd44aa9d906c","2b1aa7ca-91d6-44fc-b667-8fb9bfeffb53","824a7176-953e-4f7b-8870-536c4793d5dd",,"02/2025","2025-02-10","279.85","357.26","judicializado","Origem: Conversão de Relatório | Sistema: Safira | Recibo: 3004006270 | Multa: R$ 5,60 | Correção: R$ 19,90 | Juros: R$ 51,91 | Total do Recibo: R$ 357,26",,"2026-07-16T16:55:46.179777+00:00","2026-08-12T14:47:42.684518+00:00","importacao_cobrancas - 16/07/2026, 13:55",,,"novo","0","0",,,"false","0","0","0","0",,,"51.91","5.6","19.9","0",,"judicializado","em_aberto",,,,
"2e164ab4-0989-4b86-a0aa-459acb324e34","f2794994-c616-4a17-9a5c-fd44aa9d906c","2b1aa7ca-91d6-44fc-b667-8fb9bfeffb53","1361789c-31ff-446e-a660-8e7c5d05a182",,"05/2025","2025-05-12","279.85","341.1","judicializado","Origem: Conversão de Relatório | Sistema: Safira | Recibo: 3004000620 | Multa: R$ 5,60 | Correção: R$ 13,76 | Juros: R$ 41,89 | Total do Recibo: R$ 341,10",,"2026-07-16T16:56:18.009196+00:00","2026-08-12T14:47:42.684518+00:00","importacao_cobrancas - 16/07/2026, 13:55",,,"novo","0","0",,,"false","0","0","0","0",,,"41.89","5.6","13.76","0",,"judicializado","em_aberto",,,,
"2eacc37b-c374-4087-9fff-51b70c6570c6","f2794994-c616-4a17-9a5c-fd44aa9d906c","2b1aa7ca-91d6-44fc-b667-8fb9bfeffb53","a61f7aed-d6c9-4ed7-8f72-5960cc9219ce",,"03/2025","2025-03-07","130.25","164.57","judicializado","Origem: Conversão de Relatório | Sistema: Safira | Recibo: 3004003564 | Multa: R$ 2,60 | Correção: R$ 9,02 | Juros: R$ 22,70 | Total do Recibo: R$ 164,57",,"2026-07-16T16:58:18.92442+00:00","2026-08-12T14:47:42.684518+00:00","importacao_cobrancas - 16/07/2026, 13:55",,,"novo","0","0",,,"false","0","0","0","0",,,"22.7","2.6","9.02","0",,"judicializado","em_aberto",,,,
"31e4ec69-8083-40e5-abe4-1a7ef6037b36","f2794994-c616-4a17-9a5c-fd44aa9d906c","2b1aa7ca-91d6-44fc-b667-8fb9bfeffb53","1361789c-31ff-446e-a660-8e7c5d05a182",,"10/2024","2024-10-10","341.38","459.33","judicializado","Origem: Conversão de Relatório | Sistema: Safira | Recibo: 3004000565 | Multa: R$ 6,83 | Correção: R$ 31,40 | Juros: R$ 79,72 | Total do Recibo: R$ 459,33",,"2026-07-16T16:56:16.551137+00:00","2026-08-12T14:47:42.684518+00:00","importacao_cobrancas - 16/07/2026, 13:55",,,"novo","0","0",,,"false","0","0","0","0",,,"79.72","6.83","31.4","0",,"judicializado","em_aberto",,,,
"3210ddc0-a47c-45a6-93ce-a7d3f092aed1","f2794994-c616-4a17-9a5c-fd44aa9d906c","2b1aa7ca-91d6-44fc-b667-8fb9bfeffb53","a61f7aed-d6c9-4ed7-8f72-5960cc9219ce",,"10/2024","2024-10-10","350.95","472.19","judicializado","Origem: Conversão de Relatório | Sistema: Safira | Recibo: 3004010080 | Multa: R$ 7,02 | Correção: R$ 32,27 | Juros: R$ 81,95 | Total do Recibo: R$ 472,19",,"2026-07-16T16:58:17.436627+00:00","2026-08-12T14:47:42.684518+00:00","importacao_cobrancas - 16/07/2026, 13:55",,,"novo","0","0",,,"false","0","0","0","0",,,"81.95","7.02","32.27","0",,"judicializado","em_aberto",,,,
"335ea2c0-0dc2-451e-ac86-182bf429eaa3","f2794994-c616-4a17-9a5c-fd44aa9d906c","2b1aa7ca-91d6-44fc-b667-8fb9bfeffb53","b2b0f253-3472-43e8-a073-52e8030102bb",,"04/2025","2025-04-10","279.85","350.55","judicializado","Origem: Conversão de Relatório | Sistema: Safira | Recibo: 3004001618 | Multa: R$ 5,60 | Correção: R$ 19,38 | Juros: R$ 45,72 | Total do Recibo: R$ 350,55",,"2026-07-16T16:57:01.547827+00:00","2026-08-12T14:47:42.684518+00:00","importacao_cobrancas - 16/07/2026, 13:55",,,"novo","0","0",,,"false","0","0","0","0",,,"45.72","5.6","19.38","0",,"judicializado","em_aberto",,,,
"36e0741c-f972-49f6-913d-3fef2f0b2235","f2794994-c616-4a17-9a5c-fd44aa9d906c","2b1aa7ca-91d6-44fc-b667-8fb9bfeffb53","f3894231-9f87-4c0f-9590-31a1bb647d77",,"06/2025","2025-06-20","289.37","343.78","novo","Origem: Conversão de Relatório | Sistema: Safira | Recibo: 3004000298 | Multa: R$ 5,79 | Correção: R$ 11,79 | Juros: R$ 36,83 | Total do Recibo: R$ 343,78",,"2026-07-16T16:55:58.674378+00:00","2026-08-12T14:47:42.684518+00:00","importacao_cobrancas - 16/07/2026, 13:55",,,"novo","0","0",,,"false","0","0","0","0",,,"36.83","5.79","11.79","0",,"novo","em_aberto",,,,
"39ead2e7-0814-4c14-9c16-5439e4911495","f2794994-c616-4a17-9a5c-fd44aa9d906c","2b1aa7ca-91d6-44fc-b667-8fb9bfeffb53","4ea5d123-159e-47c5-90b8-03440f73dd7b",,"01/2025","2025-01-17","346.87","442.81","novo","Origem: Conversão de Relatório | Sistema: Safira | Recibo: 3004000638 | Multa: R$ 6,94 | Correção: R$ 24,66 | Juros: R$ 64,34 | Total do Recibo: R$ 442,81",,"2026-07-16T16:56:25.528979+00:00","2026-08-12T14:47:42.684518+00:00","importacao_cobrancas - 16/07/2026, 13:55",,,"novo","0","0",,,"false","0","0","0","0",,,"64.34","6.94","24.66","0",,"novo","em_aberto",,,,
"3bdce5d2-4ddc-4f89-bbd0-6b24e1979841","f2794994-c616-4a17-9a5c-fd44aa9d906c","2b1aa7ca-91d6-44fc-b667-8fb9bfeffb53","14c71b52-28ca-4e63-baf1-64c291f5a0af",,"03/2025","2025-03-10","279.85","353.6","novo","Origem: Conversão de Relatório | Sistema: Safira | Recibo: 3004000239 | Multa: R$ 5,60 | Correção: R$ 19,38 | Juros: R$ 48,77 | Total do Recibo: R$ 353,60",,"2026-07-16T16:55:52.896005+00:00","2026-08-12T14:47:42.684518+00:00","importacao_cobrancas - 16/07/2026, 13:55",,,"novo","0","0",,,"false","0","0","0","0",,,"48.77","5.6","19.38","0",,"novo","em_aberto",,,,
"3df5ae1f-724f-4750-94ed-012aaa4a4a4d","f2794994-c616-4a17-9a5c-fd44aa9d906c","2b1aa7ca-91d6-44fc-b667-8fb9bfeffb53","1e2ff1ea-393b-4d1c-ac30-3797948fec57",,"11/2024","2024-11-11","341.38","453.35","judicializado","Origem: Conversão de Relatório | Sistema: Safira | Recibo: 3004004269 | Multa: R$ 6,83 | Correção: R$ 29,58 | Juros: R$ 75,56 | Total do Recibo: R$ 453,35",,"2026-07-16T16:58:42.208903+00:00","2026-08-12T14:47:42.684518+00:00","importacao_cobrancas - 16/07/2026, 13:55",,,"novo","0","0",,,"false","0","0","0","0",,,"75.56","6.83","29.58","0",,"judicializado","em_aberto",,,,
"3f772a49-317d-4e34-a2f6-3c527fc54751","f2794994-c616-4a17-9a5c-fd44aa9d906c","2b1aa7ca-91d6-44fc-b667-8fb9bfeffb53","bbdfe19a-a846-4d31-89c1-59200a4abc5b",,"11/2025","2025-11-01","143.47","163.16","judicializado","Origem: Conversão de Relatório | Sistema: Safira | Recibo: 3004007403 | Multa: R$ 2,87 | Correção: R$ 4,73 | Juros: R$ 12,09 | Total do Recibo: R$ 163,16",,"2026-07-16T16:56:22.414775+00:00","2026-08-12T14:47:42.684518+00:00","importacao_cobrancas - 16/07/2026, 13:55",,,"novo","0","0",,,"false","0","0","0","0",,,"12.09","2.87","4.73","0",,"judicializado","em_aberto",,,,
"416deb51-802e-4dcf-a699-2c40177c6ec8","f2794994-c616-4a17-9a5c-fd44aa9d906c","2b1aa7ca-91d6-44fc-b667-8fb9bfeffb53","1e2ff1ea-393b-4d1c-ac30-3797948fec57",,"06/2024","2024-06-10","341.38","478.46","judicializado","Origem: Conversão de Relatório | Sistema: Safira | Recibo: 3004004218 | Multa: R$ 6,83 | Correção: R$ 34,56 | Juros: R$ 95,69 | Total do Recibo: R$ 478,46",,"2026-07-16T16:58:41.144642+00:00","2026-08-12T14:47:42.684518+00:00","importacao_cobrancas - 16/07/2026, 13:55",,,"novo","0","0",,,"false","0","0","0","0",,,"95.69","6.83","34.56","0",,"judicializado","em_aberto",,,,
"4289a048-aa37-4cce-94ed-bf42ddc733cc","f2794994-c616-4a17-9a5c-fd44aa9d906c","2b1aa7ca-91d6-44fc-b667-8fb9bfeffb53","a96c74ec-d5ad-4c59-9fc4-33d9bf597e06",,"08/2024","2024-08-12","341.38","467.47","suspenso","Origem: Conversão de Relatório | Sistema: Safira | Recibo: 3004001669 | Multa: R$ 6,83 | Correção: R$ 31,85 | Juros: R$ 87,41 | Total do Recibo: R$ 467,47",,"2026-07-16T16:57:04.204249+00:00","2026-08-12T14:47:42.684518+00:00","importacao_cobrancas - 16/07/2026, 13:55",,,"novo","0","0",,,"false","0","0","0","0",,,"87.41","6.83","31.85","0",,"suspenso","em_aberto",,,,
"46eb997a-3006-4b27-82c0-97f10eb89891","f2794994-c616-4a17-9a5c-fd44aa9d906c","2b1aa7ca-91d6-44fc-b667-8fb9bfeffb53","2d698c19-e41a-457f-829f-1c9ad5db9ed4",,"12/2024","2024-12-10","350.95","459.38","suspenso","Origem: Conversão de Relatório | Sistema: Safira | Recibo: 3004004137 | Multa: R$ 7,02 | Correção: R$ 28,06 | Juros: R$ 73,35 | Total do Recibo: R$ 459,38",,"2026-07-16T16:58:38.097702+00:00","2026-08-12T14:47:42.684518+00:00","importacao_cobrancas - 16/07/2026, 13:55",,,"novo","0","0",,,"false","0","0","0","0",,,"73.35","7.02","28.06","0",,"suspenso","em_aberto",,,,
"471ef16f-2e29-4686-a925-de127990bc7d","f2794994-c616-4a17-9a5c-fd44aa9d906c","2b1aa7ca-91d6-44fc-b667-8fb9bfeffb53","4ea5d123-159e-47c5-90b8-03440f73dd7b",,"02/2025","2025-02-17","346.87","438.28","novo","Origem: Conversão de Relatório | Sistema: Safira | Recibo: 3004000646 | Multa: R$ 6,94 | Correção: R$ 24,02 | Juros: R$ 60,45 | Total do Recibo: R$ 438,28",,"2026-07-16T16:56:25.853714+00:00","2026-08-12T14:47:42.684518+00:00","importacao_cobrancas - 16/07/2026, 13:55",,,"novo","0","0",,,"false","0","0","0","0",,,"60.45","6.94","24.02","0",,"novo","em_aberto",,,,
"495e3eea-3435-48a0-ae47-3a0aed6cecff","f2794994-c616-4a17-9a5c-fd44aa9d906c","2b1aa7ca-91d6-44fc-b667-8fb9bfeffb53","a96c74ec-d5ad-4c59-9fc4-33d9bf597e06",,"09/2024","2024-09-10","341.38","462.48","suspenso","Origem: Conversão de Relatório | Sistema: Safira | Recibo: 3004001677 | Multa: R$ 6,83 | Correção: R$ 30,87 | Juros: R$ 83,40 | Total do Recibo: R$ 462,48",,"2026-07-16T16:57:04.425549+00:00","2026-08-12T14:47:42.684518+00:00","importacao_cobrancas - 16/07/2026, 13:55",,,"novo","0","0",,,"false","0","0","0","0",,,"83.4","6.83","30.87","0",,"suspenso","em_aberto",,,,
"4980c4b2-b426-44fd-b255-8d853b97b247","f2794994-c616-4a17-9a5c-fd44aa9d906c","2b1aa7ca-91d6-44fc-b667-8fb9bfeffb53","f3894231-9f87-4c0f-9590-31a1bb647d77",,"01/2025","2025-01-10","311.33","402.77","novo","Origem: Conversão de Relatório | Sistema: Safira | Recibo: 3004000263 | Multa: R$ 6,23 | Correção: R$ 23,77 | Juros: R$ 61,44 | Total do Recibo: R$ 402,77",,"2026-07-16T16:55:57.822107+00:00","2026-08-12T14:47:42.684518+00:00","importacao_cobrancas - 16/07/2026, 13:55",,,"novo","0","0",,,"false","0","0","0","0",,,"61.44","6.23","23.77","0",,"novo","em_aberto",,,,
"4fc0ede8-c845-4553-b76a-0a5befa84a9e","f2794994-c616-4a17-9a5c-fd44aa9d906c","2b1aa7ca-91d6-44fc-b667-8fb9bfeffb53","1e2ff1ea-393b-4d1c-ac30-3797948fec57",,"05/2025","2025-05-12","279.85","341.1","judicializado","Origem: Conversão de Relatório | Sistema: Safira | Recibo: 3004004323 | Multa: R$ 5,60 | Correção: R$ 13,76 | Juros: R$ 41,89 | Total do Recibo: R$ 341,10",,"2026-07-16T16:58:43.448958+00:00","2026-08-12T14:47:42.684518+00:00","importacao_cobrancas - 16/07/2026, 13:55",,,"novo","0","0",,,"false","0","0","0","0",,,"41.89","5.6","13.76","0",,"judicializado","em_aberto",,,,
"508bf329-4785-41b4-b87e-2edcd4e5602f","f2794994-c616-4a17-9a5c-fd44aa9d906c","2b1aa7ca-91d6-44fc-b667-8fb9bfeffb53","2d698c19-e41a-457f-829f-1c9ad5db9ed4",,"05/2025","2025-05-12","279.85","341.1","novo","Origem: Conversão de Relatório | Sistema: Safira | Recibo: 3004004170 | Multa: R$ 5,60 | Correção: R$ 13,76 | Juros: R$ 41,89 | Total do Recibo: R$ 341,10",,"2026-07-16T16:58:39.033456+00:00","2026-08-12T14:47:42.684518+00:00","importacao_cobrancas - 16/07/2026, 13:55",,,"novo","0","0",,,"false","0","0","0","0",,,"41.89","5.6","13.76","0",,"novo","em_aberto",,,,
"5237c7c7-d992-4dce-bb2c-68c63b96c5e7","f2794994-c616-4a17-9a5c-fd44aa9d906c","2b1aa7ca-91d6-44fc-b667-8fb9bfeffb53","1e2ff1ea-393b-4d1c-ac30-3797948fec57",,"08/2024","2024-08-12","341.38","467.47","judicializado","Origem: Conversão de Relatório | Sistema: Safira | Recibo: 3004004234 | Multa: R$ 6,83 | Correção: R$ 31,85 | Juros: R$ 87,41 | Total do Recibo: R$ 467,47",,"2026-07-16T16:58:41.597703+00:00","2026-08-12T14:47:42.684518+00:00","importacao_cobrancas - 16/07/2026, 13:55",,,"novo","0","0",,,"false","0","0","0","0",,,"87.41","6.83","31.85","0",,"judicializado","em_aberto",,,,
"540c39b7-2254-4f25-8322-bd018fe626b9","f2794994-c616-4a17-9a5c-fd44aa9d906c","2b1aa7ca-91d6-44fc-b667-8fb9bfeffb53","bbdfe19a-a846-4d31-89c1-59200a4abc5b",,"03/2025","2025-03-10","289.03","365.19","judicializado","Origem: Conversão de Relatório | Sistema: Safira | Recibo: 3004007306 | Multa: R$ 5,78 | Correção: R$ 20,01 | Juros: R$ 50,37 | Total do Recibo: R$ 365,19",,"2026-07-16T16:56:21.135115+00:00","2026-08-12T14:47:42.684518+00:00","importacao_cobrancas - 16/07/2026, 13:55",,,"novo","0","0",,,"false","0","0","0","0",,,"50.37","5.78","20.01","0",,"judicializado","em_aberto",,,,
"5754a929-cb81-4dfa-be2e-bacb7ccf3461","f2794994-c616-4a17-9a5c-fd44aa9d906c","2b1aa7ca-91d6-44fc-b667-8fb9bfeffb53","2d698c19-e41a-457f-829f-1c9ad5db9ed4",,"02/2025","2025-02-10","279.85","357.26","novo","Origem: Conversão de Relatório | Sistema: Safira | Recibo: 3004004145 | Multa: R$ 5,60 | Correção: R$ 19,90 | Juros: R$ 51,91 | Total do Recibo: R$ 357,26",,"2026-07-16T16:58:38.360127+00:00","2026-08-12T14:47:42.684518+00:00","importacao_cobrancas - 16/07/2026, 13:55",,,"novo","0","0",,,"false","0","0","0","0",,,"51.91","5.6","19.9","0",,"novo","em_aberto",,,,
"57f9f1bb-32ed-495e-8c5e-b99aab99e87d","f2794994-c616-4a17-9a5c-fd44aa9d906c","2b1aa7ca-91d6-44fc-b667-8fb9bfeffb53","14c71b52-28ca-4e63-baf1-64c291f5a0af",,"02/2025","2025-02-10","279.85","357.26","novo","Origem: Conversão de Relatório | Sistema: Safira | Recibo: 3004000220 | Multa: R$ 5,60 | Correção: R$ 19,90 | Juros: R$ 51,91 | Total do Recibo: R$ 357,26",,"2026-07-16T16:55:52.430055+00:00","2026-08-12T14:47:42.684518+00:00","importacao_cobrancas - 16/07/2026, 13:55",,,"novo","0","0",,,"false","0","0","0","0",,,"51.91","5.6","19.9","0",,"novo","em_aberto",,,,
"58832595-f706-482a-ad38-320bfdf2f8d0","f2794994-c616-4a17-9a5c-fd44aa9d906c","2b1aa7ca-91d6-44fc-b667-8fb9bfeffb53","14c71b52-28ca-4e63-baf1-64c291f5a0af",,"10/2024","2024-10-10","341.38","459.33","suspenso","Origem: Conversão de Relatório | Sistema: Safira | Recibo: 3004000182 | Multa: R$ 6,83 | Correção: R$ 31,40 | Juros: R$ 79,72 | Total do Recibo: R$ 459,33",,"2026-07-16T16:55:50.782094+00:00","2026-08-12T14:47:42.684518+00:00","importacao_cobrancas - 16/07/2026, 13:55",,,"novo","0","0",,,"false","0","0","0","0",,,"79.72","6.83","31.4","0",,"suspenso","em_aberto",,,,
"5f462cb7-d873-4426-8be1-186dedf0f9d8","f2794994-c616-4a17-9a5c-fd44aa9d906c","2b1aa7ca-91d6-44fc-b667-8fb9bfeffb53","a96c74ec-d5ad-4c59-9fc4-33d9bf597e06",,"06/2024","2024-06-10","341.38","478.46","suspenso","Origem: Conversão de Relatório | Sistema: Safira | Recibo: 3004001642 | Multa: R$ 6,83 | Correção: R$ 34,56 | Juros: R$ 95,69 | Total do Recibo: R$ 478,46",,"2026-07-16T16:57:03.743432+00:00","2026-08-12T14:47:42.684518+00:00","importacao_cobrancas - 16/07/2026, 13:55",,,"novo","0","0",,,"false","0","0","0","0",,,"95.69","6.83","34.56","0",,"suspenso","em_aberto",,,,
"65a185e8-9a69-4c69-abe5-e9a8a2ee9ba3","f2794994-c616-4a17-9a5c-fd44aa9d906c","2b1aa7ca-91d6-44fc-b667-8fb9bfeffb53","f3894231-9f87-4c0f-9590-31a1bb647d77",,"08/2024","2024-08-12","143.94","197.11","suspenso","Origem: Conversão de Relatório | Sistema: Safira | Recibo: 3004018561 | Multa: R$ 2,88 | Correção: R$ 13,43 | Juros: R$ 36,86 | Total do Recibo: R$ 197,11",,"2026-07-16T16:55:57.397396+00:00","2026-08-12T14:47:42.684518+00:00","importacao_cobrancas - 16/07/2026, 13:55",,,"novo","0","0",,,"false","0","0","0","0",,,"36.86","2.88","13.43","0",,"suspenso","em_aberto",,,,
"65a53e32-fb0e-4ee0-b053-54e65cfc62d8","f2794994-c616-4a17-9a5c-fd44aa9d906c","2b1aa7ca-91d6-44fc-b667-8fb9bfeffb53","bbdfe19a-a846-4d31-89c1-59200a4abc5b",,"04/2025","2025-04-10","289.03","362.04","judicializado","Origem: Conversão de Relatório | Sistema: Safira | Recibo: 3004007322 | Multa: R$ 5,78 | Correção: R$ 20,01 | Juros: R$ 47,22 | Total do Recibo: R$ 362,04",,"2026-07-16T16:56:21.580502+00:00","2026-08-12T14:47:42.684518+00:00","importacao_cobrancas - 16/07/2026, 13:55",,,"novo","0","0",,,"false","0","0","0","0",,,"47.22","5.78","20.01","0",,"judicializado","em_aberto",,,,
"6a5b5d32-e70e-4aea-a2d6-f60c13a301ce","f2794994-c616-4a17-9a5c-fd44aa9d906c","2b1aa7ca-91d6-44fc-b667-8fb9bfeffb53","a61f7aed-d6c9-4ed7-8f72-5960cc9219ce",,"03/2025","2025-03-10","289.03","365.19","judicializado","Origem: Conversão de Relatório | Sistema: Safira | Recibo: 3004003572 | Multa: R$ 5,78 | Correção: R$ 20,01 | Juros: R$ 50,37 | Total do Recibo: R$ 365,19",,"2026-07-16T16:58:19.198367+00:00","2026-08-12T14:47:42.684518+00:00","importacao_cobrancas - 16/07/2026, 13:55",,,"novo","0","0",,,"false","0","0","0","0",,,"50.37","5.78","20.01","0",,"judicializado","em_aberto",,,,
"6afa78de-5556-41ad-bd18-a3929133b1ef","f2794994-c616-4a17-9a5c-fd44aa9d906c","2b1aa7ca-91d6-44fc-b667-8fb9bfeffb53","1e2ff1ea-393b-4d1c-ac30-3797948fec57",,"03/2024","2024-03-25","93.27","133.57","judicializado","Origem: Conversão de Relatório | Sistema: Safira | Recibo: 3004004188 | Multa: R$ 1,87 | Correção: R$ 10,03 | Juros: R$ 28,40 | Total do Recibo: R$ 133,57",,"2026-07-16T16:58:40.479829+00:00","2026-08-12T14:47:42.684518+00:00","importacao_cobrancas - 16/07/2026, 13:55",,,"novo","0","0",,,"false","0","0","0","0",,,"28.4","1.87","10.03","0",,"judicializado","em_aberto",,,,
"6f789d01-ca2c-4bcb-9966-7011cfca4f29","f2794994-c616-4a17-9a5c-fd44aa9d906c","2b1aa7ca-91d6-44fc-b667-8fb9bfeffb53","bbdfe19a-a846-4d31-89c1-59200a4abc5b",,"01/2025","2025-01-06","143.47","185.6","judicializado","Origem: Conversão de Relatório | Sistema: Safira | Recibo: 3004007250 | Multa: R$ 2,87 | Correção: R$ 10,95 | Juros: R$ 28,31 | Total do Recibo: R$ 185,60",,"2026-07-16T16:56:20.033618+00:00","2026-08-12T14:47:42.684518+00:00","importacao_cobrancas - 16/07/2026, 13:55",,,"novo","0","0",,,"false","0","0","0","0",,,"28.31","2.87","10.95","0",,"judicializado","em_aberto",,,,
"73396922-0311-487b-af03-4e524ac09759","f2794994-c616-4a17-9a5c-fd44aa9d906c","2b1aa7ca-91d6-44fc-b667-8fb9bfeffb53","bbdfe19a-a846-4d31-89c1-59200a4abc5b",,"09/2025","2025-09-05","143.47","166.69","judicializado","Origem: Conversão de Relatório | Sistema: Safira | Recibo: 3004007373 | Multa: R$ 2,87 | Correção: R$ 5,20 | Juros: R$ 15,15 | Total do Recibo: R$ 166,69",,"2026-07-16T16:56:21.997897+00:00","2026-08-12T14:47:42.684518+00:00","importacao_cobrancas - 16/07/2026, 13:55",,,"novo","0","0",,,"false","0","0","0","0",,,"15.15","2.87","5.2","0",,"judicializado","em_aberto",,,,
"743c39fa-a1b8-47fe-a845-8a43503bbc8c","f2794994-c616-4a17-9a5c-fd44aa9d906c","2b1aa7ca-91d6-44fc-b667-8fb9bfeffb53","bbdfe19a-a846-4d31-89c1-59200a4abc5b",,"03/2025","2025-03-05","143.47","181.27","judicializado","Origem: Conversão de Relatório | Sistema: Safira | Recibo: 3004007292 | Multa: R$ 2,87 | Correção: R$ 9,93 | Juros: R$ 25,00 | Total do Recibo: R$ 181,27",,"2026-07-16T16:56:20.891014+00:00","2026-08-12T14:47:42.684518+00:00","importacao_cobrancas - 16/07/2026, 13:55",,,"novo","0","0",,,"false","0","0","0","0",,,"25","2.87","9.93","0",,"judicializado","em_aberto",,,,
"7465b879-e39d-4423-88af-a3c17e253893","f2794994-c616-4a17-9a5c-fd44aa9d906c","2b1aa7ca-91d6-44fc-b667-8fb9bfeffb53","14c71b52-28ca-4e63-baf1-64c291f5a0af",,"05/2025","2025-05-12","279.85","341.1","novo","Origem: Conversão de Relatório | Sistema: Safira | Recibo: 3004000255 | Multa: R$ 5,60 | Correção: R$ 13,76 | Juros: R$ 41,89 | Total do Recibo: R$ 341,10",,"2026-07-16T16:55:53.996152+00:00","2026-08-12T14:47:42.684518+00:00","importacao_cobrancas - 16/07/2026, 13:55",,,"novo","0","0",,,"false","0","0","0","0",,,"41.89","5.6","13.76","0",,"novo","em_aberto",,,,
"774f6858-06ce-44c0-99cb-92d5f1e95a17","f2794994-c616-4a17-9a5c-fd44aa9d906c","2b1aa7ca-91d6-44fc-b667-8fb9bfeffb53","bbdfe19a-a846-4d31-89c1-59200a4abc5b",,"08/2025","2025-08-05","57.39","67.42","judicializado","Origem: Conversão de Relatório | Sistema: Safira | Recibo: 3004021404 | Multa: R$ 1,15 | Correção: R$ 2,20 | Juros: R$ 6,68 | Total do Recibo: R$ 67,42",,"2026-07-16T16:56:21.796858+00:00","2026-08-12T14:47:42.684518+00:00","importacao_cobrancas - 16/07/2026, 13:55",,,"novo","0","0",,,"false","0","0","0","0",,,"6.68","1.15","2.2","0",,"judicializado","em_aberto",,,,
"77cc39cf-d22c-4102-87d3-6785a2a3c70f","f2794994-c616-4a17-9a5c-fd44aa9d906c","2b1aa7ca-91d6-44fc-b667-8fb9bfeffb53","2d698c19-e41a-457f-829f-1c9ad5db9ed4",,"08/2024","2024-08-12","350.95","480.57","suspenso","Origem: Conversão de Relatório | Sistema: Safira | Recibo: 3004004099 | Multa: R$ 7,02 | Correção: R$ 32,74 | Juros: R$ 89,86 | Total do Recibo: R$ 480,57",,"2026-07-16T16:58:37.194135+00:00","2026-08-12T14:47:42.684518+00:00","importacao_cobrancas - 16/07/2026, 13:55",,,"novo","0","0",,,"false","0","0","0","0",,,"89.86","7.02","32.74","0",,"suspenso","em_aberto",,,,
"7a3530a1-485a-4485-bd67-3e0e0328742f","f2794994-c616-4a17-9a5c-fd44aa9d906c","2b1aa7ca-91d6-44fc-b667-8fb9bfeffb53","1e2ff1ea-393b-4d1c-ac30-3797948fec57",,"04/2025","2025-04-10","279.85","350.55","judicializado","Origem: Conversão de Relatório | Sistema: Safira | Recibo: 3004004315 | Multa: R$ 5,60 | Correção: R$ 19,38 | Juros: R$ 45,72 | Total do Recibo: R$ 350,55",,"2026-07-16T16:58:43.248975+00:00","2026-08-12T14:47:42.684518+00:00","importacao_cobrancas - 16/07/2026, 13:55",,,"novo","0","0",,,"false","0","0","0","0",,,"45.72","5.6","19.38","0",,"judicializado","em_aberto",,,,
"7f9be43c-e5fe-4996-a362-d23617b1efa9","f2794994-c616-4a17-9a5c-fd44aa9d906c","2b1aa7ca-91d6-44fc-b667-8fb9bfeffb53","f3894231-9f87-4c0f-9590-31a1bb647d77",,"03/2025","2025-03-10","298.99","377.79","novo","Origem: Conversão de Relatório | Sistema: Safira | Recibo: 3004000271 | Multa: R$ 5,98 | Correção: R$ 20,71 | Juros: R$ 52,11 | Total do Recibo: R$ 377,79",,"2026-07-16T16:55:58.232563+00:00","2026-08-12T14:47:42.684518+00:00","importacao_cobrancas - 16/07/2026, 13:55",,,"novo","0","0",,,"false","0","0","0","0",,,"52.11","5.98","20.71","0",,"novo","em_aberto",,,,
"8044d23b-f0ea-4cbc-9c12-59dca936ca1f","f2794994-c616-4a17-9a5c-fd44aa9d906c","2b1aa7ca-91d6-44fc-b667-8fb9bfeffb53","824a7176-953e-4f7b-8870-536c4793d5dd",,"03/2025","2025-03-10","279.85","353.6","judicializado","Origem: Conversão de Relatório | Sistema: Safira | Recibo: 3004006288 | Multa: R$ 5,60 | Correção: R$ 19,38 | Juros: R$ 48,77 | Total do Recibo: R$ 353,60",,"2026-07-16T16:55:46.394474+00:00","2026-08-12T14:47:42.684518+00:00","importacao_cobrancas - 16/07/2026, 13:55",,,"novo","0","0",,,"false","0","0","0","0",,,"48.77","5.6","19.38","0",,"judicializado","em_aberto",,,,
"8271a98f-7b43-4b4a-b36a-1bc4921d44f8","f2794994-c616-4a17-9a5c-fd44aa9d906c","2b1aa7ca-91d6-44fc-b667-8fb9bfeffb53","1e2ff1ea-393b-4d1c-ac30-3797948fec57",,"07/2024","2024-07-10","341.38","472.45","judicializado","Origem: Conversão de Relatório | Sistema: Safira | Recibo: 3004004226 | Multa: R$ 6,83 | Correção: R$ 32,80 | Juros: R$ 91,44 | Total do Recibo: R$ 472,45",,"2026-07-16T16:58:41.355836+00:00","2026-08-12T14:47:42.684518+00:00","importacao_cobrancas - 16/07/2026, 13:55",,,"novo","0","0",,,"false","0","0","0","0",,,"91.44","6.83","32.8","0",,"judicializado","em_aberto",,,,
"84481d2f-f3c4-4253-9161-5f5d3f2d8d16","f2794994-c616-4a17-9a5c-fd44aa9d906c","2b1aa7ca-91d6-44fc-b667-8fb9bfeffb53","bbdfe19a-a846-4d31-89c1-59200a4abc5b",,"04/2025","2025-04-07","143.47","179.71","judicializado","Origem: Conversão de Relatório | Sistema: Safira | Recibo: 3004007314 | Multa: R$ 2,87 | Correção: R$ 9,93 | Juros: R$ 23,44 | Total do Recibo: R$ 179,71",,"2026-07-16T16:56:21.332791+00:00","2026-08-12T14:47:42.684518+00:00","importacao_cobrancas - 16/07/2026, 13:55",,,"novo","0","0",,,"false","0","0","0","0",,,"23.44","2.87","9.93","0",,"judicializado","em_aberto",,,,
"846c7913-f15b-4f28-a267-5a7df676a528","f2794994-c616-4a17-9a5c-fd44aa9d906c","2b1aa7ca-91d6-44fc-b667-8fb9bfeffb53","1361789c-31ff-446e-a660-8e7c5d05a182",,"09/2024","2024-09-10","341.38","462.48","judicializado","Origem: Conversão de Relatório | Sistema: Safira | Recibo: 3004000557 | Multa: R$ 6,83 | Correção: R$ 30,87 | Juros: R$ 83,40 | Total do Recibo: R$ 462,48",,"2026-07-16T16:56:16.346605+00:00","2026-08-12T14:47:42.684518+00:00","importacao_cobrancas - 16/07/2026, 13:55",,,"novo","0","0",,,"false","0","0","0","0",,,"83.4","6.83","30.87","0",,"judicializado","em_aberto",,,,
"85171acb-119a-4f95-b46f-eea56d79fea6","f2794994-c616-4a17-9a5c-fd44aa9d906c","2b1aa7ca-91d6-44fc-b667-8fb9bfeffb53","a61f7aed-d6c9-4ed7-8f72-5960cc9219ce",,"01/2025","2025-01-10","300.95","389.33","judicializado","Origem: Conversão de Relatório | Sistema: Safira | Recibo: 3004010129 | Multa: R$ 6,02 | Correção: R$ 22,97 | Juros: R$ 59,39 | Total do Recibo: R$ 389,33",,"2026-07-16T16:58:18.390968+00:00","2026-08-12T14:47:42.684518+00:00","importacao_cobrancas - 16/07/2026, 13:55",,,"novo","0","0",,,"false","0","0","0","0",,,"59.39","6.02","22.97","0",,"judicializado","em_aberto",,,,
"8bb2f698-4d02-4529-a578-050229351b63","f2794994-c616-4a17-9a5c-fd44aa9d906c","2b1aa7ca-91d6-44fc-b667-8fb9bfeffb53","824a7176-953e-4f7b-8870-536c4793d5dd",,"05/2025","2025-05-12","279.85","341.1","judicializado","Origem: Conversão de Relatório | Sistema: Safira | Recibo: 3004006300 | Multa: R$ 5,60 | Correção: R$ 13,76 | Juros: R$ 41,89 | Total do Recibo: R$ 341,10",,"2026-07-16T16:55:47.231685+00:00","2026-08-12T14:47:42.684518+00:00","importacao_cobrancas - 16/07/2026, 13:55",,,"novo","0","0",,,"false","0","0","0","0",,,"41.89","5.6","13.76","0",,"judicializado","em_aberto",,,,
"8d5bd11a-f38a-4ecf-a503-246d4eb866da","f2794994-c616-4a17-9a5c-fd44aa9d906c","2b1aa7ca-91d6-44fc-b667-8fb9bfeffb53","b2b0f253-3472-43e8-a073-52e8030102bb",,"01/2025","2025-01-10","291.38","376.96","judicializado","Origem: Conversão de Relatório | Sistema: Safira | Recibo: 3004001588 | Multa: R$ 5,83 | Correção: R$ 22,25 | Juros: R$ 57,50 | Total do Recibo: R$ 376,96",,"2026-07-16T16:57:00.818097+00:00","2026-08-12T14:47:42.684518+00:00","importacao_cobrancas - 16/07/2026, 13:55",,,"novo","0","0",,,"false","0","0","0","0",,,"57.5","5.83","22.25","0",,"judicializado","em_aberto",,,,
"8fa1c2e9-05c4-4252-bb61-c560a2f69a57","f2794994-c616-4a17-9a5c-fd44aa9d906c","2b1aa7ca-91d6-44fc-b667-8fb9bfeffb53","a61f7aed-d6c9-4ed7-8f72-5960cc9219ce",,"09/2024","2024-09-10","350.95","475.43","judicializado","Origem: Conversão de Relatório | Sistema: Safira | Recibo: 3004010064 | Multa: R$ 7,02 | Correção: R$ 31,73 | Juros: R$ 85,73 | Total do Recibo: R$ 475,43",,"2026-07-16T16:58:16.941306+00:00","2026-08-12T14:47:42.684518+00:00","importacao_cobrancas - 16/07/2026, 13:55",,,"novo","0","0",,,"false","0","0","0","0",,,"85.73","7.02","31.73","0",,"judicializado","em_aberto",,,,
"9020430e-2c6b-4983-82bd-a5a71b18506d","f2794994-c616-4a17-9a5c-fd44aa9d906c","2b1aa7ca-91d6-44fc-b667-8fb9bfeffb53","a61f7aed-d6c9-4ed7-8f72-5960cc9219ce",,"11/2024","2024-11-11","350.95","466.07","judicializado","Origem: Conversão de Relatório | Sistema: Safira | Recibo: 3004010102 | Multa: R$ 7,02 | Correção: R$ 30,42 | Juros: R$ 77,68 | Total do Recibo: R$ 466,07",,"2026-07-16T16:58:17.894215+00:00","2026-08-12T14:47:42.684518+00:00","importacao_cobrancas - 16/07/2026, 13:55",,,"novo","0","0",,,"false","0","0","0","0",,,"77.68","7.02","30.42","0",,"judicializado","em_aberto",,,,
"90ae1b41-ade5-4667-9944-1d9729b1d409","f2794994-c616-4a17-9a5c-fd44aa9d906c","2b1aa7ca-91d6-44fc-b667-8fb9bfeffb53","b2b0f253-3472-43e8-a073-52e8030102bb",,"02/2025","2025-02-10","279.85","357.26","judicializado","Origem: Conversão de Relatório | Sistema: Safira | Recibo: 3004001596 | Multa: R$ 5,60 | Correção: R$ 19,90 | Juros: R$ 51,91 | Total do Recibo: R$ 357,26",,"2026-07-16T16:57:01.053138+00:00","2026-08-12T14:47:42.684518+00:00","importacao_cobrancas - 16/07/2026, 13:55",,,"novo","0","0",,,"false","0","0","0","0",,,"51.91","5.6","19.9","0",,"judicializado","em_aberto",,,,
"92ed519b-0006-4f6d-b60b-1b42d98728bc","f2794994-c616-4a17-9a5c-fd44aa9d906c","2b1aa7ca-91d6-44fc-b667-8fb9bfeffb53","a96c74ec-d5ad-4c59-9fc4-33d9bf597e06",,"05/2024","2024-05-10","341.38","484.08","suspenso","Origem: Conversão de Relatório | Sistema: Safira | Recibo: 3004001634 | Multa: R$ 6,83 | Correção: R$ 35,98 | Juros: R$ 99,89 | Total do Recibo: R$ 484,08",,"2026-07-16T16:57:03.536197+00:00","2026-08-12T14:47:42.684518+00:00","importacao_cobrancas - 16/07/2026, 13:55",,,"novo","0","0",,,"false","0","0","0","0",,,"99.89","6.83","35.98","0",,"suspenso","em_aberto",,,,
"932eadce-cb7e-4b00-880a-c5584da20d35","f2794994-c616-4a17-9a5c-fd44aa9d906c","2b1aa7ca-91d6-44fc-b667-8fb9bfeffb53","1e2ff1ea-393b-4d1c-ac30-3797948fec57",,"02/2025","2025-02-10","279.85","357.26","judicializado","Origem: Conversão de Relatório | Sistema: Safira | Recibo: 3004004293 | Multa: R$ 5,60 | Correção: R$ 19,90 | Juros: R$ 51,91 | Total do Recibo: R$ 357,26",,"2026-07-16T16:58:42.839396+00:00","2026-08-12T14:47:42.684518+00:00","importacao_cobrancas - 16/07/2026, 13:55",,,"novo","0","0",,,"false","0","0","0","0",,,"51.91","5.6","19.9","0",,"judicializado","em_aberto",,,,
"957ebbd3-6251-4bba-b200-6cf8a6a8019b","f2794994-c616-4a17-9a5c-fd44aa9d906c","2b1aa7ca-91d6-44fc-b667-8fb9bfeffb53","824a7176-953e-4f7b-8870-536c4793d5dd",,"01/2025","2025-01-10","291.38","376.96","judicializado","Origem: Conversão de Relatório | Sistema: Safira | Recibo: 3004006261 | Multa: R$ 5,83 | Correção: R$ 22,25 | Juros: R$ 57,50 | Total do Recibo: R$ 376,96",,"2026-07-16T16:55:45.963847+00:00","2026-08-12T14:47:42.684518+00:00","importacao_cobrancas - 16/07/2026, 13:55",,,"novo","0","0",,,"false","0","0","0","0",,,"57.5","5.83","22.25","0",,"judicializado","em_aberto",,,,
"96f715b7-1e27-4206-85bd-cf7fa0a8a8e5","f2794994-c616-4a17-9a5c-fd44aa9d906c","2b1aa7ca-91d6-44fc-b667-8fb9bfeffb53","8d23a662-622d-4a24-b2af-650f809240ba",,"05/2025","2025-05-12","289.03","352.28","novo","Origem: Conversão de Relatório | Sistema: Safira | Recibo: 3004001375 | Multa: R$ 5,78 | Correção: R$ 14,21 | Juros: R$ 43,26 | Total do Recibo: R$ 352,28",,"2026-07-16T16:56:57.057318+00:00","2026-08-12T14:47:42.684518+00:00","importacao_cobrancas - 16/07/2026, 13:55",,,"novo","0","0",,,"false","0","0","0","0",,,"43.26","5.78","14.21","0",,"novo","em_aberto",,,,
"97d0a725-ef80-47ff-85f6-58c59d34b68f","f2794994-c616-4a17-9a5c-fd44aa9d906c","2b1aa7ca-91d6-44fc-b667-8fb9bfeffb53","1361789c-31ff-446e-a660-8e7c5d05a182",,"01/2025","2025-01-10","291.38","376.96","judicializado","Origem: Conversão de Relatório | Sistema: Safira | Recibo: 3004000590 | Multa: R$ 5,83 | Correção: R$ 22,25 | Juros: R$ 57,50 | Total do Recibo: R$ 376,96",,"2026-07-16T16:56:17.177678+00:00","2026-08-12T14:47:42.684518+00:00","importacao_cobrancas - 16/07/2026, 13:55",,,"novo","0","0",,,"false","0","0","0","0",,,"57.5","5.83","22.25","0",,"judicializado","em_aberto",,,,
"983ab493-1de2-45ec-8311-8cadb8a14492","f2794994-c616-4a17-9a5c-fd44aa9d906c","2b1aa7ca-91d6-44fc-b667-8fb9bfeffb53","bbdfe19a-a846-4d31-89c1-59200a4abc5b",,"02/2025","2025-02-05","143.47","183.15","judicializado","Origem: Conversão de Relatório | Sistema: Safira | Recibo: 3004007276 | Multa: R$ 2,87 | Correção: R$ 10,20 | Juros: R$ 26,61 | Total do Recibo: R$ 183,15",,"2026-07-16T16:56:20.456953+00:00","2026-08-12T14:47:42.684518+00:00","importacao_cobrancas - 16/07/2026, 13:55",,,"novo","0","0",,,"false","0","0","0","0",,,"26.61","2.87","10.2","0",,"judicializado","em_aberto",,,,
"9ac4a688-b705-47d7-9c86-7d8d0130ee66","f2794994-c616-4a17-9a5c-fd44aa9d906c","2b1aa7ca-91d6-44fc-b667-8fb9bfeffb53","4ea5d123-159e-47c5-90b8-03440f73dd7b",,"10/2024","2024-10-10","361.33","486.17","suspenso","Origem: Conversão de Relatório | Sistema: Safira | Recibo: 3004007543 | Multa: R$ 7,23 | Correção: R$ 33,23 | Juros: R$ 84,38 | Total do Recibo: R$ 486,17",,"2026-07-16T16:56:25.331294+00:00","2026-08-12T14:47:42.684518+00:00","importacao_cobrancas - 16/07/2026, 13:55",,,"novo","0","0",,,"false","0","0","0","0",,,"84.38","7.23","33.23","0",,"suspenso","em_aberto",,,,
"9b730f90-5f83-47ae-bef8-f6d3525eefa3","f2794994-c616-4a17-9a5c-fd44aa9d906c","2b1aa7ca-91d6-44fc-b667-8fb9bfeffb53","14c71b52-28ca-4e63-baf1-64c291f5a0af",,"12/2024","2024-12-10","341.38","446.86","suspenso","Origem: Conversão de Relatório | Sistema: Safira | Recibo: 3004000204 | Multa: R$ 6,83 | Correção: R$ 27,30 | Juros: R$ 71,35 | Total do Recibo: R$ 446,86",,"2026-07-16T16:55:51.620472+00:00","2026-08-12T14:47:42.684518+00:00","importacao_cobrancas - 16/07/2026, 13:55",,,"novo","0","0",,,"false","0","0","0","0",,,"71.35","6.83","27.3","0",,"suspenso","em_aberto",,,,
"9d13f0ac-8e28-4800-a372-d61241642af0","f2794994-c616-4a17-9a5c-fd44aa9d906c","2b1aa7ca-91d6-44fc-b667-8fb9bfeffb53","14c71b52-28ca-4e63-baf1-64c291f5a0af",,"04/2025","2025-04-10","279.85","350.55","novo","Origem: Conversão de Relatório | Sistema: Safira | Recibo: 3004000247 | Multa: R$ 5,60 | Correção: R$ 19,38 | Juros: R$ 45,72 | Total do Recibo: R$ 350,55",,"2026-07-16T16:55:53.413377+00:00","2026-08-12T14:47:42.684518+00:00","importacao_cobrancas - 16/07/2026, 13:55",,,"novo","0","0",,,"false","0","0","0","0",,,"45.72","5.6","19.38","0",,"novo","em_aberto",,,,
"9f0c4662-a668-4fa8-b933-134e744007be","f2794994-c616-4a17-9a5c-fd44aa9d906c","2b1aa7ca-91d6-44fc-b667-8fb9bfeffb53","bbdfe19a-a846-4d31-89c1-59200a4abc5b",,"01/2025","2025-01-10","300.95","389.33","judicializado","Origem: Conversão de Relatório | Sistema: Safira | Recibo: 3004007268 | Multa: R$ 6,02 | Correção: R$ 22,97 | Juros: R$ 59,39 | Total do Recibo: R$ 389,33",,"2026-07-16T16:56:20.231993+00:00","2026-08-12T14:47:42.684518+00:00","importacao_cobrancas - 16/07/2026, 13:55",,,"novo","0","0",,,"false","0","0","0","0",,,"59.39","6.02","22.97","0",,"judicializado","em_aberto",,,,
"a1b44146-9f4e-4f2a-b122-f5963689f54c","f2794994-c616-4a17-9a5c-fd44aa9d906c","2b1aa7ca-91d6-44fc-b667-8fb9bfeffb53","4ea5d123-159e-47c5-90b8-03440f73dd7b",,"05/2025","2025-05-12","298.99","364.42","novo","Origem: Conversão de Relatório | Sistema: Safira | Recibo: 3004000662 | Multa: R$ 5,98 | Correção: R$ 14,70 | Juros: R$ 44,75 | Total do Recibo: R$ 364,42",,"2026-07-16T16:56:26.270623+00:00","2026-08-12T14:47:42.684518+00:00","importacao_cobrancas - 16/07/2026, 13:55",,,"novo","0","0",,,"false","0","0","0","0",,,"44.75","5.98","14.7","0",,"novo","em_aberto",,,,
"a4272838-761e-4393-872b-1803f16cafcb","f2794994-c616-4a17-9a5c-fd44aa9d906c","2b1aa7ca-91d6-44fc-b667-8fb9bfeffb53","a61f7aed-d6c9-4ed7-8f72-5960cc9219ce",,"12/2024","2024-12-10","350.95","459.38","judicializado","Origem: Conversão de Relatório | Sistema: Safira | Recibo: 3004010110 | Multa: R$ 7,02 | Correção: R$ 28,06 | Juros: R$ 73,35 | Total do Recibo: R$ 459,38",,"2026-07-16T16:58:18.097808+00:00","2026-08-12T14:47:42.684518+00:00","importacao_cobrancas - 16/07/2026, 13:55",,,"novo","0","0",,,"false","0","0","0","0",,,"73.35","7.02","28.06","0",,"judicializado","em_aberto",,,,
"a528ca26-7a99-48d6-9703-27045307bef3","f2794994-c616-4a17-9a5c-fd44aa9d906c","2b1aa7ca-91d6-44fc-b667-8fb9bfeffb53","bbdfe19a-a846-4d31-89c1-59200a4abc5b",,"12/2024","2024-12-10","292.8","383.26","judicializado","Origem: Conversão de Relatório | Sistema: Safira | Recibo: 3004036428 | Multa: R$ 5,86 | Correção: R$ 23,41 | Juros: R$ 61,19 | Total do Recibo: R$ 383,26",,"2026-07-16T16:56:19.819226+00:00","2026-08-12T14:47:42.684518+00:00","importacao_cobrancas - 16/07/2026, 13:55",,,"novo","0","0",,,"false","0","0","0","0",,,"61.19","5.86","23.41","0",,"judicializado","em_aberto",,,,
"a5a648d1-6153-4971-8ea8-d41b67821a91","f2794994-c616-4a17-9a5c-fd44aa9d906c","2b1aa7ca-91d6-44fc-b667-8fb9bfeffb53","f3894231-9f87-4c0f-9590-31a1bb647d77",,"05/2025","2025-05-20","289.37","348.12","novo","Origem: Conversão de Relatório | Sistema: Safira | Recibo: 3004000280 | Multa: R$ 5,79 | Correção: R$ 12,91 | Juros: R$ 40,05 | Total do Recibo: R$ 348,12",,"2026-07-16T16:55:58.462497+00:00","2026-08-12T14:47:42.684518+00:00","importacao_cobrancas - 16/07/2026, 13:55",,,"novo","0","0",,,"false","0","0","0","0",,,"40.05","5.79","12.91","0",,"novo","em_aberto",,,,
"a8678481-6834-47f6-a406-5ae72a23741a","f2794994-c616-4a17-9a5c-fd44aa9d906c","2b1aa7ca-91d6-44fc-b667-8fb9bfeffb53","b2b0f253-3472-43e8-a073-52e8030102bb",,"03/2025","2025-03-10","279.85","353.6","judicializado","Origem: Conversão de Relatório | Sistema: Safira | Recibo: 3004001600 | Multa: R$ 5,60 | Correção: R$ 19,38 | Juros: R$ 48,77 | Total do Recibo: R$ 353,60",,"2026-07-16T16:57:01.292947+00:00","2026-08-12T14:47:42.684518+00:00","importacao_cobrancas - 16/07/2026, 13:55",,,"novo","0","0",,,"false","0","0","0","0",,,"48.77","5.6","19.38","0",,"judicializado","em_aberto",,,,
"ab7e7fbd-2ff0-45a0-b0c9-b7a124542859","f2794994-c616-4a17-9a5c-fd44aa9d906c","2b1aa7ca-91d6-44fc-b667-8fb9bfeffb53","a61f7aed-d6c9-4ed7-8f72-5960cc9219ce",,"10/2024","2024-10-07","241.82","325.37","judicializado","Origem: Conversão de Relatório | Sistema: Safira | Recibo: 3004010072 | Multa: R$ 4,84 | Correção: R$ 22,24 | Juros: R$ 56,47 | Total do Recibo: R$ 325,37",,"2026-07-16T16:58:17.205079+00:00","2026-08-12T14:47:42.684518+00:00","importacao_cobrancas - 16/07/2026, 13:55",,,"novo","0","0",,,"false","0","0","0","0",,,"56.47","4.84","22.24","0",,"judicializado","em_aberto",,,,
"b4070154-753f-4f76-8a8d-05fe677865d0","f2794994-c616-4a17-9a5c-fd44aa9d906c","2b1aa7ca-91d6-44fc-b667-8fb9bfeffb53","1e2ff1ea-393b-4d1c-ac30-3797948fec57",,"09/2024","2024-09-10","341.38","462.48","judicializado","Origem: Conversão de Relatório | Sistema: Safira | Recibo: 3004004242 | Multa: R$ 6,83 | Correção: R$ 30,87 | Juros: R$ 83,40 | Total do Recibo: R$ 462,48",,"2026-07-16T16:58:41.8121+00:00","2026-08-12T14:47:42.684518+00:00","importacao_cobrancas - 16/07/2026, 13:55",,,"novo","0","0",,,"false","0","0","0","0",,,"83.4","6.83","30.87","0",,"judicializado","em_aberto",,,,
"b4967f0e-4b6e-428e-a4c5-322c5a814d73","f2794994-c616-4a17-9a5c-fd44aa9d906c","2b1aa7ca-91d6-44fc-b667-8fb9bfeffb53","4ea5d123-159e-47c5-90b8-03440f73dd7b",,"09/2024","2024-09-10","214","289.91","suspenso","Origem: Conversão de Relatório | Sistema: Safira | Recibo: 3004018926 | Multa: R$ 4,28 | Correção: R$ 19,35 | Juros: R$ 52,28 | Total do Recibo: R$ 289,91",,"2026-07-16T16:56:25.143221+00:00","2026-08-12T14:47:42.684518+00:00","importacao_cobrancas - 16/07/2026, 13:55",,,"novo","0","0",,,"false","0","0","0","0",,,"52.28","4.28","19.35","0",,"suspenso","em_aberto",,,,
"b4e5f90b-605a-48a1-b32f-301c08dedc96","f2794994-c616-4a17-9a5c-fd44aa9d906c","2b1aa7ca-91d6-44fc-b667-8fb9bfeffb53","b2b0f253-3472-43e8-a073-52e8030102bb",,"05/2025","2025-05-12","279.85","341.1","judicializado","Origem: Conversão de Relatório | Sistema: Safira | Recibo: 3004001626 | Multa: R$ 5,60 | Correção: R$ 13,76 | Juros: R$ 41,89 | Total do Recibo: R$ 341,10",,"2026-07-16T16:57:01.765132+00:00","2026-08-12T14:47:42.684518+00:00","importacao_cobrancas - 16/07/2026, 13:55",,,"novo","0","0",,,"false","0","0","0","0",,,"41.89","5.6","13.76","0",,"judicializado","em_aberto",,,,
"b6d7280e-b69a-4a7d-9758-64140e7edd06","f2794994-c616-4a17-9a5c-fd44aa9d906c","2b1aa7ca-91d6-44fc-b667-8fb9bfeffb53","1e2ff1ea-393b-4d1c-ac30-3797948fec57",,"04/2024","2024-04-10","291.38","417.23","judicializado","Origem: Conversão de Relatório | Sistema: Safira | Recibo: 3004004196 | Multa: R$ 5,83 | Correção: R$ 31,32 | Juros: R$ 88,70 | Total do Recibo: R$ 417,23",,"2026-07-16T16:58:40.702124+00:00","2026-08-12T14:47:42.684518+00:00","importacao_cobrancas - 16/07/2026, 13:55",,,"novo","0","0",,,"false","0","0","0","0",,,"88.7","5.83","31.32","0",,"judicializado","em_aberto",,,,
"c0fbbace-c4fc-4dba-9449-2d7c1e6750fb","f2794994-c616-4a17-9a5c-fd44aa9d906c","2b1aa7ca-91d6-44fc-b667-8fb9bfeffb53","1e2ff1ea-393b-4d1c-ac30-3797948fec57",,"01/2025","2025-01-10","291.38","376.96","judicializado","Origem: Conversão de Relatório | Sistema: Safira | Recibo: 3004004285 | Multa: R$ 5,83 | Correção: R$ 22,25 | Juros: R$ 57,50 | Total do Recibo: R$ 376,96",,"2026-07-16T16:58:42.639224+00:00","2026-08-12T14:47:42.684518+00:00","importacao_cobrancas - 16/07/2026, 13:55",,,"novo","0","0",,,"false","0","0","0","0",,,"57.5","5.83","22.25","0",,"judicializado","em_aberto",,,,
"cbd4a2ef-19ce-4f23-9ae1-39fa7e72cdaa","f2794994-c616-4a17-9a5c-fd44aa9d906c","2b1aa7ca-91d6-44fc-b667-8fb9bfeffb53","bbdfe19a-a846-4d31-89c1-59200a4abc5b",,"10/2025","2025-10-06","143.47","165.53","judicializado","Origem: Conversão de Relatório | Sistema: Safira | Recibo: 3004007381 | Multa: R$ 2,87 | Correção: R$ 5,52 | Juros: R$ 13,67 | Total do Recibo: R$ 165,53",,"2026-07-16T16:56:22.212427+00:00","2026-08-12T14:47:42.684518+00:00","importacao_cobrancas - 16/07/2026, 13:55",,,"novo","0","0",,,"false","0","0","0","0",,,"13.67","2.87","5.52","0",,"judicializado","em_aberto",,,,
"cbec33ea-4162-41e4-989b-0ab1ff0cc17e","f2794994-c616-4a17-9a5c-fd44aa9d906c","2b1aa7ca-91d6-44fc-b667-8fb9bfeffb53","a96c74ec-d5ad-4c59-9fc4-33d9bf597e06",,"07/2024","2024-07-10","341.38","472.45","suspenso","Origem: Conversão de Relatório | Sistema: Safira | Recibo: 3004001650 | Multa: R$ 6,83 | Correção: R$ 32,80 | Juros: R$ 91,44 | Total do Recibo: R$ 472,45",,"2026-07-16T16:57:03.986113+00:00","2026-08-12T14:47:42.684518+00:00","importacao_cobrancas - 16/07/2026, 13:55",,,"novo","0","0",,,"false","0","0","0","0",,,"91.44","6.83","32.8","0",,"suspenso","em_aberto",,,,
"ce01bc10-c3c5-4824-84e4-e8a17cedcdf4","f2794994-c616-4a17-9a5c-fd44aa9d906c","2b1aa7ca-91d6-44fc-b667-8fb9bfeffb53","a61f7aed-d6c9-4ed7-8f72-5960cc9219ce",,"11/2024","2024-11-05","241.82","321.14","judicializado","Origem: Conversão de Relatório | Sistema: Safira | Recibo: 3004010099 | Multa: R$ 4,84 | Correção: R$ 20,96 | Juros: R$ 53,52 | Total do Recibo: R$ 321,14",,"2026-07-16T16:58:17.688467+00:00","2026-08-12T14:47:42.684518+00:00","importacao_cobrancas - 16/07/2026, 13:55",,,"novo","0","0",,,"false","0","0","0","0",,,"53.52","4.84","20.96","0",,"judicializado","em_aberto",,,,
"d23edb88-51d4-4af0-8b58-a53eb9466577","f2794994-c616-4a17-9a5c-fd44aa9d906c","2b1aa7ca-91d6-44fc-b667-8fb9bfeffb53","4ea5d123-159e-47c5-90b8-03440f73dd7b",,"04/2025","2025-04-10","298.99","374.53","novo","Origem: Conversão de Relatório | Sistema: Safira | Recibo: 3004000654 | Multa: R$ 5,98 | Correção: R$ 20,71 | Juros: R$ 48,85 | Total do Recibo: R$ 374,53",,"2026-07-16T16:56:26.071631+00:00","2026-08-12T14:47:42.684518+00:00","importacao_cobrancas - 16/07/2026, 13:55",,,"novo","0","0",,,"false","0","0","0","0",,,"48.85","5.98","20.71","0",,"novo","em_aberto",,,,
"d5590bfb-eea1-4b82-8031-c39b50c2c330","f2794994-c616-4a17-9a5c-fd44aa9d906c","2b1aa7ca-91d6-44fc-b667-8fb9bfeffb53","1361789c-31ff-446e-a660-8e7c5d05a182",,"08/2024","2024-08-12","341.38","467.47","judicializado","Origem: Conversão de Relatório | Sistema: Safira | Recibo: 3004000549 | Multa: R$ 6,83 | Correção: R$ 31,85 | Juros: R$ 87,41 | Total do Recibo: R$ 467,47",,"2026-07-16T16:56:16.124853+00:00","2026-08-12T14:47:42.684518+00:00","importacao_cobrancas - 16/07/2026, 13:55",,,"novo","0","0",,,"false","0","0","0","0",,,"87.41","6.83","31.85","0",,"judicializado","em_aberto",,,,
"d6c8cfd8-82f0-4c12-accf-c9b977e67997","f2794994-c616-4a17-9a5c-fd44aa9d906c","2b1aa7ca-91d6-44fc-b667-8fb9bfeffb53","14c71b52-28ca-4e63-baf1-64c291f5a0af",,"07/2024","2024-07-22","290.9","398.35","suspenso","Origem: Conversão de Relatório | Sistema: Safira | Recibo: 3004041499 | Multa: R$ 5,82 | Correção: R$ 27,14 | Juros: R$ 74,49 | Total do Recibo: R$ 398,35",,"2026-07-16T16:55:50.277955+00:00","2026-08-12T14:47:42.684518+00:00","importacao_cobrancas - 16/07/2026, 13:55",,,"novo","0","0",,,"false","0","0","0","0",,,"74.49","5.82","27.14","0",,"suspenso","em_aberto",,,,
"da457875-7e29-421c-bf5e-ea02405b9c23","f2794994-c616-4a17-9a5c-fd44aa9d906c","2b1aa7ca-91d6-44fc-b667-8fb9bfeffb53","2d698c19-e41a-457f-829f-1c9ad5db9ed4",,"04/2025","2025-04-10","289.03","362.04","novo","Origem: Conversão de Relatório | Sistema: Safira | Recibo: 3004004161 | Multa: R$ 5,78 | Correção: R$ 20,01 | Juros: R$ 47,22 | Total do Recibo: R$ 362,04",,"2026-07-16T16:58:38.800767+00:00","2026-08-12T14:47:42.684518+00:00","importacao_cobrancas - 16/07/2026, 13:55",,,"novo","0","0",,,"false","0","0","0","0",,,"47.22","5.78","20.01","0",,"novo","em_aberto",,,,
"e8aacac8-86e1-4b84-ac9b-8d2e414cf358","f2794994-c616-4a17-9a5c-fd44aa9d906c","2b1aa7ca-91d6-44fc-b667-8fb9bfeffb53","1e2ff1ea-393b-4d1c-ac30-3797948fec57",,"03/2025","2025-03-10","279.85","353.6","judicializado","Origem: Conversão de Relatório | Sistema: Safira | Recibo: 3004004307 | Multa: R$ 5,60 | Correção: R$ 19,38 | Juros: R$ 48,77 | Total do Recibo: R$ 353,60",,"2026-07-16T16:58:43.030868+00:00","2026-08-12T14:47:42.684518+00:00","importacao_cobrancas - 16/07/2026, 13:55",,,"novo","0","0",,,"false","0","0","0","0",,,"48.77","5.6","19.38","0",,"judicializado","em_aberto",,,,
"f2685194-e441-4e6a-8dbb-17ec1d7a833b","f2794994-c616-4a17-9a5c-fd44aa9d906c","2b1aa7ca-91d6-44fc-b667-8fb9bfeffb53","2d698c19-e41a-457f-829f-1c9ad5db9ed4",,"07/2024","2024-07-10","350.95","485.7","suspenso","Origem: Conversão de Relatório | Sistema: Safira | Recibo: 3004004080 | Multa: R$ 7,02 | Correção: R$ 33,72 | Juros: R$ 94,01 | Total do Recibo: R$ 485,70",,"2026-07-16T16:58:36.96857+00:00","2026-08-12T14:47:42.684518+00:00","importacao_cobrancas - 16/07/2026, 13:55",,,"novo","0","0",,,"false","0","0","0","0",,,"94.01","7.02","33.72","0",,"suspenso","em_aberto",,,,
"f3bcf656-6d57-41af-8eea-216f444e2a09","f2794994-c616-4a17-9a5c-fd44aa9d906c","2b1aa7ca-91d6-44fc-b667-8fb9bfeffb53","14c71b52-28ca-4e63-baf1-64c291f5a0af",,"01/2025","2025-01-10","291.38","376.96","novo","Origem: Conversão de Relatório | Sistema: Safira | Recibo: 3004000212 | Multa: R$ 5,83 | Correção: R$ 22,25 | Juros: R$ 57,50 | Total do Recibo: R$ 376,96",,"2026-07-16T16:55:52.024422+00:00","2026-08-12T14:47:42.684518+00:00","importacao_cobrancas - 16/07/2026, 13:55",,,"novo","0","0",,,"false","0","0","0","0",,,"57.5","5.83","22.25","0",,"novo","em_aberto",,,,
"f86c75f5-1af8-458c-a8b1-30416642dbae","f2794994-c616-4a17-9a5c-fd44aa9d906c","2b1aa7ca-91d6-44fc-b667-8fb9bfeffb53","1361789c-31ff-446e-a660-8e7c5d05a182",,"02/2025","2025-02-10","291.38","371.98","judicializado","Origem: Conversão de Relatório | Sistema: Safira | Recibo: 3004000603 | Multa: R$ 5,83 | Correção: R$ 20,72 | Juros: R$ 54,05 | Total do Recibo: R$ 371,98",,"2026-07-16T16:56:17.376+00:00","2026-08-12T14:47:42.684518+00:00","importacao_cobrancas - 16/07/2026, 13:55",,,"novo","0","0",,,"false","0","0","0","0",,,"54.05","5.83","20.72","0",,"judicializado","em_aberto",,,,
"fa7ccfe5-ae18-4c9c-ac81-2b649fa3c7c9","f2794994-c616-4a17-9a5c-fd44aa9d906c","2b1aa7ca-91d6-44fc-b667-8fb9bfeffb53","1361789c-31ff-446e-a660-8e7c5d05a182",,"12/2024","2024-12-10","341.38","446.86","judicializado","Origem: Conversão de Relatório | Sistema: Safira | Recibo: 3004000581 | Multa: R$ 6,83 | Correção: R$ 27,30 | Juros: R$ 71,35 | Total do Recibo: R$ 446,86",,"2026-07-16T16:56:16.965879+00:00","2026-08-12T14:47:42.684518+00:00","importacao_cobrancas - 16/07/2026, 13:55",,,"novo","0","0",,,"false","0","0","0","0",,,"71.35","6.83","27.3","0",,"judicializado","em_aberto",,,,
"fc13f3f8-7659-49c5-9d48-1c1375c18b10","f2794994-c616-4a17-9a5c-fd44aa9d906c","2b1aa7ca-91d6-44fc-b667-8fb9bfeffb53","a61f7aed-d6c9-4ed7-8f72-5960cc9219ce",,"02/2025","2025-02-10","289.03","368.97","judicializado","Origem: Conversão de Relatório | Sistema: Safira | Recibo: 3004010137 | Multa: R$ 5,78 | Correção: R$ 20,55 | Juros: R$ 53,61 | Total do Recibo: R$ 368,97",,"2026-07-16T16:58:18.722973+00:00","2026-08-12T14:47:42.684518+00:00","importacao_cobrancas - 16/07/2026, 13:55",,,"novo","0","0",,,"false","0","0","0","0",,,"53.61","5.78","20.55","0",,"judicializado","em_aberto",,,,
"fe71e1f4-421a-47ec-aaf3-ed1b2a099203","f2794994-c616-4a17-9a5c-fd44aa9d906c","2b1aa7ca-91d6-44fc-b667-8fb9bfeffb53","f3894231-9f87-4c0f-9590-31a1bb647d77",,"09/2024","2024-09-10","361.33","489.5","suspenso","Origem: Conversão de Relatório | Sistema: Safira | Recibo: 3004006385 | Multa: R$ 7,23 | Correção: R$ 32,67 | Juros: R$ 88,27 | Total do Recibo: R$ 489,50",,"2026-07-16T16:55:57.594834+00:00","2026-08-12T14:47:42.684518+00:00","importacao_cobrancas - 16/07/2026, 13:55",,,"novo","0","0",,,"false","0","0","0","0",,,"88.27","7.23","32.67","0",,"suspenso","em_aberto",,,,
"04780d6f-134e-4d41-b45f-510d97663a65","f2794994-c616-4a17-9a5c-fd44aa9d906c","2b1aa7ca-91d6-44fc-b667-8fb9bfeffb53","437e0007-fea3-4aa2-b970-af0a1d78ebf2",,"01/2025","2025-01-17","774.81","989.12","novo","Origem: Conversão de Relatório | Sistema: Safira | Recibo: 3004003149 | Multa: R$ 15,50 | Correção: R$ 55,09 | Juros: R$ 143,72 | Total do Recibo: R$ 989,12",,"2026-07-16T16:57:57.207196+00:00","2026-08-12T14:47:42.684518+00:00","importacao_cobrancas - 16/07/2026, 13:55",,,"novo","0","0",,,"false","0","0","0","0",,,"143.72","15.5","55.09","0",,"novo","em_aberto",,,,
"0bccdd13-2acd-4661-9bbf-ac10520309f1","f2794994-c616-4a17-9a5c-fd44aa9d906c","2b1aa7ca-91d6-44fc-b667-8fb9bfeffb53","437e0007-fea3-4aa2-b970-af0a1d78ebf2",,"11/2024","2024-11-25","258.27","338.07","suspenso","Origem: Conversão de Relatório | Sistema: Safira | Recibo: 3004009376 | Multa: R$ 5,17 | Correção: R$ 20,65 | Juros: R$ 53,98 | Total do Recibo: R$ 338,07",,"2026-07-16T16:57:56.763958+00:00","2026-08-12T14:47:42.684518+00:00","importacao_cobrancas - 16/07/2026, 13:55",,,"novo","0","0",,,"false","0","0","0","0",,,"53.98","5.17","20.65","0",,"suspenso","em_aberto",,,,
"0bd09d7d-221b-4800-9ff0-c6725cb6fbeb","f2794994-c616-4a17-9a5c-fd44aa9d906c","2b1aa7ca-91d6-44fc-b667-8fb9bfeffb53","7ed561dd-fa3e-4af6-90d3-e57f5ea446ab",,"10/2024","2024-10-10","89.67","120.65","suspenso","Origem: Conversão de Relatório | Sistema: Safira | Recibo: 3004019442 | Multa: R$ 1,79 | Correção: R$ 8,25 | Juros: R$ 20,94 | Total do Recibo: R$ 120,65",,"2026-07-16T16:57:12.977968+00:00","2026-08-12T14:47:42.684518+00:00","importacao_cobrancas - 16/07/2026, 13:55",,,"novo","0","0",,,"false","0","0","0","0",,,"20.94","1.79","8.25","0",,"suspenso","em_aberto",,,,
"0e6497f6-102d-4641-b04e-9c8f118b9428","f2794994-c616-4a17-9a5c-fd44aa9d906c","2b1aa7ca-91d6-44fc-b667-8fb9bfeffb53","36c4a3ee-3d02-4966-88e4-bffee884eb3b",,"04/2025","2025-04-10","289.82","363.03","novo","Origem: Conversão de Relatório | Sistema: Safira | Recibo: 3004000719 | Multa: R$ 5,80 | Correção: R$ 20,06 | Juros: R$ 47,35 | Total do Recibo: R$ 363,03",,"2026-07-16T16:56:34.202606+00:00","2026-08-12T14:47:42.684518+00:00","importacao_cobrancas - 16/07/2026, 13:55",,,"novo","0","0",,,"false","0","0","0","0",,,"47.35","5.8","20.06","0",,"novo","em_aberto",,,,
"11cb1ce8-695d-4d77-b284-8119baff3437","f2794994-c616-4a17-9a5c-fd44aa9d906c","2b1aa7ca-91d6-44fc-b667-8fb9bfeffb53","eaca647d-43cb-486b-8749-fdaa976d7e7d",,"12/2024","2024-12-10","341.38","446.86","judicializado","Origem: Conversão de Relatório | Sistema: Safira | Recibo: 3004001855 | Multa: R$ 6,83 | Correção: R$ 27,30 | Juros: R$ 71,35 | Total do Recibo: R$ 446,86",,"2026-07-16T16:57:09.639301+00:00","2026-08-12T14:47:42.684518+00:00","importacao_cobrancas - 16/07/2026, 13:55",,,"novo","0","0",,,"false","0","0","0","0",,,"71.35","6.83","27.3","0",,"judicializado","em_aberto",,,,
"12408c25-7376-4d20-9093-8373f1e03c61","f2794994-c616-4a17-9a5c-fd44aa9d906c","2b1aa7ca-91d6-44fc-b667-8fb9bfeffb53","58957414-4941-4b7e-ab27-35dc2e8b2377",,"12/2024","2024-12-10","350.95","459.38","suspenso","Origem: Conversão de Relatório | Sistema: Safira | Recibo: 3004008450 | Multa: R$ 7,02 | Correção: R$ 28,06 | Juros: R$ 73,35 | Total do Recibo: R$ 459,38",,"2026-07-16T16:57:16.375982+00:00","2026-08-12T14:47:42.684518+00:00","importacao_cobrancas - 16/07/2026, 13:55",,,"novo","0","0",,,"false","0","0","0","0",,,"73.35","7.02","28.06","0",,"suspenso","em_aberto",,,,
"1fc95eca-82ae-4d31-acac-cf12e01bed2c","f2794994-c616-4a17-9a5c-fd44aa9d906c","2b1aa7ca-91d6-44fc-b667-8fb9bfeffb53","a96c74ec-d5ad-4c59-9fc4-33d9bf597e06",,"12/2024","2024-12-10","341.38","446.86","suspenso","Origem: Conversão de Relatório | Sistema: Safira | Recibo: 3004001707 | Multa: R$ 6,83 | Correção: R$ 27,30 | Juros: R$ 71,35 | Total do Recibo: R$ 446,86",,"2026-07-16T16:57:05.03808+00:00","2026-08-12T14:47:42.684518+00:00","importacao_cobrancas - 16/07/2026, 13:55",,,"novo","0","0",,,"false","0","0","0","0",,,"71.35","6.83","27.3","0",,"suspenso","em_aberto",,,,
"230584f1-2d47-44e9-adc1-bd27bacf6451","f2794994-c616-4a17-9a5c-fd44aa9d906c","2b1aa7ca-91d6-44fc-b667-8fb9bfeffb53","57e441e9-bc6e-43ad-acdc-03e3447b800a",,"07/2025","2025-07-21","224.8","264.12","novo","Origem: Conversão de Relatório | Sistema: Safira | Recibo: 3004007721 | Multa: R$ 4,50 | Correção: R$ 8,65 | Juros: R$ 26,17 | Total do Recibo: R$ 264,12",,"2026-07-16T16:56:31.698341+00:00","2026-08-12T14:47:42.684518+00:00","importacao_cobrancas - 16/07/2026, 13:55",,,"novo","0","0",,,"false","0","0","0","0",,,"26.17","4.5","8.65","0",,"novo","em_aberto",,,,
"25a8bbcc-e466-429e-b3ab-4565b9b29f64","f2794994-c616-4a17-9a5c-fd44aa9d906c","2b1aa7ca-91d6-44fc-b667-8fb9bfeffb53","57e441e9-bc6e-43ad-acdc-03e3447b800a",,"08/2025","2025-08-20","224.8","261.19","novo","Origem: Conversão de Relatório | Sistema: Safira | Recibo: 3004007730 | Multa: R$ 4,50 | Correção: R$ 8,15 | Juros: R$ 23,74 | Total do Recibo: R$ 261,19",,"2026-07-16T16:56:31.890921+00:00","2026-08-12T14:47:42.684518+00:00","importacao_cobrancas - 16/07/2026, 13:55",,,"novo","0","0",,,"false","0","0","0","0",,,"23.74","4.5","8.15","0",,"novo","em_aberto",,,,
"27b3aca1-374d-474f-927d-af0378c9d002","f2794994-c616-4a17-9a5c-fd44aa9d906c","2b1aa7ca-91d6-44fc-b667-8fb9bfeffb53","7ed561dd-fa3e-4af6-90d3-e57f5ea446ab",,"12/2024","2024-12-10","178.59","233.76","suspenso","Origem: Conversão de Relatório | Sistema: Safira | Recibo: 3004008337 | Multa: R$ 3,57 | Correção: R$ 14,28 | Juros: R$ 37,32 | Total do Recibo: R$ 233,76",,"2026-07-16T16:57:13.412584+00:00","2026-08-12T14:47:42.684518+00:00","importacao_cobrancas - 16/07/2026, 13:55",,,"novo","0","0",,,"false","0","0","0","0",,,"37.32","3.57","14.28","0",,"suspenso","em_aberto",,,,
"284f694f-cc1f-4b3d-ba2d-b1737e89c26e","f2794994-c616-4a17-9a5c-fd44aa9d906c","2b1aa7ca-91d6-44fc-b667-8fb9bfeffb53","ba272536-b306-46cc-ae38-7eb631c4b8d6",,"02/2025","2025-02-10","279.85","357.26","judicializado","Origem: Conversão de Relatório | Sistema: Safira | Recibo: 3004004544 | Multa: R$ 5,60 | Correção: R$ 19,90 | Juros: R$ 51,91 | Total do Recibo: R$ 357,26",,"2026-07-16T16:58:47.129791+00:00","2026-08-12T14:47:42.684518+00:00","importacao_cobrancas - 16/07/2026, 13:55",,,"novo","0","0",,,"false","0","0","0","0",,,"51.91","5.6","19.9","0",,"judicializado","em_aberto",,,,
"28ca2588-a892-43a5-ac01-33837e3318b1","f2794994-c616-4a17-9a5c-fd44aa9d906c","2b1aa7ca-91d6-44fc-b667-8fb9bfeffb53","ba272536-b306-46cc-ae38-7eb631c4b8d6",,"04/2025","2025-04-10","279.85","350.55","judicializado","Origem: Conversão de Relatório | Sistema: Safira | Recibo: 3004004560 | Multa: R$ 5,60 | Correção: R$ 19,38 | Juros: R$ 45,72 | Total do Recibo: R$ 350,55",,"2026-07-16T16:58:47.58167+00:00","2026-08-12T14:47:42.684518+00:00","importacao_cobrancas - 16/07/2026, 13:55",,,"novo","0","0",,,"false","0","0","0","0",,,"45.72","5.6","19.38","0",,"judicializado","em_aberto",,,,
"2deca4a2-18b7-4497-b4ad-677dfb0b6fbf","f2794994-c616-4a17-9a5c-fd44aa9d906c","2b1aa7ca-91d6-44fc-b667-8fb9bfeffb53","ba272536-b306-46cc-ae38-7eb631c4b8d6",,"11/2024","2024-11-11","341.38","453.35","judicializado","Origem: Conversão de Relatório | Sistema: Safira | Recibo: 3004004510 | Multa: R$ 6,83 | Correção: R$ 29,58 | Juros: R$ 75,56 | Total do Recibo: R$ 453,35",,"2026-07-16T16:58:46.438539+00:00","2026-08-12T14:47:42.684518+00:00","importacao_cobrancas - 16/07/2026, 13:55",,,"novo","0","0",,,"false","0","0","0","0",,,"75.56","6.83","29.58","0",,"judicializado","em_aberto",,,,
"317a2057-4b07-4569-9832-dd32af8d9091","f2794994-c616-4a17-9a5c-fd44aa9d906c","2b1aa7ca-91d6-44fc-b667-8fb9bfeffb53","eaca647d-43cb-486b-8749-fdaa976d7e7d",,"07/2024","2024-07-10","341.38","472.45","judicializado","Origem: Conversão de Relatório | Sistema: Safira | Recibo: 3004001804 | Multa: R$ 6,83 | Correção: R$ 32,80 | Juros: R$ 91,44 | Total do Recibo: R$ 472,45",,"2026-07-16T16:57:08.600958+00:00","2026-08-12T14:47:42.684518+00:00","importacao_cobrancas - 16/07/2026, 13:55",,,"novo","0","0",,,"false","0","0","0","0",,,"91.44","6.83","32.8","0",,"judicializado","em_aberto",,,,
"32795a6c-715f-43ad-b4ab-11c68c61399a","f2794994-c616-4a17-9a5c-fd44aa9d906c","2b1aa7ca-91d6-44fc-b667-8fb9bfeffb53","eaca647d-43cb-486b-8749-fdaa976d7e7d",,"06/2024","2024-06-10","341.38","478.46","judicializado","Origem: Conversão de Relatório | Sistema: Safira | Recibo: 3004001790 | Multa: R$ 6,83 | Correção: R$ 34,56 | Juros: R$ 95,69 | Total do Recibo: R$ 478,46",,"2026-07-16T16:57:08.391238+00:00","2026-08-12T14:47:42.684518+00:00","importacao_cobrancas - 16/07/2026, 13:55",,,"novo","0","0",,,"false","0","0","0","0",,,"95.69","6.83","34.56","0",,"judicializado","em_aberto",,,,
"3973439f-104b-49a2-b96b-c58715155dec","f2794994-c616-4a17-9a5c-fd44aa9d906c","2b1aa7ca-91d6-44fc-b667-8fb9bfeffb53","76d0a592-ed31-4660-bec8-ee0658fc7588",,"03/2025","2025-03-06","327.72","414.07","novo","Origem: Conversão de Relatório | Sistema: Safira | Recibo: 3004000689 | Multa: R$ 6,55 | Correção: R$ 22,69 | Juros: R$ 57,11 | Total do Recibo: R$ 414,07",,"2026-07-16T16:56:29.192162+00:00","2026-08-12T14:47:42.684518+00:00","importacao_cobrancas - 16/07/2026, 13:55",,,"novo","0","0",,,"false","0","0","0","0",,,"57.11","6.55","22.69","0",,"novo","em_aberto",,,,
"39d33ab8-ce1c-47bb-bdc6-9a32099de7c1","f2794994-c616-4a17-9a5c-fd44aa9d906c","2b1aa7ca-91d6-44fc-b667-8fb9bfeffb53","c7f3a9bc-2846-4704-9d32-4fb36a209310",,"05/2024","2024-05-10","341.38","484.08","judicializado","Origem: Conversão de Relatório | Sistema: Safira | Recibo: 3004001995 | Multa: R$ 6,83 | Correção: R$ 35,98 | Juros: R$ 99,89 | Total do Recibo: R$ 484,08",,"2026-07-16T16:57:23.302432+00:00","2026-08-12T14:47:42.684518+00:00","importacao_cobrancas - 16/07/2026, 13:55",,,"novo","0","0",,,"false","0","0","0","0",,,"99.89","6.83","35.98","0",,"judicializado","em_aberto",,,,
"3a846c7e-8bf3-411a-84be-77b213928867","f2794994-c616-4a17-9a5c-fd44aa9d906c","2b1aa7ca-91d6-44fc-b667-8fb9bfeffb53","dcaaf609-548e-47e8-8cfa-41e340038227",,"07/2025","2025-07-28","414.45","486.93","novo","Origem: Conversão de Relatório | Sistema: Safira | Recibo: 3004007829 | Multa: R$ 8,29 | Correção: R$ 15,94 | Juros: R$ 48,25 | Total do Recibo: R$ 486,93",,"2026-07-16T16:56:32.719424+00:00","2026-08-12T14:47:42.684518+00:00","importacao_cobrancas - 16/07/2026, 13:55",,,"novo","0","0",,,"false","0","0","0","0",,,"48.25","8.29","15.94","0",,"novo","em_aberto",,,,
"3ab8fc35-694d-4c44-b444-4acabbeb1248","f2794994-c616-4a17-9a5c-fd44aa9d906c","2b1aa7ca-91d6-44fc-b667-8fb9bfeffb53","57e441e9-bc6e-43ad-acdc-03e3447b800a",,"11/2024","2024-11-11","351.77","467.16","suspenso","Origem: Conversão de Relatório | Sistema: Safira | Recibo: 3004007683 | Multa: R$ 7,04 | Correção: R$ 30,49 | Juros: R$ 77,86 | Total do Recibo: R$ 467,16",,"2026-07-16T16:56:30.825312+00:00","2026-08-12T14:47:42.684518+00:00","importacao_cobrancas - 16/07/2026, 13:55",,,"novo","0","0",,,"false","0","0","0","0",,,"77.86","7.04","30.49","0",,"suspenso","em_aberto",,,,
"3f18e806-fecf-4840-a929-d1bd1504148e","f2794994-c616-4a17-9a5c-fd44aa9d906c","2b1aa7ca-91d6-44fc-b667-8fb9bfeffb53","7ed561dd-fa3e-4af6-90d3-e57f5ea446ab",,"04/2024","2024-04-10","279.85","400.74","suspenso","Origem: Conversão de Relatório | Sistema: Safira | Recibo: 3004001910 | Multa: R$ 5,60 | Correção: R$ 30,09 | Juros: R$ 85,20 | Total do Recibo: R$ 400,74",,"2026-07-16T16:57:12.458134+00:00","2026-08-12T14:47:42.684518+00:00","importacao_cobrancas - 16/07/2026, 13:55",,,"novo","0","0",,,"false","0","0","0","0",,,"85.2","5.6","30.09","0",,"suspenso","em_aberto",,,,
"41701c8e-4c5a-4419-bbe1-31e957e5aabb","f2794994-c616-4a17-9a5c-fd44aa9d906c","2b1aa7ca-91d6-44fc-b667-8fb9bfeffb53","58957414-4941-4b7e-ab27-35dc2e8b2377",,"08/2024","2024-08-12","350.95","480.57","suspenso","Origem: Conversão de Relatório | Sistema: Safira | Recibo: 3004008418 | Multa: R$ 7,02 | Correção: R$ 32,74 | Juros: R$ 89,86 | Total do Recibo: R$ 480,57",,"2026-07-16T16:57:15.432411+00:00","2026-08-12T14:47:42.684518+00:00","importacao_cobrancas - 16/07/2026, 13:55",,,"novo","0","0",,,"false","0","0","0","0",,,"89.86","7.02","32.74","0",,"suspenso","em_aberto",,,,
"45b6a145-d75e-470f-9791-6a39147bccb8","f2794994-c616-4a17-9a5c-fd44aa9d906c","2b1aa7ca-91d6-44fc-b667-8fb9bfeffb53","ba272536-b306-46cc-ae38-7eb631c4b8d6",,"04/2024","2024-04-10","291.38","417.23","judicializado","Origem: Conversão de Relatório | Sistema: Safira | Recibo: 3004004447 | Multa: R$ 5,83 | Correção: R$ 31,32 | Juros: R$ 88,70 | Total do Recibo: R$ 417,23",,"2026-07-16T16:58:44.842876+00:00","2026-08-12T14:47:42.684518+00:00","importacao_cobrancas - 16/07/2026, 13:55",,,"novo","0","0",,,"false","0","0","0","0",,,"88.7","5.83","31.32","0",,"judicializado","em_aberto",,,,
"47885c98-6e64-456a-81b1-647c30eeeb25","f2794994-c616-4a17-9a5c-fd44aa9d906c","2b1aa7ca-91d6-44fc-b667-8fb9bfeffb53","eaca647d-43cb-486b-8749-fdaa976d7e7d",,"01/2025","2025-01-10","291.38","376.96","judicializado","Origem: Conversão de Relatório | Sistema: Safira | Recibo: 3004001863 | Multa: R$ 5,83 | Correção: R$ 22,25 | Juros: R$ 57,50 | Total do Recibo: R$ 376,96",,"2026-07-16T16:57:09.832499+00:00","2026-08-12T14:47:42.684518+00:00","importacao_cobrancas - 16/07/2026, 13:55",,,"novo","0","0",,,"false","0","0","0","0",,,"57.5","5.83","22.25","0",,"judicializado","em_aberto",,,,
"482b6d17-c4db-4141-b540-69f43dd3d152","f2794994-c616-4a17-9a5c-fd44aa9d906c","2b1aa7ca-91d6-44fc-b667-8fb9bfeffb53","ba272536-b306-46cc-ae38-7eb631c4b8d6",,"06/2024","2024-06-10","341.38","478.46","judicializado","Origem: Conversão de Relatório | Sistema: Safira | Recibo: 3004004463 | Multa: R$ 6,83 | Correção: R$ 34,56 | Juros: R$ 95,69 | Total do Recibo: R$ 478,46",,"2026-07-16T16:58:45.288556+00:00","2026-08-12T14:47:42.684518+00:00","importacao_cobrancas - 16/07/2026, 13:55",,,"novo","0","0",,,"false","0","0","0","0",,,"95.69","6.83","34.56","0",,"judicializado","em_aberto",,,,
"4fcd68fd-f92a-4eac-9b15-9a0e739606a0","f2794994-c616-4a17-9a5c-fd44aa9d906c","2b1aa7ca-91d6-44fc-b667-8fb9bfeffb53","a96c74ec-d5ad-4c59-9fc4-33d9bf597e06",,"04/2025","2025-04-10","279.85","350.55","novo","Origem: Conversão de Relatório | Sistema: Safira | Recibo: 3004001740 | Multa: R$ 5,60 | Correção: R$ 19,38 | Juros: R$ 45,72 | Total do Recibo: R$ 350,55",,"2026-07-16T16:57:05.879764+00:00","2026-08-12T14:47:42.684518+00:00","importacao_cobrancas - 16/07/2026, 13:55",,,"novo","0","0",,,"false","0","0","0","0",,,"45.72","5.6","19.38","0",,"novo","em_aberto",,,,
"51380b33-7be7-43b1-b14d-f5cd5363ce6d","f2794994-c616-4a17-9a5c-fd44aa9d906c","2b1aa7ca-91d6-44fc-b667-8fb9bfeffb53","cd8ee3af-46b8-42bd-be23-3018fd50e679",,"03/2024","2024-03-25","93.27","133.57","judicializado","Origem: Conversão de Relatório | Sistema: Safira | Recibo: 3004004587 | Multa: R$ 1,87 | Correção: R$ 10,03 | Juros: R$ 28,40 | Total do Recibo: R$ 133,57",,"2026-07-16T16:58:48.0111+00:00","2026-08-12T14:47:42.684518+00:00","importacao_cobrancas - 16/07/2026, 13:55",,,"novo","0","0",,,"false","0","0","0","0",,,"28.4","1.87","10.03","0",,"judicializado","em_aberto",,,,
"533f8dd6-d39a-41c6-b66c-eabd20e15967","f2794994-c616-4a17-9a5c-fd44aa9d906c","2b1aa7ca-91d6-44fc-b667-8fb9bfeffb53","58957414-4941-4b7e-ab27-35dc2e8b2377",,"03/2025","2025-03-10","289.03","365.19","novo","Origem: Conversão de Relatório | Sistema: Safira | Recibo: 3004008485 | Multa: R$ 5,78 | Correção: R$ 20,01 | Juros: R$ 50,37 | Total do Recibo: R$ 365,19",,"2026-07-16T16:57:17.167822+00:00","2026-08-12T14:47:42.684518+00:00","importacao_cobrancas - 16/07/2026, 13:55",,,"novo","0","0",,,"false","0","0","0","0",,,"50.37","5.78","20.01","0",,"novo","em_aberto",,,,
"54376f8e-c6ad-4bf3-b8ce-4ad39244d3e0","f2794994-c616-4a17-9a5c-fd44aa9d906c","2b1aa7ca-91d6-44fc-b667-8fb9bfeffb53","dcaaf609-548e-47e8-8cfa-41e340038227",,"02/2025","2025-02-10","298.99","381.69","novo","Origem: Conversão de Relatório | Sistema: Safira | Recibo: 3004007748 | Multa: R$ 5,98 | Correção: R$ 21,26 | Juros: R$ 55,46 | Total do Recibo: R$ 381,69",,"2026-07-16T16:56:32.108783+00:00","2026-08-12T14:47:42.684518+00:00","importacao_cobrancas - 16/07/2026, 13:55",,,"novo","0","0",,,"false","0","0","0","0",,,"55.46","5.98","21.26","0",,"novo","em_aberto",,,,
"55d56aa8-3f34-43b3-a440-e0290e4ac22b","f2794994-c616-4a17-9a5c-fd44aa9d906c","2b1aa7ca-91d6-44fc-b667-8fb9bfeffb53","eaca647d-43cb-486b-8749-fdaa976d7e7d",,"05/2024","2024-05-10","341.38","484.08","judicializado","Origem: Conversão de Relatório | Sistema: Safira | Recibo: 3004001782 | Multa: R$ 6,83 | Correção: R$ 35,98 | Juros: R$ 99,89 | Total do Recibo: R$ 484,08",,"2026-07-16T16:57:08.159318+00:00","2026-08-12T14:47:42.684518+00:00","importacao_cobrancas - 16/07/2026, 13:55",,,"novo","0","0",,,"false","0","0","0","0",,,"99.89","6.83","35.98","0",,"judicializado","em_aberto",,,,
"571aebef-12c0-4d6b-9786-bdf4843644c9","f2794994-c616-4a17-9a5c-fd44aa9d906c","2b1aa7ca-91d6-44fc-b667-8fb9bfeffb53","eaca647d-43cb-486b-8749-fdaa976d7e7d",,"02/2025","2025-02-10","279.85","357.26","judicializado","Origem: Conversão de Relatório | Sistema: Safira | Recibo: 3004001871 | Multa: R$ 5,60 | Correção: R$ 19,90 | Juros: R$ 51,91 | Total do Recibo: R$ 357,26",,"2026-07-16T16:57:10.069158+00:00","2026-08-12T14:47:42.684518+00:00","importacao_cobrancas - 16/07/2026, 13:55",,,"novo","0","0",,,"false","0","0","0","0",,,"51.91","5.6","19.9","0",,"judicializado","em_aberto",,,,
"5c7b7616-1459-4ee8-8c59-f443935a3032","f2794994-c616-4a17-9a5c-fd44aa9d906c","2b1aa7ca-91d6-44fc-b667-8fb9bfeffb53","58957414-4941-4b7e-ab27-35dc2e8b2377",,"10/2024","2024-10-10","350.95","472.19","suspenso","Origem: Conversão de Relatório | Sistema: Safira | Recibo: 3004008434 | Multa: R$ 7,02 | Correção: R$ 32,27 | Juros: R$ 81,95 | Total do Recibo: R$ 472,19",,"2026-07-16T16:57:15.814381+00:00","2026-08-12T14:47:42.684518+00:00","importacao_cobrancas - 16/07/2026, 13:55",,,"novo","0","0",,,"false","0","0","0","0",,,"81.95","7.02","32.27","0",,"suspenso","em_aberto",,,,
"5e20d9c4-7e7e-43fe-9f5f-a46c7b958c74","f2794994-c616-4a17-9a5c-fd44aa9d906c","2b1aa7ca-91d6-44fc-b667-8fb9bfeffb53","58957414-4941-4b7e-ab27-35dc2e8b2377",,"04/2025","2025-04-10","289.03","362.04","novo","Origem: Conversão de Relatório | Sistema: Safira | Recibo: 3004008493 | Multa: R$ 5,78 | Correção: R$ 20,01 | Juros: R$ 47,22 | Total do Recibo: R$ 362,04",,"2026-07-16T16:57:17.40985+00:00","2026-08-12T14:47:42.684518+00:00","importacao_cobrancas - 16/07/2026, 13:55",,,"novo","0","0",,,"false","0","0","0","0",,,"47.22","5.78","20.01","0",,"novo","em_aberto",,,,
"623f6852-5446-4276-8a3a-d0d871c7dc23","f2794994-c616-4a17-9a5c-fd44aa9d906c","2b1aa7ca-91d6-44fc-b667-8fb9bfeffb53","cd8ee3af-46b8-42bd-be23-3018fd50e679",,"05/2024","2024-05-10","341.38","484.08","judicializado","Origem: Conversão de Relatório | Sistema: Safira | Recibo: 3004004609 | Multa: R$ 6,83 | Correção: R$ 35,98 | Juros: R$ 99,89 | Total do Recibo: R$ 484,08",,"2026-07-16T16:58:48.548564+00:00","2026-08-12T14:47:42.684518+00:00","importacao_cobrancas - 16/07/2026, 13:55",,,"novo","0","0",,,"false","0","0","0","0",,,"99.89","6.83","35.98","0",,"judicializado","em_aberto",,,,
"65189a89-5cd0-4b83-8c3f-86637a5dcbbe","f2794994-c616-4a17-9a5c-fd44aa9d906c","2b1aa7ca-91d6-44fc-b667-8fb9bfeffb53","457e3e8e-2bb6-4501-aa31-face936f112f",,"04/2025","2025-04-10","163.63","204.96","novo","Origem: Conversão de Relatório | Sistema: Safira | Recibo: 3004019566 | Multa: R$ 3,27 | Correção: R$ 11,33 | Juros: R$ 26,73 | Total do Recibo: R$ 204,96",,"2026-07-16T16:57:19.77819+00:00","2026-08-12T14:47:42.684518+00:00","importacao_cobrancas - 16/07/2026, 13:55",,,"novo","0","0",,,"false","0","0","0","0",,,"26.73","3.27","11.33","0",,"novo","em_aberto",,,,
"665a2b5d-fe01-41d7-921a-ffd0d9a7a335","f2794994-c616-4a17-9a5c-fd44aa9d906c","2b1aa7ca-91d6-44fc-b667-8fb9bfeffb53","76d0a592-ed31-4660-bec8-ee0658fc7588",,"12/2024","2024-12-10","341.38","446.86","suspenso","Origem: Conversão de Relatório | Sistema: Safira | Recibo: 3004007640 | Multa: R$ 6,83 | Correção: R$ 27,30 | Juros: R$ 71,35 | Total do Recibo: R$ 446,86",,"2026-07-16T16:56:28.759922+00:00","2026-08-12T14:47:42.684518+00:00","importacao_cobrancas - 16/07/2026, 13:55",,,"novo","0","0",,,"false","0","0","0","0",,,"71.35","6.83","27.3","0",,"suspenso","em_aberto",,,,
"672a08d3-1344-43aa-b7ae-0b9f8d1ab48c","f2794994-c616-4a17-9a5c-fd44aa9d906c","2b1aa7ca-91d6-44fc-b667-8fb9bfeffb53","ea47ceea-db06-4985-96dd-444c1426e236",,"01/2025","2025-01-10","300.95","389.33","novo","Origem: Conversão de Relatório | Sistema: Safira | Recibo: 3004009430 | Multa: R$ 6,02 | Correção: R$ 22,97 | Juros: R$ 59,39 | Total do Recibo: R$ 389,33",,"2026-07-16T16:57:57.713478+00:00","2026-08-12T14:47:42.684518+00:00","importacao_cobrancas - 16/07/2026, 13:55",,,"novo","0","0",,,"false","0","0","0","0",,,"59.39","6.02","22.97","0",,"novo","em_aberto",,,,
"682e7408-b145-4638-a881-eb023a8996da","f2794994-c616-4a17-9a5c-fd44aa9d906c","2b1aa7ca-91d6-44fc-b667-8fb9bfeffb53","57e441e9-bc6e-43ad-acdc-03e3447b800a",,"01/2025","2025-01-10","351.77","455.09","novo","Origem: Conversão de Relatório | Sistema: Safira | Recibo: 3004007705 | Multa: R$ 7,04 | Correção: R$ 26,86 | Juros: R$ 69,42 | Total do Recibo: R$ 455,09",,"2026-07-16T16:56:31.284437+00:00","2026-08-12T14:47:42.684518+00:00","importacao_cobrancas - 16/07/2026, 13:55",,,"novo","0","0",,,"false","0","0","0","0",,,"69.42","7.04","26.86","0",,"novo","em_aberto",,,,
"683bfaae-5cb3-486e-b613-f37a5ccbc275","f2794994-c616-4a17-9a5c-fd44aa9d906c","2b1aa7ca-91d6-44fc-b667-8fb9bfeffb53","437e0007-fea3-4aa2-b970-af0a1d78ebf2",,"10/2024","2024-10-23","258.27","342.98","suspenso","Origem: Conversão de Relatório | Sistema: Safira | Recibo: 3004009368 | Multa: R$ 5,17 | Correção: R$ 22,38 | Juros: R$ 57,16 | Total do Recibo: R$ 342,98",,"2026-07-16T16:57:56.564597+00:00","2026-08-12T14:47:42.684518+00:00","importacao_cobrancas - 16/07/2026, 13:55",,,"novo","0","0",,,"false","0","0","0","0",,,"57.16","5.17","22.38","0",,"suspenso","em_aberto",,,,
"6979d464-8feb-4223-b210-683bd3b2364b","f2794994-c616-4a17-9a5c-fd44aa9d906c","2b1aa7ca-91d6-44fc-b667-8fb9bfeffb53","58957414-4941-4b7e-ab27-35dc2e8b2377",,"01/2025","2025-01-10","300.95","389.33","novo","Origem: Conversão de Relatório | Sistema: Safira | Recibo: 3004008469 | Multa: R$ 6,02 | Correção: R$ 22,97 | Juros: R$ 59,39 | Total do Recibo: R$ 389,33",,"2026-07-16T16:57:16.607975+00:00","2026-08-12T14:47:42.684518+00:00","importacao_cobrancas - 16/07/2026, 13:55",,,"novo","0","0",,,"false","0","0","0","0",,,"59.39","6.02","22.97","0",,"novo","em_aberto",,,,
"6f173607-3948-4a10-9796-354d6cce774f","f2794994-c616-4a17-9a5c-fd44aa9d906c","2b1aa7ca-91d6-44fc-b667-8fb9bfeffb53","eaca647d-43cb-486b-8749-fdaa976d7e7d",,"05/2025","2025-05-12","279.85","341.1","judicializado","Origem: Conversão de Relatório | Sistema: Safira | Recibo: 3004001901 | Multa: R$ 5,60 | Correção: R$ 13,76 | Juros: R$ 41,89 | Total do Recibo: R$ 341,10",,"2026-07-16T16:57:11.007337+00:00","2026-08-12T14:47:42.684518+00:00","importacao_cobrancas - 16/07/2026, 13:55",,,"novo","0","0",,,"false","0","0","0","0",,,"41.89","5.6","13.76","0",,"judicializado","em_aberto",,,,
"7152d55d-93ca-4341-8c83-0b877b4d0621","f2794994-c616-4a17-9a5c-fd44aa9d906c","2b1aa7ca-91d6-44fc-b667-8fb9bfeffb53","457e3e8e-2bb6-4501-aa31-face936f112f",,"05/2025","2025-05-07","432.45","527.09","judicializado","Origem: Conversão de Relatório | Sistema: Safira | Recibo: 3004008540 | Multa: R$ 8,65 | Correção: R$ 21,26 | Juros: R$ 64,73 | Total do Recibo: R$ 527,09",,"2026-07-16T16:57:19.976594+00:00","2026-08-12T14:47:42.684518+00:00","importacao_cobrancas - 16/07/2026, 13:55",,,"novo","0","0",,,"false","0","0","0","0",,,"64.73","8.65","21.26","0",,"judicializado","em_aberto",,,,
"75a3b4c8-39fa-4c4e-a7a4-e3c40f1e6a0b","f2794994-c616-4a17-9a5c-fd44aa9d906c","2b1aa7ca-91d6-44fc-b667-8fb9bfeffb53","eaca647d-43cb-486b-8749-fdaa976d7e7d",,"04/2025","2025-04-10","279.85","350.55","judicializado","Origem: Conversão de Relatório | Sistema: Safira | Recibo: 3004001898 | Multa: R$ 5,60 | Correção: R$ 19,38 | Juros: R$ 45,72 | Total do Recibo: R$ 350,55",,"2026-07-16T16:57:10.788312+00:00","2026-08-12T14:47:42.684518+00:00","importacao_cobrancas - 16/07/2026, 13:55",,,"novo","0","0",,,"false","0","0","0","0",,,"45.72","5.6","19.38","0",,"judicializado","em_aberto",,,,
"78dcdf55-29ef-4fee-a27e-456b1bcee08d","f2794994-c616-4a17-9a5c-fd44aa9d906c","2b1aa7ca-91d6-44fc-b667-8fb9bfeffb53","ba272536-b306-46cc-ae38-7eb631c4b8d6",,"09/2024","2024-09-10","341.38","462.48","judicializado","Origem: Conversão de Relatório | Sistema: Safira | Recibo: 3004004498 | Multa: R$ 6,83 | Correção: R$ 30,87 | Juros: R$ 83,40 | Total do Recibo: R$ 462,48",,"2026-07-16T16:58:45.942538+00:00","2026-08-12T14:47:42.684518+00:00","importacao_cobrancas - 16/07/2026, 13:55",,,"novo","0","0",,,"false","0","0","0","0",,,"83.4","6.83","30.87","0",,"judicializado","em_aberto",,,,
"7afbb295-bf67-458d-99b8-5ee42cbfda11","f2794994-c616-4a17-9a5c-fd44aa9d906c","2b1aa7ca-91d6-44fc-b667-8fb9bfeffb53","7ed561dd-fa3e-4af6-90d3-e57f5ea446ab",,"01/2025","2025-01-10","341.38","441.64","novo","Origem: Conversão de Relatório | Sistema: Safira | Recibo: 3004008345 | Multa: R$ 6,83 | Correção: R$ 26,06 | Juros: R$ 67,37 | Total do Recibo: R$ 441,64",,"2026-07-16T16:57:13.605635+00:00","2026-08-12T14:47:42.684518+00:00","importacao_cobrancas - 16/07/2026, 13:55",,,"novo","0","0",,,"false","0","0","0","0",,,"67.37","6.83","26.06","0",,"novo","em_aberto",,,,
"82dca085-4fc9-42dd-baab-2d04e97dea1b","f2794994-c616-4a17-9a5c-fd44aa9d906c","2b1aa7ca-91d6-44fc-b667-8fb9bfeffb53","ba272536-b306-46cc-ae38-7eb631c4b8d6",,"05/2025","2025-05-12","279.85","341.1","judicializado","Origem: Conversão de Relatório | Sistema: Safira | Recibo: 3004004579 | Multa: R$ 5,60 | Correção: R$ 13,76 | Juros: R$ 41,89 | Total do Recibo: R$ 341,10",,"2026-07-16T16:58:47.798992+00:00","2026-08-12T14:47:42.684518+00:00","importacao_cobrancas - 16/07/2026, 13:55",,,"novo","0","0",,,"false","0","0","0","0",,,"41.89","5.6","13.76","0",,"judicializado","em_aberto",,,,
"84774caf-d769-4a04-a2c3-a621123f3c28","f2794994-c616-4a17-9a5c-fd44aa9d906c","2b1aa7ca-91d6-44fc-b667-8fb9bfeffb53","457e3e8e-2bb6-4501-aa31-face936f112f",,"08/2025","2025-08-07","432.45","508.09","judicializado","Origem: Conversão de Relatório | Sistema: Safira | Recibo: 3004008574 | Multa: R$ 8,65 | Correção: R$ 16,64 | Juros: R$ 50,35 | Total do Recibo: R$ 508,09",,"2026-07-16T16:57:20.653458+00:00","2026-08-12T14:47:42.684518+00:00","importacao_cobrancas - 16/07/2026, 13:55",,,"novo","0","0",,,"false","0","0","0","0",,,"50.35","8.65","16.64","0",,"judicializado","em_aberto",,,,
"85b54927-36cd-4f9d-a80a-db9514d9dbf4","f2794994-c616-4a17-9a5c-fd44aa9d906c","2b1aa7ca-91d6-44fc-b667-8fb9bfeffb53","dcaaf609-548e-47e8-8cfa-41e340038227",,"05/2025","2025-05-27","414.45","498.59","novo","Origem: Conversão de Relatório | Sistema: Safira | Recibo: 3004007802 | Multa: R$ 8,29 | Correção: R$ 18,49 | Juros: R$ 57,36 | Total do Recibo: R$ 498,59",,"2026-07-16T16:56:32.316991+00:00","2026-08-12T14:47:42.684518+00:00","importacao_cobrancas - 16/07/2026, 13:55",,,"novo","0","0",,,"false","0","0","0","0",,,"57.36","8.29","18.49","0",,"novo","em_aberto",,,,
"87408a31-f900-4c5d-bfec-d993bada5082","f2794994-c616-4a17-9a5c-fd44aa9d906c","2b1aa7ca-91d6-44fc-b667-8fb9bfeffb53","457e3e8e-2bb6-4501-aa31-face936f112f",,"07/2025","2025-07-07","432.45","513.78","judicializado","Origem: Conversão de Relatório | Sistema: Safira | Recibo: 3004008566 | Multa: R$ 8,65 | Correção: R$ 17,63 | Juros: R$ 55,05 | Total do Recibo: R$ 513,78",,"2026-07-16T16:57:20.42928+00:00","2026-08-12T14:47:42.684518+00:00","importacao_cobrancas - 16/07/2026, 13:55",,,"novo","0","0",,,"false","0","0","0","0",,,"55.05","8.65","17.63","0",,"judicializado","em_aberto",,,,
"881e0e68-45d8-43c0-b723-6464238024cb","f2794994-c616-4a17-9a5c-fd44aa9d906c","2b1aa7ca-91d6-44fc-b667-8fb9bfeffb53","eaca647d-43cb-486b-8749-fdaa976d7e7d",,"09/2024","2024-09-10","341.38","462.48","judicializado","Origem: Conversão de Relatório | Sistema: Safira | Recibo: 3004001820 | Multa: R$ 6,83 | Correção: R$ 30,87 | Juros: R$ 83,40 | Total do Recibo: R$ 462,48",,"2026-07-16T16:57:09.020286+00:00","2026-08-12T14:47:42.684518+00:00","importacao_cobrancas - 16/07/2026, 13:55",,,"novo","0","0",,,"false","0","0","0","0",,,"83.4","6.83","30.87","0",,"judicializado","em_aberto",,,,
"899d2496-ed62-4767-9e5d-e37e14563003","f2794994-c616-4a17-9a5c-fd44aa9d906c","2b1aa7ca-91d6-44fc-b667-8fb9bfeffb53","ba272536-b306-46cc-ae38-7eb631c4b8d6",,"12/2024","2024-12-10","341.38","446.86","judicializado","Origem: Conversão de Relatório | Sistema: Safira | Recibo: 3004004528 | Multa: R$ 6,83 | Correção: R$ 27,30 | Juros: R$ 71,35 | Total do Recibo: R$ 446,86",,"2026-07-16T16:58:46.636093+00:00","2026-08-12T14:47:42.684518+00:00","importacao_cobrancas - 16/07/2026, 13:55",,,"novo","0","0",,,"false","0","0","0","0",,,"71.35","6.83","27.3","0",,"judicializado","em_aberto",,,,
"8a341ed5-6d3d-4e1e-a626-d58a8293a541","f2794994-c616-4a17-9a5c-fd44aa9d906c","2b1aa7ca-91d6-44fc-b667-8fb9bfeffb53","437e0007-fea3-4aa2-b970-af0a1d78ebf2",,"12/2024","2024-12-23","258.27","334.13","suspenso","Origem: Conversão de Relatório | Sistema: Safira | Recibo: 3004009384 | Multa: R$ 5,17 | Correção: R$ 19,72 | Juros: R$ 50,97 | Total do Recibo: R$ 334,13",,"2026-07-16T16:57:56.99566+00:00","2026-08-12T14:47:42.684518+00:00","importacao_cobrancas - 16/07/2026, 13:55",,,"novo","0","0",,,"false","0","0","0","0",,,"50.97","5.17","19.72","0",,"suspenso","em_aberto",,,,
"8a4ab5f9-2bd0-46f1-97a3-812252551eba","f2794994-c616-4a17-9a5c-fd44aa9d906c","2b1aa7ca-91d6-44fc-b667-8fb9bfeffb53","eaca647d-43cb-486b-8749-fdaa976d7e7d",,"03/2025","2025-03-10","279.85","353.6","judicializado","Origem: Conversão de Relatório | Sistema: Safira | Recibo: 3004001880 | Multa: R$ 5,60 | Correção: R$ 19,38 | Juros: R$ 48,77 | Total do Recibo: R$ 353,60",,"2026-07-16T16:57:10.338464+00:00","2026-08-12T14:47:42.684518+00:00","importacao_cobrancas - 16/07/2026, 13:55",,,"novo","0","0",,,"false","0","0","0","0",,,"48.77","5.6","19.38","0",,"judicializado","em_aberto",,,,
"8cbeb193-137f-4dc8-bae4-721239dbf1ef","f2794994-c616-4a17-9a5c-fd44aa9d906c","2b1aa7ca-91d6-44fc-b667-8fb9bfeffb53","c7f3a9bc-2846-4704-9d32-4fb36a209310",,"04/2024","2024-04-10","291.38","417.23","judicializado","Origem: Conversão de Relatório | Sistema: Safira | Recibo: 3004001987 | Multa: R$ 5,83 | Correção: R$ 31,32 | Juros: R$ 88,70 | Total do Recibo: R$ 417,23",,"2026-07-16T16:57:23.093429+00:00","2026-08-12T14:47:42.684518+00:00","importacao_cobrancas - 16/07/2026, 13:55",,,"novo","0","0",,,"false","0","0","0","0",,,"88.7","5.83","31.32","0",,"judicializado","em_aberto",,,,
"8e0b2d03-62b4-4fe2-9670-fccf356d3c28","f2794994-c616-4a17-9a5c-fd44aa9d906c","2b1aa7ca-91d6-44fc-b667-8fb9bfeffb53","7ed561dd-fa3e-4af6-90d3-e57f5ea446ab",,"11/2024","2024-11-11","162.79","216.19","suspenso","Origem: Conversão de Relatório | Sistema: Safira | Recibo: 3004008329 | Multa: R$ 3,26 | Correção: R$ 14,11 | Juros: R$ 36,03 | Total do Recibo: R$ 216,19",,"2026-07-16T16:57:13.187882+00:00","2026-08-12T14:47:42.684518+00:00","importacao_cobrancas - 16/07/2026, 13:55",,,"novo","0","0",,,"false","0","0","0","0",,,"36.03","3.26","14.11","0",,"suspenso","em_aberto",,,,
"9039ca14-3a66-4bbc-b3a4-681bb72cc6fb","f2794994-c616-4a17-9a5c-fd44aa9d906c","2b1aa7ca-91d6-44fc-b667-8fb9bfeffb53","57e441e9-bc6e-43ad-acdc-03e3447b800a",,"10/2024","2024-10-10","164.4","221.2","suspenso","Origem: Conversão de Relatório | Sistema: Safira | Recibo: 3004021102 | Multa: R$ 3,29 | Correção: R$ 15,12 | Juros: R$ 38,39 | Total do Recibo: R$ 221,20",,"2026-07-16T16:56:30.589929+00:00","2026-08-12T14:47:42.684518+00:00","importacao_cobrancas - 16/07/2026, 13:55",,,"novo","0","0",,,"false","0","0","0","0",,,"38.39","3.29","15.12","0",,"suspenso","em_aberto",,,,
"9376a4c0-0497-4325-944a-5a32352f172a","f2794994-c616-4a17-9a5c-fd44aa9d906c","2b1aa7ca-91d6-44fc-b667-8fb9bfeffb53","7ed561dd-fa3e-4af6-90d3-e57f5ea446ab",,"02/2025","2025-02-10","279.85","357.26","novo","Origem: Conversão de Relatório | Sistema: Safira | Recibo: 3004008353 | Multa: R$ 5,60 | Correção: R$ 19,90 | Juros: R$ 51,91 | Total do Recibo: R$ 357,26",,"2026-07-16T16:57:13.816653+00:00","2026-08-12T14:47:42.684518+00:00","importacao_cobrancas - 16/07/2026, 13:55",,,"novo","0","0",,,"false","0","0","0","0",,,"51.91","5.6","19.9","0",,"novo","em_aberto",,,,
"93cf3232-18ca-4114-9375-c7ff76c69fdc","f2794994-c616-4a17-9a5c-fd44aa9d906c","2b1aa7ca-91d6-44fc-b667-8fb9bfeffb53","ba272536-b306-46cc-ae38-7eb631c4b8d6",,"03/2025","2025-03-10","279.85","353.6","judicializado","Origem: Conversão de Relatório | Sistema: Safira | Recibo: 3004004552 | Multa: R$ 5,60 | Correção: R$ 19,38 | Juros: R$ 48,77 | Total do Recibo: R$ 353,60",,"2026-07-16T16:58:47.342223+00:00","2026-08-12T14:47:42.684518+00:00","importacao_cobrancas - 16/07/2026, 13:55",,,"novo","0","0",,,"false","0","0","0","0",,,"48.77","5.6","19.38","0",,"judicializado","em_aberto",,,,
"96372366-df90-46e1-916c-0f84fed57bd6","f2794994-c616-4a17-9a5c-fd44aa9d906c","2b1aa7ca-91d6-44fc-b667-8fb9bfeffb53","c7f3a9bc-2846-4704-9d32-4fb36a209310",,"03/2024","2024-03-25","92.27","132.13","judicializado","Origem: Conversão de Relatório | Sistema: Safira | Recibo: 3004001979 | Multa: R$ 1,85 | Correção: R$ 9,92 | Juros: R$ 28,09 | Total do Recibo: R$ 132,13",,"2026-07-16T16:57:22.88883+00:00","2026-08-12T14:47:42.684518+00:00","importacao_cobrancas - 16/07/2026, 13:55",,,"novo","0","0",,,"false","0","0","0","0",,,"28.09","1.85","9.92","0",,"judicializado","em_aberto",,,,
"990dc8a2-0c11-4cbd-9d1d-38398b2e7cd7","f2794994-c616-4a17-9a5c-fd44aa9d906c","2b1aa7ca-91d6-44fc-b667-8fb9bfeffb53","57e441e9-bc6e-43ad-acdc-03e3447b800a",,"06/2025","2025-06-20","224.8","267.08","novo","Origem: Conversão de Relatório | Sistema: Safira | Recibo: 3004007713 | Multa: R$ 4,50 | Correção: R$ 9,16 | Juros: R$ 28,62 | Total do Recibo: R$ 267,08",,"2026-07-16T16:56:31.502311+00:00","2026-08-12T14:47:42.684518+00:00","importacao_cobrancas - 16/07/2026, 13:55",,,"novo","0","0",,,"false","0","0","0","0",,,"28.62","4.5","9.16","0",,"novo","em_aberto",,,,
"9b4f766e-7837-408a-92f3-da9f829839d9","f2794994-c616-4a17-9a5c-fd44aa9d906c","2b1aa7ca-91d6-44fc-b667-8fb9bfeffb53","ba272536-b306-46cc-ae38-7eb631c4b8d6",,"03/2024","2024-03-25","93.27","133.57","judicializado","Origem: Conversão de Relatório | Sistema: Safira | Recibo: 3004004439 | Multa: R$ 1,87 | Correção: R$ 10,03 | Juros: R$ 28,40 | Total do Recibo: R$ 133,57",,"2026-07-16T16:58:44.633307+00:00","2026-08-12T14:47:42.684518+00:00","importacao_cobrancas - 16/07/2026, 13:55",,,"novo","0","0",,,"false","0","0","0","0",,,"28.4","1.87","10.03","0",,"judicializado","em_aberto",,,,
"9d30403f-ed76-40ff-ad47-cb0c715904e2","f2794994-c616-4a17-9a5c-fd44aa9d906c","2b1aa7ca-91d6-44fc-b667-8fb9bfeffb53","76d0a592-ed31-4660-bec8-ee0658fc7588",,"02/2025","2025-02-10","279.85","357.26","novo","Origem: Conversão de Relatório | Sistema: Safira | Recibo: 3004000670 | Multa: R$ 5,60 | Correção: R$ 19,90 | Juros: R$ 51,91 | Total do Recibo: R$ 357,26",,"2026-07-16T16:56:28.975768+00:00","2026-08-12T14:47:42.684518+00:00","importacao_cobrancas - 16/07/2026, 13:55",,,"novo","0","0",,,"false","0","0","0","0",,,"51.91","5.6","19.9","0",,"novo","em_aberto",,,,
"a2ac53e6-7f4a-4c37-ab30-8ee05801f0b1","f2794994-c616-4a17-9a5c-fd44aa9d906c","2b1aa7ca-91d6-44fc-b667-8fb9bfeffb53","ea47ceea-db06-4985-96dd-444c1426e236",,"12/2024","2024-12-10","250.46","327.83","suspenso","Origem: Conversão de Relatório | Sistema: Safira | Recibo: 3004020203 | Multa: R$ 5,01 | Correção: R$ 20,02 | Juros: R$ 52,34 | Total do Recibo: R$ 327,83",,"2026-07-16T16:57:57.515833+00:00","2026-08-12T14:47:42.684518+00:00","importacao_cobrancas - 16/07/2026, 13:55",,,"novo","0","0",,,"false","0","0","0","0",,,"52.34","5.01","20.02","0",,"suspenso","em_aberto",,,,
"a78daf7d-d5e8-430a-94fb-253b0a98d0ba","f2794994-c616-4a17-9a5c-fd44aa9d906c","2b1aa7ca-91d6-44fc-b667-8fb9bfeffb53","58957414-4941-4b7e-ab27-35dc2e8b2377",,"05/2025","2025-05-12","289.03","352.28","novo","Origem: Conversão de Relatório | Sistema: Safira | Recibo: 3004008507 | Multa: R$ 5,78 | Correção: R$ 14,21 | Juros: R$ 43,26 | Total do Recibo: R$ 352,28",,"2026-07-16T16:57:17.634925+00:00","2026-08-12T14:47:42.684518+00:00","importacao_cobrancas - 16/07/2026, 13:55",,,"novo","0","0",,,"false","0","0","0","0",,,"43.26","5.78","14.21","0",,"novo","em_aberto",,,,
"a7be9ae6-89f1-484c-81e0-a5e712ef299b","f2794994-c616-4a17-9a5c-fd44aa9d906c","2b1aa7ca-91d6-44fc-b667-8fb9bfeffb53","cd8ee3af-46b8-42bd-be23-3018fd50e679",,"04/2024","2024-04-10","291.38","417.23","judicializado","Origem: Conversão de Relatório | Sistema: Safira | Recibo: 3004004595 | Multa: R$ 5,83 | Correção: R$ 31,32 | Juros: R$ 88,70 | Total do Recibo: R$ 417,23",,"2026-07-16T16:58:48.320082+00:00","2026-08-12T14:47:42.684518+00:00","importacao_cobrancas - 16/07/2026, 13:55",,,"novo","0","0",,,"false","0","0","0","0",,,"88.7","5.83","31.32","0",,"judicializado","em_aberto",,,,
"a98190b9-c4aa-45a1-b94e-f00e6154fd64","f2794994-c616-4a17-9a5c-fd44aa9d906c","2b1aa7ca-91d6-44fc-b667-8fb9bfeffb53","58957414-4941-4b7e-ab27-35dc2e8b2377",,"02/2025","2025-02-10","289.03","368.97","novo","Origem: Conversão de Relatório | Sistema: Safira | Recibo: 3004008477 | Multa: R$ 5,78 | Correção: R$ 20,55 | Juros: R$ 53,61 | Total do Recibo: R$ 368,97",,"2026-07-16T16:57:16.806134+00:00","2026-08-12T14:47:42.684518+00:00","importacao_cobrancas - 16/07/2026, 13:55",,,"novo","0","0",,,"false","0","0","0","0",,,"53.61","5.78","20.55","0",,"novo","em_aberto",,,,
"ad94c12e-72be-404b-9361-23c8d5ac4f83","f2794994-c616-4a17-9a5c-fd44aa9d906c","2b1aa7ca-91d6-44fc-b667-8fb9bfeffb53","58957414-4941-4b7e-ab27-35dc2e8b2377",,"11/2024","2024-11-11","350.95","466.07","suspenso","Origem: Conversão de Relatório | Sistema: Safira | Recibo: 3004008442 | Multa: R$ 7,02 | Correção: R$ 30,42 | Juros: R$ 77,68 | Total do Recibo: R$ 466,07",,"2026-07-16T16:57:16.158554+00:00","2026-08-12T14:47:42.684518+00:00","importacao_cobrancas - 16/07/2026, 13:55",,,"novo","0","0",,,"false","0","0","0","0",,,"77.68","7.02","30.42","0",,"suspenso","em_aberto",,,,
"b559d20f-de6d-43dd-9307-ab4983a66eec","f2794994-c616-4a17-9a5c-fd44aa9d906c","2b1aa7ca-91d6-44fc-b667-8fb9bfeffb53","a96c74ec-d5ad-4c59-9fc4-33d9bf597e06",,"01/2025","2025-01-10","291.38","376.96","novo","Origem: Conversão de Relatório | Sistema: Safira | Recibo: 3004001715 | Multa: R$ 5,83 | Correção: R$ 22,25 | Juros: R$ 57,50 | Total do Recibo: R$ 376,96",,"2026-07-16T16:57:05.243709+00:00","2026-08-12T14:47:42.684518+00:00","importacao_cobrancas - 16/07/2026, 13:55",,,"novo","0","0",,,"false","0","0","0","0",,,"57.5","5.83","22.25","0",,"novo","em_aberto",,,,
"bcb59209-936c-4a7b-a5c8-714fbcd53a41","f2794994-c616-4a17-9a5c-fd44aa9d906c","2b1aa7ca-91d6-44fc-b667-8fb9bfeffb53","eaca647d-43cb-486b-8749-fdaa976d7e7d",,"03/2024","2024-03-25","93.27","133.57","judicializado","Origem: Conversão de Relatório | Sistema: Safira | Recibo: 3004001766 | Multa: R$ 1,87 | Correção: R$ 10,03 | Juros: R$ 28,40 | Total do Recibo: R$ 133,57",,"2026-07-16T16:57:07.732014+00:00","2026-08-12T14:47:42.684518+00:00","importacao_cobrancas - 16/07/2026, 13:55",,,"novo","0","0",,,"false","0","0","0","0",,,"28.4","1.87","10.03","0",,"judicializado","em_aberto",,,,
"bd1424e2-b9f7-4448-b085-7117210d1704","f2794994-c616-4a17-9a5c-fd44aa9d906c","2b1aa7ca-91d6-44fc-b667-8fb9bfeffb53","76d0a592-ed31-4660-bec8-ee0658fc7588",,"04/2025","2025-04-07","327.72","410.5","novo","Origem: Conversão de Relatório | Sistema: Safira | Recibo: 3004000697 | Multa: R$ 6,55 | Correção: R$ 22,69 | Juros: R$ 53,54 | Total do Recibo: R$ 410,50",,"2026-07-16T16:56:29.393209+00:00","2026-08-12T14:47:42.684518+00:00","importacao_cobrancas - 16/07/2026, 13:55",,,"novo","0","0",,,"false","0","0","0","0",,,"53.54","6.55","22.69","0",,"novo","em_aberto",,,,
"c31a530f-ae32-445c-816b-04092ae25484","f2794994-c616-4a17-9a5c-fd44aa9d906c","2b1aa7ca-91d6-44fc-b667-8fb9bfeffb53","b2ccd5d6-6af5-4378-8a52-b6ea1679fcac",,"11/2024","2024-11-11","341.38","453.35","suspenso","Origem: Conversão de Relatório | Sistema: Safira | Recibo: 3004005010 | Multa: R$ 6,83 | Correção: R$ 29,58 | Juros: R$ 75,56 | Total do Recibo: R$ 453,35",,"2026-07-16T16:58:56.427352+00:00","2026-08-12T14:47:42.684518+00:00","importacao_cobrancas - 16/07/2026, 13:55",,,"novo","0","0",,,"false","0","0","0","0",,,"75.56","6.83","29.58","0",,"suspenso","em_aberto",,,,
"c7462962-a5d9-4e25-b2a5-6de4905dbb42","f2794994-c616-4a17-9a5c-fd44aa9d906c","2b1aa7ca-91d6-44fc-b667-8fb9bfeffb53","eaca647d-43cb-486b-8749-fdaa976d7e7d",,"10/2024","2024-10-10","341.38","459.33","judicializado","Origem: Conversão de Relatório | Sistema: Safira | Recibo: 3004001839 | Multa: R$ 6,83 | Correção: R$ 31,40 | Juros: R$ 79,72 | Total do Recibo: R$ 459,33",,"2026-07-16T16:57:09.219543+00:00","2026-08-12T14:47:42.684518+00:00","importacao_cobrancas - 16/07/2026, 13:55",,,"novo","0","0",,,"false","0","0","0","0",,,"79.72","6.83","31.4","0",,"judicializado","em_aberto",,,,
"c88a48d7-ed0f-4f99-afcf-8f0c24af1f1b","f2794994-c616-4a17-9a5c-fd44aa9d906c","2b1aa7ca-91d6-44fc-b667-8fb9bfeffb53","9d9b5732-1627-4a89-bcaa-283e46743a54",,"05/2025","2025-05-12","279.85","341.1","judicializado","Origem: Conversão de Relatório | Sistema: Safira | Recibo: 3004001960 | Multa: R$ 5,60 | Correção: R$ 13,76 | Juros: R$ 41,89 | Total do Recibo: R$ 341,10",,"2026-07-16T16:57:18.352048+00:00","2026-08-12T14:47:42.684518+00:00","importacao_cobrancas - 16/07/2026, 13:55",,,"novo","0","0",,,"false","0","0","0","0",,,"41.89","5.6","13.76","0",,"judicializado","em_aberto",,,,
"ca20521d-9916-4e04-b3ea-eaf2649b8476","f2794994-c616-4a17-9a5c-fd44aa9d906c","2b1aa7ca-91d6-44fc-b667-8fb9bfeffb53","ba272536-b306-46cc-ae38-7eb631c4b8d6",,"01/2025","2025-01-10","291.38","376.96","judicializado","Origem: Conversão de Relatório | Sistema: Safira | Recibo: 3004004536 | Multa: R$ 5,83 | Correção: R$ 22,25 | Juros: R$ 57,50 | Total do Recibo: R$ 376,96",,"2026-07-16T16:58:46.91888+00:00","2026-08-12T14:47:42.684518+00:00","importacao_cobrancas - 16/07/2026, 13:55",,,"novo","0","0",,,"false","0","0","0","0",,,"57.5","5.83","22.25","0",,"judicializado","em_aberto",,,,
"cb15a5a8-9bdd-4c52-be98-de179a0ad56b","f2794994-c616-4a17-9a5c-fd44aa9d906c","2b1aa7ca-91d6-44fc-b667-8fb9bfeffb53","ba272536-b306-46cc-ae38-7eb631c4b8d6",,"10/2024","2024-10-10","341.38","459.33","judicializado","Origem: Conversão de Relatório | Sistema: Safira | Recibo: 3004004501 | Multa: R$ 6,83 | Correção: R$ 31,40 | Juros: R$ 79,72 | Total do Recibo: R$ 459,33",,"2026-07-16T16:58:46.193765+00:00","2026-08-12T14:47:42.684518+00:00","importacao_cobrancas - 16/07/2026, 13:55",,,"novo","0","0",,,"false","0","0","0","0",,,"79.72","6.83","31.4","0",,"judicializado","em_aberto",,,,
"cbe46f16-8f3b-43bf-a1bc-14360e2a1715","f2794994-c616-4a17-9a5c-fd44aa9d906c","2b1aa7ca-91d6-44fc-b667-8fb9bfeffb53","ba272536-b306-46cc-ae38-7eb631c4b8d6",,"05/2024","2024-05-10","341.38","484.08","judicializado","Origem: Conversão de Relatório | Sistema: Safira | Recibo: 3004004455 | Multa: R$ 6,83 | Correção: R$ 35,98 | Juros: R$ 99,89 | Total do Recibo: R$ 484,08",,"2026-07-16T16:58:45.074142+00:00","2026-08-12T14:47:42.684518+00:00","importacao_cobrancas - 16/07/2026, 13:55",,,"novo","0","0",,,"false","0","0","0","0",,,"99.89","6.83","35.98","0",,"judicializado","em_aberto",,,,
"d02730ef-9656-4db9-adc0-78342c37a241","f2794994-c616-4a17-9a5c-fd44aa9d906c","2b1aa7ca-91d6-44fc-b667-8fb9bfeffb53","88b13ccd-83da-431e-8f19-4433f17ee6c9",,"02/2025","2025-02-10","279.85","357.26","novo","Origem: Conversão de Relatório | Sistema: Safira | Recibo: 3004008582 | Multa: R$ 5,60 | Correção: R$ 19,90 | Juros: R$ 51,91 | Total do Recibo: R$ 357,26",,"2026-07-16T16:57:22.68231+00:00","2026-08-12T14:47:42.684518+00:00","importacao_cobrancas - 16/07/2026, 13:55",,,"novo","0","0",,,"false","0","0","0","0",,,"51.91","5.6","19.9","0",,"novo","em_aberto",,,,
"d1cc0458-80d9-4775-9488-60f139574d4c","f2794994-c616-4a17-9a5c-fd44aa9d906c","2b1aa7ca-91d6-44fc-b667-8fb9bfeffb53","dcaaf609-548e-47e8-8cfa-41e340038227",,"10/2025","2025-10-27","414.45","471.33","novo","Origem: Conversão de Relatório | Sistema: Safira | Recibo: 3004007845 | Multa: R$ 8,29 | Correção: R$ 13,68 | Juros: R$ 34,91 | Total do Recibo: R$ 471,33",,"2026-07-16T16:56:33.187588+00:00","2026-08-12T14:47:42.684518+00:00","importacao_cobrancas - 16/07/2026, 13:55",,,"novo","0","0",,,"false","0","0","0","0",,,"34.91","8.29","13.68","0",,"novo","em_aberto",,,,
"d4691a92-42d2-40a0-ba8e-d686bfe9711b","f2794994-c616-4a17-9a5c-fd44aa9d906c","2b1aa7ca-91d6-44fc-b667-8fb9bfeffb53","dcaaf609-548e-47e8-8cfa-41e340038227",,"06/2025","2025-06-27","414.45","492.39","novo","Origem: Conversão de Relatório | Sistema: Safira | Recibo: 3004007810 | Multa: R$ 8,29 | Correção: R$ 16,89 | Juros: R$ 52,76 | Total do Recibo: R$ 492,39",,"2026-07-16T16:56:32.508553+00:00","2026-08-12T14:47:42.684518+00:00","importacao_cobrancas - 16/07/2026, 13:55",,,"novo","0","0",,,"false","0","0","0","0",,,"52.76","8.29","16.89","0",,"novo","em_aberto",,,,
"d4be6e95-15c7-4c37-908d-a0c4c46b90ea","f2794994-c616-4a17-9a5c-fd44aa9d906c","2b1aa7ca-91d6-44fc-b667-8fb9bfeffb53","eaca647d-43cb-486b-8749-fdaa976d7e7d",,"04/2024","2024-04-10","291.38","417.23","judicializado","Origem: Conversão de Relatório | Sistema: Safira | Recibo: 3004001774 | Multa: R$ 5,83 | Correção: R$ 31,32 | Juros: R$ 88,70 | Total do Recibo: R$ 417,23",,"2026-07-16T16:57:07.945001+00:00","2026-08-12T14:47:42.684518+00:00","importacao_cobrancas - 16/07/2026, 13:55",,,"novo","0","0",,,"false","0","0","0","0",,,"88.7","5.83","31.32","0",,"judicializado","em_aberto",,,,
"d5f0b1de-1b17-492e-acac-53eb2d4b5edd","f2794994-c616-4a17-9a5c-fd44aa9d906c","2b1aa7ca-91d6-44fc-b667-8fb9bfeffb53","eaca647d-43cb-486b-8749-fdaa976d7e7d",,"08/2024","2024-08-12","341.38","467.47","judicializado","Origem: Conversão de Relatório | Sistema: Safira | Recibo: 3004001812 | Multa: R$ 6,83 | Correção: R$ 31,85 | Juros: R$ 87,41 | Total do Recibo: R$ 467,47",,"2026-07-16T16:57:08.802234+00:00","2026-08-12T14:47:42.684518+00:00","importacao_cobrancas - 16/07/2026, 13:55",,,"novo","0","0",,,"false","0","0","0","0",,,"87.41","6.83","31.85","0",,"judicializado","em_aberto",,,,
"d756ccb2-7bb5-4e59-89e2-e27ff29a53ca","f2794994-c616-4a17-9a5c-fd44aa9d906c","2b1aa7ca-91d6-44fc-b667-8fb9bfeffb53","9d9b5732-1627-4a89-bcaa-283e46743a54",,"04/2025","2025-04-10","279.85","350.55","judicializado","Origem: Conversão de Relatório | Sistema: Safira | Recibo: 3004001952 | Multa: R$ 5,60 | Correção: R$ 19,38 | Juros: R$ 45,72 | Total do Recibo: R$ 350,55",,"2026-07-16T16:57:18.143355+00:00","2026-08-12T14:47:42.684518+00:00","importacao_cobrancas - 16/07/2026, 13:55",,,"novo","0","0",,,"false","0","0","0","0",,,"45.72","5.6","19.38","0",,"judicializado","em_aberto",,,,
"d81d970d-8af4-4094-a394-e6a0936fc201","f2794994-c616-4a17-9a5c-fd44aa9d906c","2b1aa7ca-91d6-44fc-b667-8fb9bfeffb53","a96c74ec-d5ad-4c59-9fc4-33d9bf597e06",,"03/2025","2025-03-10","279.85","353.6","novo","Origem: Conversão de Relatório | Sistema: Safira | Recibo: 3004001731 | Multa: R$ 5,60 | Correção: R$ 19,38 | Juros: R$ 48,77 | Total do Recibo: R$ 353,60",,"2026-07-16T16:57:05.653763+00:00","2026-08-12T14:47:42.684518+00:00","importacao_cobrancas - 16/07/2026, 13:55",,,"novo","0","0",,,"false","0","0","0","0",,,"48.77","5.6","19.38","0",,"novo","em_aberto",,,,
"da429024-b3fa-4ac9-b0f6-5daa19aaa757","f2794994-c616-4a17-9a5c-fd44aa9d906c","2b1aa7ca-91d6-44fc-b667-8fb9bfeffb53","58957414-4941-4b7e-ab27-35dc2e8b2377",,"07/2024","2024-07-10","350.95","485.7","suspenso","Origem: Conversão de Relatório | Sistema: Safira | Recibo: 3004008400 | Multa: R$ 7,02 | Correção: R$ 33,72 | Juros: R$ 94,01 | Total do Recibo: R$ 485,70",,"2026-07-16T16:57:15.196977+00:00","2026-08-12T14:47:42.684518+00:00","importacao_cobrancas - 16/07/2026, 13:55",,,"novo","0","0",,,"false","0","0","0","0",,,"94.01","7.02","33.72","0",,"suspenso","em_aberto",,,,
"df248597-b334-43f1-98ec-0d3efb06c969","f2794994-c616-4a17-9a5c-fd44aa9d906c","2b1aa7ca-91d6-44fc-b667-8fb9bfeffb53","a96c74ec-d5ad-4c59-9fc4-33d9bf597e06",,"05/2025","2025-05-12","279.85","341.1","novo","Origem: Conversão de Relatório | Sistema: Safira | Recibo: 3004001758 | Multa: R$ 5,60 | Correção: R$ 13,76 | Juros: R$ 41,89 | Total do Recibo: R$ 341,10",,"2026-07-16T16:57:06.078465+00:00","2026-08-12T14:47:42.684518+00:00","importacao_cobrancas - 16/07/2026, 13:55",,,"novo","0","0",,,"false","0","0","0","0",,,"41.89","5.6","13.76","0",,"novo","em_aberto",,,,
"dfc82565-cc62-4675-99af-5d887fb1bbb5","f2794994-c616-4a17-9a5c-fd44aa9d906c","2b1aa7ca-91d6-44fc-b667-8fb9bfeffb53","58957414-4941-4b7e-ab27-35dc2e8b2377",,"09/2024","2024-09-10","350.95","475.43","suspenso","Origem: Conversão de Relatório | Sistema: Safira | Recibo: 3004008426 | Multa: R$ 7,02 | Correção: R$ 31,73 | Juros: R$ 85,73 | Total do Recibo: R$ 475,43",,"2026-07-16T16:57:15.623223+00:00","2026-08-12T14:47:42.684518+00:00","importacao_cobrancas - 16/07/2026, 13:55",,,"novo","0","0",,,"false","0","0","0","0",,,"85.73","7.02","31.73","0",,"suspenso","em_aberto",,,,
"e0e16fd9-3b4e-4344-9d65-af002f8e42c3","f2794994-c616-4a17-9a5c-fd44aa9d906c","2b1aa7ca-91d6-44fc-b667-8fb9bfeffb53","dcaaf609-548e-47e8-8cfa-41e340038227",,"09/2025","2025-09-29","414.45","478.16","novo","Origem: Conversão de Relatório | Sistema: Safira | Recibo: 3004007837 | Multa: R$ 8,29 | Correção: R$ 15,94 | Juros: R$ 39,48 | Total do Recibo: R$ 478,16",,"2026-07-16T16:56:32.959952+00:00","2026-08-12T14:47:42.684518+00:00","importacao_cobrancas - 16/07/2026, 13:55",,,"novo","0","0",,,"false","0","0","0","0",,,"39.48","8.29","15.94","0",,"novo","em_aberto",,,,
"e19b545d-8294-4f44-aa13-345bdb5974f9","f2794994-c616-4a17-9a5c-fd44aa9d906c","2b1aa7ca-91d6-44fc-b667-8fb9bfeffb53","ba272536-b306-46cc-ae38-7eb631c4b8d6",,"07/2024","2024-07-10","341.38","472.45","judicializado","Origem: Conversão de Relatório | Sistema: Safira | Recibo: 3004004471 | Multa: R$ 6,83 | Correção: R$ 32,80 | Juros: R$ 91,44 | Total do Recibo: R$ 472,45",,"2026-07-16T16:58:45.504912+00:00","2026-08-12T14:47:42.684518+00:00","importacao_cobrancas - 16/07/2026, 13:55",,,"novo","0","0",,,"false","0","0","0","0",,,"91.44","6.83","32.8","0",,"judicializado","em_aberto",,,,
"e5779568-e0d9-4a16-b058-29b07255ed1f","f2794994-c616-4a17-9a5c-fd44aa9d906c","2b1aa7ca-91d6-44fc-b667-8fb9bfeffb53","58957414-4941-4b7e-ab27-35dc2e8b2377",,"06/2024","2024-06-10","131.32","184.05","suspenso","Origem: Conversão de Relatório | Sistema: Safira | Recibo: 3004019469 | Multa: R$ 2,63 | Correção: R$ 13,29 | Juros: R$ 36,81 | Total do Recibo: R$ 184,05",,"2026-07-16T16:57:14.975467+00:00","2026-08-12T14:47:42.684518+00:00","importacao_cobrancas - 16/07/2026, 13:55",,,"novo","0","0",,,"false","0","0","0","0",,,"36.81","2.63","13.29","0",,"suspenso","em_aberto",,,,
"e625389e-8dc3-44fe-b703-fa3d685239e8","f2794994-c616-4a17-9a5c-fd44aa9d906c","2b1aa7ca-91d6-44fc-b667-8fb9bfeffb53","457e3e8e-2bb6-4501-aa31-face936f112f",,"06/2025","2025-06-09","432.45","520.25","judicializado","Origem: Conversão de Relatório | Sistema: Safira | Recibo: 3004008558 | Multa: R$ 8,65 | Correção: R$ 19,30 | Juros: R$ 59,85 | Total do Recibo: R$ 520,25",,"2026-07-16T16:57:20.205821+00:00","2026-08-12T14:47:42.684518+00:00","importacao_cobrancas - 16/07/2026, 13:55",,,"novo","0","0",,,"false","0","0","0","0",,,"59.85","8.65","19.3","0",,"judicializado","em_aberto",,,,
"e6d13227-add2-4581-a70c-2fa9237dec2b","f2794994-c616-4a17-9a5c-fd44aa9d906c","2b1aa7ca-91d6-44fc-b667-8fb9bfeffb53","7ed561dd-fa3e-4af6-90d3-e57f5ea446ab",,"06/2025","2025-06-09","381.6","459.06","novo","Origem: Conversão de Relatório | Sistema: Safira | Recibo: 3004001944 | Multa: R$ 7,63 | Correção: R$ 17,02 | Juros: R$ 52,81 | Total do Recibo: R$ 459,06",,"2026-07-16T16:57:14.221231+00:00","2026-08-12T14:47:42.684518+00:00","importacao_cobrancas - 16/07/2026, 13:55",,,"novo","0","0",,,"false","0","0","0","0",,,"52.81","7.63","17.02","0",,"novo","em_aberto",,,,
"e777cfe5-ce2a-4b89-b059-40bfab2c09d7","f2794994-c616-4a17-9a5c-fd44aa9d906c","2b1aa7ca-91d6-44fc-b667-8fb9bfeffb53","c7f3a9bc-2846-4704-9d32-4fb36a209310",,"06/2024","2024-06-10","341.38","478.46","judicializado","Origem: Conversão de Relatório | Sistema: Safira | Recibo: 3004002002 | Multa: R$ 6,83 | Correção: R$ 34,56 | Juros: R$ 95,69 | Total do Recibo: R$ 478,46",,"2026-07-16T16:57:23.506631+00:00","2026-08-12T14:47:42.684518+00:00","importacao_cobrancas - 16/07/2026, 13:55",,,"novo","0","0",,,"false","0","0","0","0",,,"95.69","6.83","34.56","0",,"judicializado","em_aberto",,,,
"e7a43d8e-6e1c-42d9-9365-3f8e51bc21be","f2794994-c616-4a17-9a5c-fd44aa9d906c","2b1aa7ca-91d6-44fc-b667-8fb9bfeffb53","eaca647d-43cb-486b-8749-fdaa976d7e7d",,"11/2024","2024-11-11","341.38","453.35","judicializado","Origem: Conversão de Relatório | Sistema: Safira | Recibo: 3004001847 | Multa: R$ 6,83 | Correção: R$ 29,58 | Juros: R$ 75,56 | Total do Recibo: R$ 453,35",,"2026-07-16T16:57:09.44304+00:00","2026-08-12T14:47:42.684518+00:00","importacao_cobrancas - 16/07/2026, 13:55",,,"novo","0","0",,,"false","0","0","0","0",,,"75.56","6.83","29.58","0",,"judicializado","em_aberto",,,,
"eb0af63c-20cd-4afa-b287-2fdda6e1f0b6","f2794994-c616-4a17-9a5c-fd44aa9d906c","2b1aa7ca-91d6-44fc-b667-8fb9bfeffb53","ba272536-b306-46cc-ae38-7eb631c4b8d6",,"08/2024","2024-08-12","341.38","467.47","judicializado","Origem: Conversão de Relatório | Sistema: Safira | Recibo: 3004004480 | Multa: R$ 6,83 | Correção: R$ 31,85 | Juros: R$ 87,41 | Total do Recibo: R$ 467,47",,"2026-07-16T16:58:45.736689+00:00","2026-08-12T14:47:42.684518+00:00","importacao_cobrancas - 16/07/2026, 13:55",,,"novo","0","0",,,"false","0","0","0","0",,,"87.41","6.83","31.85","0",,"judicializado","em_aberto",,,,
"ef386f4b-1057-4de5-8bce-a3520f6c1002","f2794994-c616-4a17-9a5c-fd44aa9d906c","2b1aa7ca-91d6-44fc-b667-8fb9bfeffb53","7ed561dd-fa3e-4af6-90d3-e57f5ea446ab",,"05/2025","2025-05-12","279.85","341.1","novo","Origem: Conversão de Relatório | Sistema: Safira | Recibo: 3004001936 | Multa: R$ 5,60 | Correção: R$ 13,76 | Juros: R$ 41,89 | Total do Recibo: R$ 341,10",,"2026-07-16T16:57:14.015482+00:00","2026-08-12T14:47:42.684518+00:00","importacao_cobrancas - 16/07/2026, 13:55",,,"novo","0","0",,,"false","0","0","0","0",,,"41.89","5.6","13.76","0",,"novo","em_aberto",,,,
"f20d7c09-ed1e-47f5-bf91-88c278ca823f","f2794994-c616-4a17-9a5c-fd44aa9d906c","2b1aa7ca-91d6-44fc-b667-8fb9bfeffb53","76d0a592-ed31-4660-bec8-ee0658fc7588",,"11/2024","2024-11-11","341.38","453.35","suspenso","Origem: Conversão de Relatório | Sistema: Safira | Recibo: 3004007632 | Multa: R$ 6,83 | Correção: R$ 29,58 | Juros: R$ 75,56 | Total do Recibo: R$ 453,35",,"2026-07-16T16:56:28.563013+00:00","2026-08-12T14:47:42.684518+00:00","importacao_cobrancas - 16/07/2026, 13:55",,,"novo","0","0",,,"false","0","0","0","0",,,"75.56","6.83","29.58","0",,"suspenso","em_aberto",,,,
"f28fb8c0-df48-4c5d-8532-833d4fb21bf8","f2794994-c616-4a17-9a5c-fd44aa9d906c","2b1aa7ca-91d6-44fc-b667-8fb9bfeffb53","a96c74ec-d5ad-4c59-9fc4-33d9bf597e06",,"02/2025","2025-02-10","279.85","357.26","novo","Origem: Conversão de Relatório | Sistema: Safira | Recibo: 3004001723 | Multa: R$ 5,60 | Correção: R$ 19,90 | Juros: R$ 51,91 | Total do Recibo: R$ 357,26",,"2026-07-16T16:57:05.440946+00:00","2026-08-12T14:47:42.684518+00:00","importacao_cobrancas - 16/07/2026, 13:55",,,"novo","0","0",,,"false","0","0","0","0",,,"51.91","5.6","19.9","0",,"novo","em_aberto",,,,
"f320d0be-419d-4392-8a9e-49385744218c","f2794994-c616-4a17-9a5c-fd44aa9d906c","2b1aa7ca-91d6-44fc-b667-8fb9bfeffb53","57e441e9-bc6e-43ad-acdc-03e3447b800a",,"12/2024","2024-12-10","351.77","460.45","suspenso","Origem: Conversão de Relatório | Sistema: Safira | Recibo: 3004007691 | Multa: R$ 7,04 | Correção: R$ 28,12 | Juros: R$ 73,52 | Total do Recibo: R$ 460,45",,"2026-07-16T16:56:31.05396+00:00","2026-08-12T14:47:42.684518+00:00","importacao_cobrancas - 16/07/2026, 13:55",,,"novo","0","0",,,"false","0","0","0","0",,,"73.52","7.04","28.12","0",,"suspenso","em_aberto",,,,
"f621f6f2-387d-46c6-9087-3e65772a92b7","f2794994-c616-4a17-9a5c-fd44aa9d906c","2b1aa7ca-91d6-44fc-b667-8fb9bfeffb53","76d0a592-ed31-4660-bec8-ee0658fc7588",,"05/2025","2025-05-06","327.72","399.43","novo","Origem: Conversão de Relatório | Sistema: Safira | Recibo: 3004000700 | Multa: R$ 6,55 | Correção: R$ 16,11 | Juros: R$ 49,05 | Total do Recibo: R$ 399,43",,"2026-07-16T16:56:29.594731+00:00","2026-08-12T14:47:42.684518+00:00","importacao_cobrancas - 16/07/2026, 13:55",,,"novo","0","0",,,"false","0","0","0","0",,,"49.05","6.55","16.11","0",,"novo","em_aberto",,,,
"f9d58c50-06c8-416d-8f9e-3dd7b12c4a10","f2794994-c616-4a17-9a5c-fd44aa9d906c","2b1aa7ca-91d6-44fc-b667-8fb9bfeffb53","7ed561dd-fa3e-4af6-90d3-e57f5ea446ab",,"05/2024","2024-05-07","381.6","541.09","suspenso","Origem: Conversão de Relatório | Sistema: Safira | Recibo: 3004001928 | Multa: R$ 7,63 | Correção: R$ 40,21 | Juros: R$ 111,65 | Total do Recibo: R$ 541,09",,"2026-07-16T16:57:12.755101+00:00","2026-08-12T14:47:42.684518+00:00","importacao_cobrancas - 16/07/2026, 13:55",,,"novo","0","0",,,"false","0","0","0","0",,,"111.65","7.63","40.21","0",,"suspenso","em_aberto",,,,
"ffd21070-e030-4bc4-96a6-e9c827a8d7a7","f2794994-c616-4a17-9a5c-fd44aa9d906c","2b1aa7ca-91d6-44fc-b667-8fb9bfeffb53","ea47ceea-db06-4985-96dd-444c1426e236",,"02/2025","2025-02-10","289.03","368.97","novo","Origem: Conversão de Relatório | Sistema: Safira | Recibo: 3004009449 | Multa: R$ 5,78 | Correção: R$ 20,55 | Juros: R$ 53,61 | Total do Recibo: R$ 368,97",,"2026-07-16T16:57:57.930916+00:00","2026-08-12T14:47:42.684518+00:00","importacao_cobrancas - 16/07/2026, 13:55",,,"novo","0","0",,,"false","0","0","0","0",,,"53.61","5.78","20.55","0",,"novo","em_aberto",,,,
"03365ce8-b508-4a1b-b9c6-956391965474","f2794994-c616-4a17-9a5c-fd44aa9d906c","2b1aa7ca-91d6-44fc-b667-8fb9bfeffb53","cd8ee3af-46b8-42bd-be23-3018fd50e679",,"04/2025","2025-04-10","279.85","350.55","judicializado","Origem: Conversão de Relatório | Sistema: Safira | Recibo: 3004004714 | Multa: R$ 5,60 | Correção: R$ 19,38 | Juros: R$ 45,72 | Total do Recibo: R$ 350,55",,"2026-07-16T16:58:50.838865+00:00","2026-08-12T14:47:42.684518+00:00","importacao_cobrancas - 16/07/2026, 13:55",,,"novo","0","0",,,"false","0","0","0","0",,,"45.72","5.6","19.38","0",,"judicializado","em_aberto",,,,
"04431585-ae95-4dbf-830f-db464608e24d","f2794994-c616-4a17-9a5c-fd44aa9d906c","2b1aa7ca-91d6-44fc-b667-8fb9bfeffb53","3348a085-2cbd-439d-a1b4-71684cc5a437",,"05/2024","2024-05-10","361.33","512.37","judicializado","Origem: Conversão de Relatório | Sistema: Safira | Recibo: 3004000883 | Multa: R$ 7,23 | Correção: R$ 38,08 | Juros: R$ 105,73 | Total do Recibo: R$ 512,37",,"2026-07-16T16:56:35.691423+00:00","2026-08-12T14:47:42.684518+00:00","importacao_cobrancas - 16/07/2026, 13:55",,,"novo","0","0",,,"false","0","0","0","0",,,"105.73","7.23","38.08","0",,"judicializado","em_aberto",,,,
"05912895-158e-459f-bd10-96fa40a77e4b","f2794994-c616-4a17-9a5c-fd44aa9d906c","2b1aa7ca-91d6-44fc-b667-8fb9bfeffb53","ee85c335-0803-43c3-b862-6ab43b514b13",,"10/2025","2025-10-28","209.22","237.93","novo","Origem: Conversão de Relatório | Sistema: Safira | Recibo: 3004009600 | Multa: R$ 4,18 | Correção: R$ 6,91 | Juros: R$ 17,62 | Total do Recibo: R$ 237,93",,"2026-07-16T16:57:59.91759+00:00","2026-08-12T14:47:42.684518+00:00","importacao_cobrancas - 16/07/2026, 13:55",,,"novo","0","0",,,"false","0","0","0","0",,,"17.62","4.18","6.91","0",,"novo","em_aberto",,,,
"0ee1d0b7-1ec4-4adf-8a5f-a678da40945d","f2794994-c616-4a17-9a5c-fd44aa9d906c","2b1aa7ca-91d6-44fc-b667-8fb9bfeffb53","c7f3a9bc-2846-4704-9d32-4fb36a209310",,"02/2025","2025-02-10","279.85","357.26","judicializado","Origem: Conversão de Relatório | Sistema: Safira | Recibo: 3004002088 | Multa: R$ 5,60 | Correção: R$ 19,90 | Juros: R$ 51,91 | Total do Recibo: R$ 357,26",,"2026-07-16T16:57:25.431105+00:00","2026-08-12T14:47:42.684518+00:00","importacao_cobrancas - 16/07/2026, 13:55",,,"novo","0","0",,,"false","0","0","0","0",,,"51.91","5.6","19.9","0",,"judicializado","em_aberto",,,,
"0f6333a0-3d69-4847-b12c-b707436148a0","e1f6e3ac-1098-4b30-9e0f-af4c47b351a3","18a05e0f-c1c6-43f3-a755-42d188d7034f","1ac34055-b146-42d8-adc2-de66845df332",,"07/2025","2025-07-10","532.07","638.13","novo","Origem: Conversão de Relatório | Sistema: Superlógica Condomínios | Recibo: 17593219 | Multa: R$ 10,64 | Correção: R$ 26,04 | Juros: R$ 69,38 | Total do Recibo: R$ 638,13",,"2026-07-23T22:10:39.234044+00:00","2026-07-24T11:16:59.641771+00:00","importacao_cobrancas - 23/07/2026, 19:10",,,"novo","0","0",,,"false","0","0","0","0",,,"69.38","10.64","26.04","0",,"novo","em_aberto",,,,
"112cd0fa-a4b0-4261-b7dd-21899bd77953","e1f6e3ac-1098-4b30-9e0f-af4c47b351a3","8b532255-3b92-4dee-a123-88f104c8f6ef","3216f546-b8a9-45d0-a359-a77aa19c9271",,"09/2025","2025-09-05","2758.29","3206.37","novo","Origem: Conversão de Relatório | Sistema: Superlógica Condomínios | Recibo: 16739811 | Multa: R$ 55,17 | Correção: R$ 101,41 | Juros: R$ 291,50 | Total do Recibo: R$ 3206,37",,"2026-07-16T15:00:42.863993+00:00","2026-07-16T17:21:14.432369+00:00","importacao_cobrancas - 16/07/2026, 12:00",,,"novo","0","0",,,"false","0","0","0","0",,,"291.5","55.17","101.41","0",,"novo","em_aberto",,,,
"13565e71-1e23-4262-bdb9-d22322ffb4d7","f2794994-c616-4a17-9a5c-fd44aa9d906c","2b1aa7ca-91d6-44fc-b667-8fb9bfeffb53","c7f3a9bc-2846-4704-9d32-4fb36a209310",,"12/2024","2024-12-10","341.38","446.86","judicializado","Origem: Conversão de Relatório | Sistema: Safira | Recibo: 3004002061 | Multa: R$ 6,83 | Correção: R$ 27,30 | Juros: R$ 71,35 | Total do Recibo: R$ 446,86",,"2026-07-16T16:57:25.004993+00:00","2026-08-12T14:47:42.684518+00:00","importacao_cobrancas - 16/07/2026, 13:55",,,"novo","0","0",,,"false","0","0","0","0",,,"71.35","6.83","27.3","0",,"judicializado","em_aberto",,,,
"1426a126-9110-4242-92cd-2cb8dd3045a7","f2794994-c616-4a17-9a5c-fd44aa9d906c","2b1aa7ca-91d6-44fc-b667-8fb9bfeffb53","58d21a60-03e5-4c75-a7c0-13e943768d87",,"10/2024","2024-10-10","341.38","459.33","suspenso","Origem: Conversão de Relatório | Sistema: Safira | Recibo: 3004004781 | Multa: R$ 6,83 | Correção: R$ 31,40 | Juros: R$ 79,72 | Total do Recibo: R$ 459,33",,"2026-07-16T16:58:53.162608+00:00","2026-08-12T14:47:42.684518+00:00","importacao_cobrancas - 16/07/2026, 13:55",,,"novo","0","0",,,"false","0","0","0","0",,,"79.72","6.83","31.4","0",,"suspenso","em_aberto",,,,
"17d93590-6e0a-4fd3-91a3-32c0408a05d4","f2794994-c616-4a17-9a5c-fd44aa9d906c","2b1aa7ca-91d6-44fc-b667-8fb9bfeffb53","58d21a60-03e5-4c75-a7c0-13e943768d87",,"09/2024","2024-09-10","341.38","462.48","suspenso","Origem: Conversão de Relatório | Sistema: Safira | Recibo: 3004004773 | Multa: R$ 6,83 | Correção: R$ 30,87 | Juros: R$ 83,40 | Total do Recibo: R$ 462,48",,"2026-07-16T16:58:52.94285+00:00","2026-08-12T14:47:42.684518+00:00","importacao_cobrancas - 16/07/2026, 13:55",,,"novo","0","0",,,"false","0","0","0","0",,,"83.4","6.83","30.87","0",,"suspenso","em_aberto",,,,
"1e755b69-d1ac-4794-b458-0ddc7461fbf1","e1f6e3ac-1098-4b30-9e0f-af4c47b351a3","18a05e0f-c1c6-43f3-a755-42d188d7034f","1ac34055-b146-42d8-adc2-de66845df332",,"03/2024","2024-03-10","340.21","496.84","suspenso","Origem: Conversão de Relatório | Sistema: Superlógica Condomínios | Recibo: 17029232 | Multa: R$ 6,80 | Correção: R$ 40,54 | Juros: R$ 109,29 | Total do Recibo: R$ 496,84",,"2026-07-23T22:10:35.653238+00:00","2026-07-24T11:19:31.517198+00:00","importacao_cobrancas - 23/07/2026, 19:10",,,"novo","0","0",,,"false","0","0","0","0",,,"109.29","6.8","40.54","0",,"suspenso","em_aberto",,,,
"22b3f014-072c-423b-9d14-14159d3f1d1b","f2794994-c616-4a17-9a5c-fd44aa9d906c","2b1aa7ca-91d6-44fc-b667-8fb9bfeffb53","58d21a60-03e5-4c75-a7c0-13e943768d87",,"11/2024","2024-11-11","341.38","453.35","suspenso","Origem: Conversão de Relatório | Sistema: Safira | Recibo: 3004004790 | Multa: R$ 6,83 | Correção: R$ 29,58 | Juros: R$ 75,56 | Total do Recibo: R$ 453,35",,"2026-07-16T16:58:53.375248+00:00","2026-08-12T14:47:42.684518+00:00","importacao_cobrancas - 16/07/2026, 13:55",,,"novo","0","0",,,"false","0","0","0","0",,,"75.56","6.83","29.58","0",,"suspenso","em_aberto",,,,
"23b88b3a-e273-4eae-b0aa-e82100473f4b","f2794994-c616-4a17-9a5c-fd44aa9d906c","2b1aa7ca-91d6-44fc-b667-8fb9bfeffb53","c7f3a9bc-2846-4704-9d32-4fb36a209310",,"11/2024","2024-11-11","341.38","453.35","judicializado","Origem: Conversão de Relatório | Sistema: Safira | Recibo: 3004002053 | Multa: R$ 6,83 | Correção: R$ 29,58 | Juros: R$ 75,56 | Total do Recibo: R$ 453,35",,"2026-07-16T16:57:24.769011+00:00","2026-08-12T14:47:42.684518+00:00","importacao_cobrancas - 16/07/2026, 13:55",,,"novo","0","0",,,"false","0","0","0","0",,,"75.56","6.83","29.58","0",,"judicializado","em_aberto",,,,
"2e21e047-72bd-46ec-b7db-9536a223efce","f2794994-c616-4a17-9a5c-fd44aa9d906c","2b1aa7ca-91d6-44fc-b667-8fb9bfeffb53","3348a085-2cbd-439d-a1b4-71684cc5a437",,"02/2025","2025-02-10","298.99","381.69","judicializado","Origem: Conversão de Relatório | Sistema: Safira | Recibo: 3004000972 | Multa: R$ 5,98 | Correção: R$ 21,26 | Juros: R$ 55,46 | Total do Recibo: R$ 381,69",,"2026-07-16T16:56:37.603187+00:00","2026-08-12T14:47:42.684518+00:00","importacao_cobrancas - 16/07/2026, 13:55",,,"novo","0","0",,,"false","0","0","0","0",,,"55.46","5.98","21.26","0",,"judicializado","em_aberto",,,,
"32100818-ede3-468a-8237-5c32d5e3af6d","e1f6e3ac-1098-4b30-9e0f-af4c47b351a3","18a05e0f-c1c6-43f3-a755-42d188d7034f","1ac34055-b146-42d8-adc2-de66845df332",,"08/2024","2024-08-10","591.52","817.55","suspenso","Origem: Conversão de Relatório | Sistema: Superlógica Condomínios | Recibo: 17029237 | Multa: R$ 11,83 | Correção: R$ 60,26 | Juros: R$ 153,94 | Total do Recibo: R$ 817,55",,"2026-07-23T22:10:36.781127+00:00","2026-07-24T11:20:12.191706+00:00","importacao_cobrancas - 23/07/2026, 19:10",,,"novo","0","0",,,"false","0","0","0","0",,,"153.94","11.83","60.26","0",,"suspenso","em_aberto",,,,
"345b5432-4174-401e-822d-3055969e5f3e","e1f6e3ac-1098-4b30-9e0f-af4c47b351a3","18a05e0f-c1c6-43f3-a755-42d188d7034f","1ac34055-b146-42d8-adc2-de66845df332",,"08/2025","2025-08-10","652.4","772.92","novo","Origem: Conversão de Relatório | Sistema: Superlógica Condomínios | Recibo: 17683901 | Multa: R$ 13,05 | Correção: R$ 29,63 | Juros: R$ 77,84 | Total do Recibo: R$ 772,92",,"2026-07-23T22:10:39.416046+00:00","2026-07-24T11:16:59.641771+00:00","importacao_cobrancas - 23/07/2026, 19:10",,,"novo","0","0",,,"false","0","0","0","0",,,"77.84","13.05","29.63","0",,"novo","em_aberto",,,,
"3490ba38-dcb4-4753-9eae-b1d0064bb9e5","f2794994-c616-4a17-9a5c-fd44aa9d906c","2b1aa7ca-91d6-44fc-b667-8fb9bfeffb53","3348a085-2cbd-439d-a1b4-71684cc5a437",,"09/2024","2024-09-10","361.33","489.5","judicializado","Origem: Conversão de Relatório | Sistema: Safira | Recibo: 3004000921 | Multa: R$ 7,23 | Correção: R$ 32,67 | Juros: R$ 88,27 | Total do Recibo: R$ 489,50",,"2026-07-16T16:56:36.551561+00:00","2026-08-12T14:47:42.684518+00:00","importacao_cobrancas - 16/07/2026, 13:55",,,"novo","0","0",,,"false","0","0","0","0",,,"88.27","7.23","32.67","0",,"judicializado","em_aberto",,,,
"34ae6031-c928-4f96-8177-6aaed6a13bab","f2794994-c616-4a17-9a5c-fd44aa9d906c","2b1aa7ca-91d6-44fc-b667-8fb9bfeffb53","ee85c335-0803-43c3-b862-6ab43b514b13",,"05/2025","2025-05-12","229.37","279.56","novo","Origem: Conversão de Relatório | Sistema: Safira | Recibo: 3004041391 | Multa: R$ 4,59 | Correção: R$ 11,27 | Juros: R$ 34,33 | Total do Recibo: R$ 279,56",,"2026-07-16T16:57:58.597728+00:00","2026-08-12T14:47:42.684518+00:00","importacao_cobrancas - 16/07/2026, 13:55",,,"novo","0","0",,,"false","0","0","0","0",,,"34.33","4.59","11.27","0",,"novo","em_aberto",,,,
"34d6d619-79ee-433b-bab8-51eb6d337fe1","e1f6e3ac-1098-4b30-9e0f-af4c47b351a3","18a05e0f-c1c6-43f3-a755-42d188d7034f","1ac34055-b146-42d8-adc2-de66845df332",,"01/2024","2024-01-20","208.87","313.27","suspenso","Origem: Conversão de Relatório | Sistema: Superlógica Condomínios | Recibo: 17029230 | Multa: R$ 4,18 | Correção: R$ 28,18 | Juros: R$ 72,04 | Total do Recibo: R$ 313,27",,"2026-07-23T22:10:35.059668+00:00","2026-07-24T11:19:31.517198+00:00","importacao_cobrancas - 23/07/2026, 19:10",,,"novo","0","0",,,"false","0","0","0","0",,,"72.04","4.18","28.18","0",,"suspenso","em_aberto",,,,
"354cd4e8-53f3-40d1-bbed-f13eb86359c1","e1f6e3ac-1098-4b30-9e0f-af4c47b351a3","18a05e0f-c1c6-43f3-a755-42d188d7034f","1ac34055-b146-42d8-adc2-de66845df332",,"12/2024","2024-12-10","469.88","619.16","suspenso","Origem: Conversão de Relatório | Sistema: Superlógica Condomínios | Recibo: 16969408 | Multa: R$ 9,40 | Correção: R$ 40,15 | Juros: R$ 99,73 | Total do Recibo: R$ 619,16",,"2026-07-23T22:10:37.859675+00:00","2026-07-24T11:20:49.856815+00:00","importacao_cobrancas - 23/07/2026, 19:10",,,"novo","0","0",,,"false","0","0","0","0",,,"99.73","9.4","40.15","0",,"suspenso","em_aberto",,,,
"3be80bd6-2dc5-45cc-a792-7237dacd8206","e1f6e3ac-1098-4b30-9e0f-af4c47b351a3","18a05e0f-c1c6-43f3-a755-42d188d7034f","1ac34055-b146-42d8-adc2-de66845df332",,"10/2024","2024-10-10","507.04","687.22","suspenso","Origem: Conversão de Relatório | Sistema: Superlógica Condomínios | Recibo: 17029239 | Multa: R$ 10,14 | Correção: R$ 49,84 | Juros: R$ 120,20 | Total do Recibo: R$ 687,22",,"2026-07-23T22:10:37.362985+00:00","2026-07-24T11:20:28.852155+00:00","importacao_cobrancas - 23/07/2026, 19:10",,,"novo","0","0",,,"false","0","0","0","0",,,"120.2","10.14","49.84","0",,"suspenso","em_aberto",,,,
"3d3242e5-52f5-4902-862f-0ba83b1fed7d","f2794994-c616-4a17-9a5c-fd44aa9d906c","2b1aa7ca-91d6-44fc-b667-8fb9bfeffb53","58d21a60-03e5-4c75-a7c0-13e943768d87",,"07/2024","2024-07-10","341.38","472.45","suspenso","Origem: Conversão de Relatório | Sistema: Safira | Recibo: 3004004757 | Multa: R$ 6,83 | Correção: R$ 32,80 | Juros: R$ 91,44 | Total do Recibo: R$ 472,45",,"2026-07-16T16:58:52.444021+00:00","2026-08-12T14:47:42.684518+00:00","importacao_cobrancas - 16/07/2026, 13:55",,,"novo","0","0",,,"false","0","0","0","0",,,"91.44","6.83","32.8","0",,"suspenso","em_aberto",,,,
"42a217b8-bdb1-41c5-8e91-c9807fa2cf87","f2794994-c616-4a17-9a5c-fd44aa9d906c","2b1aa7ca-91d6-44fc-b667-8fb9bfeffb53","6a359218-3cfe-464f-9a02-4a99311d30cd",,"02/2025","2025-02-10","279.85","357.26","novo","Origem: Conversão de Relatório | Sistema: Safira | Recibo: 3004009783 | Multa: R$ 5,60 | Correção: R$ 19,90 | Juros: R$ 51,91 | Total do Recibo: R$ 357,26",,"2026-07-16T16:58:05.453149+00:00","2026-08-12T14:47:42.684518+00:00","importacao_cobrancas - 16/07/2026, 13:55",,,"novo","0","0",,,"false","0","0","0","0",,,"51.91","5.6","19.9","0",,"novo","em_aberto",,,,
"49962933-6f3e-432a-9a7f-7d608f78ef15","f2794994-c616-4a17-9a5c-fd44aa9d906c","2b1aa7ca-91d6-44fc-b667-8fb9bfeffb53","ee85c335-0803-43c3-b862-6ab43b514b13",,"11/2025","2025-11-28","209.22","235.65","novo","Origem: Conversão de Relatório | Sistema: Safira | Recibo: 3004009619 | Multa: R$ 4,18 | Correção: R$ 6,83 | Juros: R$ 15,42 | Total do Recibo: R$ 235,65",,"2026-07-16T16:58:01.104964+00:00","2026-08-12T14:47:42.684518+00:00","importacao_cobrancas - 16/07/2026, 13:55",,,"novo","0","0",,,"false","0","0","0","0",,,"15.42","4.18","6.83","0",,"novo","em_aberto",,,,
"4abf0dc3-98d8-4eaf-8a73-f4d4293509b6","f2794994-c616-4a17-9a5c-fd44aa9d906c","2b1aa7ca-91d6-44fc-b667-8fb9bfeffb53","3348a085-2cbd-439d-a1b4-71684cc5a437",,"03/2025","2025-03-10","298.99","377.79","judicializado","Origem: Conversão de Relatório | Sistema: Safira | Recibo: 3004000980 | Multa: R$ 5,98 | Correção: R$ 20,71 | Juros: R$ 52,11 | Total do Recibo: R$ 377,79",,"2026-07-16T16:56:37.819702+00:00","2026-08-12T14:47:42.684518+00:00","importacao_cobrancas - 16/07/2026, 13:55",,,"novo","0","0",,,"false","0","0","0","0",,,"52.11","5.98","20.71","0",,"judicializado","em_aberto",,,,
"4baf2791-2cb4-4292-a31e-7545b70957a7","f2794994-c616-4a17-9a5c-fd44aa9d906c","2b1aa7ca-91d6-44fc-b667-8fb9bfeffb53","ee85c335-0803-43c3-b862-6ab43b514b13",,"07/2025","2025-07-28","209.22","245.81","novo","Origem: Conversão de Relatório | Sistema: Safira | Recibo: 3004009570 | Multa: R$ 4,18 | Correção: R$ 8,05 | Juros: R$ 24,36 | Total do Recibo: R$ 245,81",,"2026-07-16T16:57:59.243977+00:00","2026-08-12T14:47:42.684518+00:00","importacao_cobrancas - 16/07/2026, 13:55",,,"novo","0","0",,,"false","0","0","0","0",,,"24.36","4.18","8.05","0",,"novo","em_aberto",,,,
"4cf1def2-10a2-4197-a198-a1f06f084266","f2794994-c616-4a17-9a5c-fd44aa9d906c","2b1aa7ca-91d6-44fc-b667-8fb9bfeffb53","3348a085-2cbd-439d-a1b4-71684cc5a437",,"11/2024","2024-11-11","361.33","479.84","judicializado","Origem: Conversão de Relatório | Sistema: Safira | Recibo: 3004000948 | Multa: R$ 7,23 | Correção: R$ 31,31 | Juros: R$ 79,97 | Total do Recibo: R$ 479,84",,"2026-07-16T16:56:36.964364+00:00","2026-08-12T14:47:42.684518+00:00","importacao_cobrancas - 16/07/2026, 13:55",,,"novo","0","0",,,"false","0","0","0","0",,,"79.97","7.23","31.31","0",,"judicializado","em_aberto",,,,
"4e42ca0b-0211-42e5-85d8-e01c20ae11d6","f2794994-c616-4a17-9a5c-fd44aa9d906c","2b1aa7ca-91d6-44fc-b667-8fb9bfeffb53","cd8ee3af-46b8-42bd-be23-3018fd50e679",,"02/2025","2025-02-10","279.85","357.26","judicializado","Origem: Conversão de Relatório | Sistema: Safira | Recibo: 3004004692 | Multa: R$ 5,60 | Correção: R$ 19,90 | Juros: R$ 51,91 | Total do Recibo: R$ 357,26",,"2026-07-16T16:58:50.458197+00:00","2026-08-12T14:47:42.684518+00:00","importacao_cobrancas - 16/07/2026, 13:55",,,"novo","0","0",,,"false","0","0","0","0",,,"51.91","5.6","19.9","0",,"judicializado","em_aberto",,,,
"51e99900-861c-4baf-815d-cbe7d43b8f6f","f2794994-c616-4a17-9a5c-fd44aa9d906c","2b1aa7ca-91d6-44fc-b667-8fb9bfeffb53","c7f3a9bc-2846-4704-9d32-4fb36a209310",,"10/2024","2024-10-10","341.38","459.33","judicializado","Origem: Conversão de Relatório | Sistema: Safira | Recibo: 3004002045 | Multa: R$ 6,83 | Correção: R$ 31,40 | Juros: R$ 79,72 | Total do Recibo: R$ 459,33",,"2026-07-16T16:57:24.377965+00:00","2026-08-12T14:47:42.684518+00:00","importacao_cobrancas - 16/07/2026, 13:55",,,"novo","0","0",,,"false","0","0","0","0",,,"79.72","6.83","31.4","0",,"judicializado","em_aberto",,,,
"5a79a5bd-2af1-4568-9845-025b28c43cbf","f2794994-c616-4a17-9a5c-fd44aa9d906c","2b1aa7ca-91d6-44fc-b667-8fb9bfeffb53","6a359218-3cfe-464f-9a02-4a99311d30cd",,"12/2024","2024-12-10","274.15","358.84","suspenso","Origem: Conversão de Relatório | Sistema: Safira | Recibo: 3004020467 | Multa: R$ 5,48 | Correção: R$ 21,92 | Juros: R$ 57,29 | Total do Recibo: R$ 358,84",,"2026-07-16T16:58:04.994514+00:00","2026-08-12T14:47:42.684518+00:00","importacao_cobrancas - 16/07/2026, 13:55",,,"novo","0","0",,,"false","0","0","0","0",,,"57.29","5.48","21.92","0",,"suspenso","em_aberto",,,,
"5dd10584-03b5-4fde-81f4-9eb1d519343c","e1f6e3ac-1098-4b30-9e0f-af4c47b351a3","18a05e0f-c1c6-43f3-a755-42d188d7034f","1ac34055-b146-42d8-adc2-de66845df332",,"05/2024","2024-05-10","476.83","681.68","suspenso","Origem: Conversão de Relatório | Sistema: Superlógica Condomínios | Recibo: 17029234 | Multa: R$ 9,54 | Correção: R$ 53,80 | Juros: R$ 141,51 | Total do Recibo: R$ 681,68",,"2026-07-23T22:10:36.193672+00:00","2026-07-24T11:19:46.458097+00:00","importacao_cobrancas - 23/07/2026, 19:10",,,"novo","0","0",,,"false","0","0","0","0",,,"141.51","9.54","53.8","0",,"suspenso","em_aberto",,,,
"5f4084e9-3af6-4647-8544-5e108e3fee32","f2794994-c616-4a17-9a5c-fd44aa9d906c","2b1aa7ca-91d6-44fc-b667-8fb9bfeffb53","58d21a60-03e5-4c75-a7c0-13e943768d87",,"01/2025","2025-01-10","291.38","376.96","novo","Origem: Conversão de Relatório | Sistema: Safira | Recibo: 3004004811 | Multa: R$ 5,83 | Correção: R$ 22,25 | Juros: R$ 57,50 | Total do Recibo: R$ 376,96",,"2026-07-16T16:58:53.890941+00:00","2026-08-12T14:47:42.684518+00:00","importacao_cobrancas - 16/07/2026, 13:55",,,"novo","0","0",,,"false","0","0","0","0",,,"57.5","5.83","22.25","0",,"novo","em_aberto",,,,
"62b09885-9aba-43d6-b6bc-aa988c04185a","f2794994-c616-4a17-9a5c-fd44aa9d906c","2b1aa7ca-91d6-44fc-b667-8fb9bfeffb53","58d21a60-03e5-4c75-a7c0-13e943768d87",,"08/2024","2024-08-12","341.38","467.47","suspenso","Origem: Conversão de Relatório | Sistema: Safira | Recibo: 3004004765 | Multa: R$ 6,83 | Correção: R$ 31,85 | Juros: R$ 87,41 | Total do Recibo: R$ 467,47",,"2026-07-16T16:58:52.662464+00:00","2026-08-12T14:47:42.684518+00:00","importacao_cobrancas - 16/07/2026, 13:55",,,"novo","0","0",,,"false","0","0","0","0",,,"87.41","6.83","31.85","0",,"suspenso","em_aberto",,,,
"63aa366a-392d-4b15-8eed-25d2f0a6e5b4","e1f6e3ac-1098-4b30-9e0f-af4c47b351a3","18a05e0f-c1c6-43f3-a755-42d188d7034f","e47a746e-5174-422e-a90d-04f74c4cbebf",,"12/2025","2025-12-10","0.01","0.01","novo","Origem: Conversão de Relatório | Sistema: Superlógica Condomínios | Recibo: 18161579 | Total do Recibo: R$ 0,01",,"2026-07-23T22:10:32.957626+00:00","2026-07-24T11:16:59.641771+00:00","importacao_cobrancas - 23/07/2026, 19:10",,,"novo","0","0",,,"false","0","0","0","0",,,"0","0","0","0",,"novo","em_aberto",,,,
"64736d8c-1af3-4af9-9c21-278ed8044fa2","f2794994-c616-4a17-9a5c-fd44aa9d906c","2b1aa7ca-91d6-44fc-b667-8fb9bfeffb53","e6e45273-c644-4340-b27b-425adf7de7e3",,"05/2025","2025-05-12","298.99","364.42","novo","Origem: Conversão de Relatório | Sistema: Safira | Recibo: 3004009724 | Multa: R$ 5,98 | Correção: R$ 14,70 | Juros: R$ 44,75 | Total do Recibo: R$ 364,42",,"2026-07-16T16:58:03.529082+00:00","2026-08-12T14:47:42.684518+00:00","importacao_cobrancas - 16/07/2026, 13:55",,,"novo","0","0",,,"false","0","0","0","0",,,"44.75","5.98","14.7","0",,"novo","em_aberto",,,,
"6a0d65db-5077-4c4b-ac0b-8add237a8847","e1f6e3ac-1098-4b30-9e0f-af4c47b351a3","18a05e0f-c1c6-43f3-a755-42d188d7034f","1ac34055-b146-42d8-adc2-de66845df332",,"11/2025","2025-11-10","604.41","693.15","novo","Origem: Conversão de Relatório | Sistema: Superlógica Condomínios | Recibo: 17990162 | Multa: R$ 12,09 | Correção: R$ 24,12 | Juros: R$ 52,53 | Total do Recibo: R$ 693,15",,"2026-07-23T22:10:40.156145+00:00","2026-07-24T11:16:59.641771+00:00","importacao_cobrancas - 23/07/2026, 19:10",,,"novo","0","0",,,"false","0","0","0","0",,,"52.53","12.09","24.12","0",,"novo","em_aberto",,,,
"6af7c437-4517-4ecc-96e0-a3983101aba0","f2794994-c616-4a17-9a5c-fd44aa9d906c","2b1aa7ca-91d6-44fc-b667-8fb9bfeffb53","58d21a60-03e5-4c75-a7c0-13e943768d87",,"05/2024","2024-05-10","341.38","484.08","suspenso","Origem: Conversão de Relatório | Sistema: Safira | Recibo: 3004004749 | Multa: R$ 6,83 | Correção: R$ 35,98 | Juros: R$ 99,89 | Total do Recibo: R$ 484,08",,"2026-07-16T16:58:52.221499+00:00","2026-08-12T14:47:42.684518+00:00","importacao_cobrancas - 16/07/2026, 13:55",,,"novo","0","0",,,"false","0","0","0","0",,,"99.89","6.83","35.98","0",,"suspenso","em_aberto",,,,
"6dde765b-0c6c-4931-a8b4-a0c3aee92100","f2794994-c616-4a17-9a5c-fd44aa9d906c","2b1aa7ca-91d6-44fc-b667-8fb9bfeffb53","cd8ee3af-46b8-42bd-be23-3018fd50e679",,"07/2024","2024-07-10","341.38","472.45","judicializado","Origem: Conversão de Relatório | Sistema: Safira | Recibo: 3004004625 | Multa: R$ 6,83 | Correção: R$ 32,80 | Juros: R$ 91,44 | Total do Recibo: R$ 472,45",,"2026-07-16T16:58:48.981124+00:00","2026-08-12T14:47:42.684518+00:00","importacao_cobrancas - 16/07/2026, 13:55",,,"novo","0","0",,,"false","0","0","0","0",,,"91.44","6.83","32.8","0",,"judicializado","em_aberto",,,,
"70f4bb11-7b63-4f85-b8c8-f0ac72eafe4a","e1f6e3ac-1098-4b30-9e0f-af4c47b351a3","8b532255-3b92-4dee-a123-88f104c8f6ef","ba1fe1a6-6649-4b9f-9f77-09ec5337fe59",,"11/2025","2025-11-05","2651.54","3035.44","novo","Origem: Conversão de Relatório | Sistema: Superlógica Condomínios | Recibo: 16694160 | Multa: R$ 53,03 | Correção: R$ 95,87 | Juros: R$ 235,00 | Total do Recibo: R$ 3035,44",,"2026-07-16T15:00:41.565666+00:00","2026-07-16T17:21:14.432369+00:00","importacao_cobrancas - 16/07/2026, 12:00",,,"novo","0","0",,,"false","0","0","0","0",,,"235","53.03","95.87","0",,"novo","em_aberto",,,,
"7294ddaa-765f-4b59-8c59-99a5b3b0b54e","e1f6e3ac-1098-4b30-9e0f-af4c47b351a3","18a05e0f-c1c6-43f3-a755-42d188d7034f","1ac34055-b146-42d8-adc2-de66845df332",,"07/2024","2024-07-12","552.22","771.05","suspenso","Origem: Conversão de Relatório | Sistema: Superlógica Condomínios | Recibo: 17029236 | Multa: R$ 11,04 | Correção: R$ 57,88 | Juros: R$ 149,91 | Total do Recibo: R$ 771,05",,"2026-07-23T22:10:36.594304+00:00","2026-07-24T11:20:12.191706+00:00","importacao_cobrancas - 23/07/2026, 19:10",,,"novo","0","0",,,"false","0","0","0","0",,,"149.91","11.04","57.88","0",,"suspenso","em_aberto",,,,
"7328f900-d3a1-4a55-940f-98c2c0927527","f2794994-c616-4a17-9a5c-fd44aa9d906c","2b1aa7ca-91d6-44fc-b667-8fb9bfeffb53","cd8ee3af-46b8-42bd-be23-3018fd50e679",,"11/2024","2024-11-11","341.38","453.35","judicializado","Origem: Conversão de Relatório | Sistema: Safira | Recibo: 3004004668 | Multa: R$ 6,83 | Correção: R$ 29,58 | Juros: R$ 75,56 | Total do Recibo: R$ 453,35",,"2026-07-16T16:58:49.839555+00:00","2026-08-12T14:47:42.684518+00:00","importacao_cobrancas - 16/07/2026, 13:55",,,"novo","0","0",,,"false","0","0","0","0",,,"75.56","6.83","29.58","0",,"judicializado","em_aberto",,,,
"7aecf9cd-e2dc-4c59-8d01-6f52e25fe3d0","e1f6e3ac-1098-4b30-9e0f-af4c47b351a3","18a05e0f-c1c6-43f3-a755-42d188d7034f","1ac34055-b146-42d8-adc2-de66845df332",,"02/2025","2025-02-10","472.25","609.11","novo","Origem: Conversão de Relatório | Sistema: Superlógica Condomínios | Recibo: 17132954 | Multa: R$ 9,45 | Correção: R$ 38,02 | Juros: R$ 89,39 | Total do Recibo: R$ 609,11",,"2026-07-23T22:10:38.544448+00:00","2026-07-24T11:16:59.641771+00:00","importacao_cobrancas - 23/07/2026, 19:10",,,"novo","0","0",,,"false","0","0","0","0",,,"89.39","9.45","38.02","0",,"novo","em_aberto",,,,
"7d2cbf8b-3f57-4503-81c7-fbe90ebc3d77","f2794994-c616-4a17-9a5c-fd44aa9d906c","2b1aa7ca-91d6-44fc-b667-8fb9bfeffb53","cd8ee3af-46b8-42bd-be23-3018fd50e679",,"03/2025","2025-03-10","279.85","353.6","judicializado","Origem: Conversão de Relatório | Sistema: Safira | Recibo: 3004004706 | Multa: R$ 5,60 | Correção: R$ 19,38 | Juros: R$ 48,77 | Total do Recibo: R$ 353,60",,"2026-07-16T16:58:50.643286+00:00","2026-08-12T14:47:42.684518+00:00","importacao_cobrancas - 16/07/2026, 13:55",,,"novo","0","0",,,"false","0","0","0","0",,,"48.77","5.6","19.38","0",,"judicializado","em_aberto",,,,
"823b1cf0-7991-4b95-8f36-9af6f79caf4b","f2794994-c616-4a17-9a5c-fd44aa9d906c","2b1aa7ca-91d6-44fc-b667-8fb9bfeffb53","cd8ee3af-46b8-42bd-be23-3018fd50e679",,"05/2025","2025-05-12","279.85","341.1","judicializado","Origem: Conversão de Relatório | Sistema: Safira | Recibo: 3004004722 | Multa: R$ 5,60 | Correção: R$ 13,76 | Juros: R$ 41,89 | Total do Recibo: R$ 341,10",,"2026-07-16T16:58:51.042708+00:00","2026-08-12T14:47:42.684518+00:00","importacao_cobrancas - 16/07/2026, 13:55",,,"novo","0","0",,,"false","0","0","0","0",,,"41.89","5.6","13.76","0",,"judicializado","em_aberto",,,,
"863f6b70-f022-4cdc-95a9-0ba245c69f23","e1f6e3ac-1098-4b30-9e0f-af4c47b351a3","18a05e0f-c1c6-43f3-a755-42d188d7034f","1ac34055-b146-42d8-adc2-de66845df332",,"11/2024","2024-11-10","506.52","677.21","suspenso","Origem: Conversão de Relatório | Sistema: Superlógica Condomínios | Recibo: 17029240 | Multa: R$ 10,13 | Correção: R$ 46,76 | Juros: R$ 113,80 | Total do Recibo: R$ 677,21",,"2026-07-23T22:10:37.562967+00:00","2026-07-24T11:20:28.852155+00:00","importacao_cobrancas - 23/07/2026, 19:10",,,"novo","0","0",,,"false","0","0","0","0",,,"113.8","10.13","46.76","0",,"suspenso","em_aberto",,,,
"86a4c4b3-02ee-4059-bed4-c7e801bb90fa","e1f6e3ac-1098-4b30-9e0f-af4c47b351a3","8b532255-3b92-4dee-a123-88f104c8f6ef","3216f546-b8a9-45d0-a359-a77aa19c9271",,"08/2025","2025-08-05","180.46","212.45","novo","Origem: Conversão de Relatório | Sistema: Superlógica Condomínios | Recibo: 17761593 | Multa: R$ 3,61 | Correção: R$ 7,33 | Juros: R$ 21,05 | Total do Recibo: R$ 212,45",,"2026-07-16T15:00:42.457641+00:00","2026-07-16T17:21:14.432369+00:00","importacao_cobrancas - 16/07/2026, 12:00",,,"novo","0","0",,,"false","0","0","0","0",,,"21.05","3.61","7.33","0",,"novo","em_aberto",,,,
"87651184-5405-45ee-b1a8-8edf2fde8c54","f2794994-c616-4a17-9a5c-fd44aa9d906c","2b1aa7ca-91d6-44fc-b667-8fb9bfeffb53","3348a085-2cbd-439d-a1b4-71684cc5a437",,"05/2025","2025-05-12","298.99","364.42","judicializado","Origem: Conversão de Relatório | Sistema: Safira | Recibo: 3004001006 | Multa: R$ 5,98 | Correção: R$ 14,70 | Juros: R$ 44,75 | Total do Recibo: R$ 364,42",,"2026-07-16T16:56:38.274248+00:00","2026-08-12T14:47:42.684518+00:00","importacao_cobrancas - 16/07/2026, 13:55",,,"novo","0","0",,,"false","0","0","0","0",,,"44.75","5.98","14.7","0",,"judicializado","em_aberto",,,,
"8830f877-947e-4dd6-8c76-05a2f2aa8cfe","e1f6e3ac-1098-4b30-9e0f-af4c47b351a3","18a05e0f-c1c6-43f3-a755-42d188d7034f","1ac34055-b146-42d8-adc2-de66845df332",,"01/2025","2025-01-10","462.02","601.65","novo","Origem: Conversão de Relatório | Sistema: Superlógica Condomínios | Recibo: 17056142 | Multa: R$ 9,24 | Correção: R$ 37,75 | Juros: R$ 92,64 | Total do Recibo: R$ 601,65",,"2026-07-23T22:10:38.169523+00:00","2026-07-24T11:16:59.641771+00:00","importacao_cobrancas - 23/07/2026, 19:10",,,"novo","0","0",,,"false","0","0","0","0",,,"92.64","9.24","37.75","0",,"novo","em_aberto",,,,
"8ae8d410-a6c3-4eda-b6f5-b7460464d284","e1f6e3ac-1098-4b30-9e0f-af4c47b351a3","8b532255-3b92-4dee-a123-88f104c8f6ef","3216f546-b8a9-45d0-a359-a77aa19c9271",,"10/2025","2025-10-05","2951.4","3385.47","novo","Origem: Conversão de Relatório | Sistema: Superlógica Condomínios | Recibo: 16739812 | Multa: R$ 59,03 | Correção: R$ 95,49 | Juros: R$ 279,55 | Total do Recibo: R$ 3385,47",,"2026-07-16T15:00:43.093289+00:00","2026-07-16T17:21:14.432369+00:00","importacao_cobrancas - 16/07/2026, 12:00",,,"novo","0","0",,,"false","0","0","0","0",,,"279.55","59.03","95.49","0",,"novo","em_aberto",,,,
"8edaded6-eb0a-4f7b-af53-a9854eed745c","f2794994-c616-4a17-9a5c-fd44aa9d906c","2b1aa7ca-91d6-44fc-b667-8fb9bfeffb53","58d21a60-03e5-4c75-a7c0-13e943768d87",,"05/2025","2025-05-12","279.85","341.1","novo","Origem: Conversão de Relatório | Sistema: Safira | Recibo: 3004004854 | Multa: R$ 5,60 | Correção: R$ 13,76 | Juros: R$ 41,89 | Total do Recibo: R$ 341,10",,"2026-07-16T16:58:54.777595+00:00","2026-08-12T14:47:42.684518+00:00","importacao_cobrancas - 16/07/2026, 13:55",,,"novo","0","0",,,"false","0","0","0","0",,,"41.89","5.6","13.76","0",,"novo","em_aberto",,,,
"8f6e641d-6343-4fec-8e75-eebc1ea1ed15","f2794994-c616-4a17-9a5c-fd44aa9d906c","2b1aa7ca-91d6-44fc-b667-8fb9bfeffb53","3348a085-2cbd-439d-a1b4-71684cc5a437",,"04/2024","2024-04-10","311.33","445.81","judicializado","Origem: Conversão de Relatório | Sistema: Safira | Recibo: 3004000875 | Multa: R$ 6,23 | Correção: R$ 33,47 | Juros: R$ 94,78 | Total do Recibo: R$ 445,81",,"2026-07-16T16:56:35.486616+00:00","2026-08-12T14:47:42.684518+00:00","importacao_cobrancas - 16/07/2026, 13:55",,,"novo","0","0",,,"false","0","0","0","0",,,"94.78","6.23","33.47","0",,"judicializado","em_aberto",,,,
"90c49922-8651-4022-9a2e-d0d4ef7f2939","f2794994-c616-4a17-9a5c-fd44aa9d906c","2b1aa7ca-91d6-44fc-b667-8fb9bfeffb53","3348a085-2cbd-439d-a1b4-71684cc5a437",,"08/2024","2024-08-12","361.33","494.79","judicializado","Origem: Conversão de Relatório | Sistema: Safira | Recibo: 3004000913 | Multa: R$ 7,23 | Correção: R$ 33,71 | Juros: R$ 92,52 | Total do Recibo: R$ 494,79",,"2026-07-16T16:56:36.34833+00:00","2026-08-12T14:47:42.684518+00:00","importacao_cobrancas - 16/07/2026, 13:55",,,"novo","0","0",,,"false","0","0","0","0",,,"92.52","7.23","33.71","0",,"judicializado","em_aberto",,,,
"9723ffc6-2d72-4bc6-8efa-4f38cc111eca","f2794994-c616-4a17-9a5c-fd44aa9d906c","2b1aa7ca-91d6-44fc-b667-8fb9bfeffb53","ee85c335-0803-43c3-b862-6ab43b514b13",,"05/2025","2025-05-28","209.22","251.68","novo","Origem: Conversão de Relatório | Sistema: Safira | Recibo: 3004009554 | Multa: R$ 4,18 | Correção: R$ 9,33 | Juros: R$ 28,95 | Total do Recibo: R$ 251,68",,"2026-07-16T16:57:58.805334+00:00","2026-08-12T14:47:42.684518+00:00","importacao_cobrancas - 16/07/2026, 13:55",,,"novo","0","0",,,"false","0","0","0","0",,,"28.95","4.18","9.33","0",,"novo","em_aberto",,,,
"9978c034-d2a3-4dd2-b809-7b4902280222","f2794994-c616-4a17-9a5c-fd44aa9d906c","2b1aa7ca-91d6-44fc-b667-8fb9bfeffb53","c7f3a9bc-2846-4704-9d32-4fb36a209310",,"04/2025","2025-04-10","279.85","350.55","judicializado","Origem: Conversão de Relatório | Sistema: Safira | Recibo: 3004002100 | Multa: R$ 5,60 | Correção: R$ 19,38 | Juros: R$ 45,72 | Total do Recibo: R$ 350,55",,"2026-07-16T16:57:25.874296+00:00","2026-08-12T14:47:42.684518+00:00","importacao_cobrancas - 16/07/2026, 13:55",,,"novo","0","0",,,"false","0","0","0","0",,,"45.72","5.6","19.38","0",,"judicializado","em_aberto",,,,
"9ab593ce-3887-48ac-8ba1-d25bd80a6192","e1f6e3ac-1098-4b30-9e0f-af4c47b351a3","18a05e0f-c1c6-43f3-a755-42d188d7034f","1ac34055-b146-42d8-adc2-de66845df332",,"06/2024","2024-06-10","497.16","701.88","suspenso","Origem: Conversão de Relatório | Sistema: Superlógica Condomínios | Recibo: 17029235 | Multa: R$ 9,94 | Correção: R$ 53,51 | Juros: R$ 141,27 | Total do Recibo: R$ 701,88",,"2026-07-23T22:10:36.380485+00:00","2026-07-24T11:19:46.458097+00:00","importacao_cobrancas - 23/07/2026, 19:10",,,"novo","0","0",,,"false","0","0","0","0",,,"141.27","9.94","53.51","0",,"suspenso","em_aberto",,,,
"9b9fa1c6-3317-4d3b-91cd-e1e4273bc720","e1f6e3ac-1098-4b30-9e0f-af4c47b351a3","18a05e0f-c1c6-43f3-a755-42d188d7034f","1ac34055-b146-42d8-adc2-de66845df332",,"12/2025","2025-12-10","558.51","633.32","novo","Origem: Conversão de Relatório | Sistema: Superlógica Condomínios | Recibo: 18099503 | Multa: R$ 11,17 | Correção: R$ 21,10 | Juros: R$ 42,54 | Total do Recibo: R$ 633,32",,"2026-07-23T22:10:40.364329+00:00","2026-07-24T11:16:59.641771+00:00","importacao_cobrancas - 23/07/2026, 19:10",,,"novo","0","0",,,"false","0","0","0","0",,,"42.54","11.17","21.1","0",,"novo","em_aberto",,,,
"9cc41e65-89fb-4b09-8ae6-1138c65792bf","f2794994-c616-4a17-9a5c-fd44aa9d906c","2b1aa7ca-91d6-44fc-b667-8fb9bfeffb53","3348a085-2cbd-439d-a1b4-71684cc5a437",,"04/2025","2025-04-10","298.99","374.53","judicializado","Origem: Conversão de Relatório | Sistema: Safira | Recibo: 3004000999 | Multa: R$ 5,98 | Correção: R$ 20,71 | Juros: R$ 48,85 | Total do Recibo: R$ 374,53",,"2026-07-16T16:56:38.055761+00:00","2026-08-12T14:47:42.684518+00:00","importacao_cobrancas - 16/07/2026, 13:55",,,"novo","0","0",,,"false","0","0","0","0",,,"48.85","5.98","20.71","0",,"judicializado","em_aberto",,,,
"9d3172e8-7a8d-428d-a1e0-10ecfdd1a3be","f2794994-c616-4a17-9a5c-fd44aa9d906c","2b1aa7ca-91d6-44fc-b667-8fb9bfeffb53","ada6511b-3d73-4d5d-8ba9-2c0f229a7aad",,"07/2024","2024-07-10","361.33","500.07","suspenso","Origem: Conversão de Relatório | Sistema: Safira | Recibo: 3004009791 | Multa: R$ 7,23 | Correção: R$ 34,72 | Juros: R$ 96,79 | Total do Recibo: R$ 500,07",,"2026-07-16T16:58:05.649916+00:00","2026-08-12T14:47:42.684518+00:00","importacao_cobrancas - 16/07/2026, 13:55",,,"novo","0","0",,,"false","0","0","0","0",,,"96.79","7.23","34.72","0",,"suspenso","em_aberto",,,,
"9e583332-ec20-4f7b-969c-7539a8bb2b4a","f2794994-c616-4a17-9a5c-fd44aa9d906c","2b1aa7ca-91d6-44fc-b667-8fb9bfeffb53","cd8ee3af-46b8-42bd-be23-3018fd50e679",,"10/2024","2024-10-10","341.38","459.33","judicializado","Origem: Conversão de Relatório | Sistema: Safira | Recibo: 3004004650 | Multa: R$ 6,83 | Correção: R$ 31,40 | Juros: R$ 79,72 | Total do Recibo: R$ 459,33",,"2026-07-16T16:58:49.629594+00:00","2026-08-12T14:47:42.684518+00:00","importacao_cobrancas - 16/07/2026, 13:55",,,"novo","0","0",,,"false","0","0","0","0",,,"79.72","6.83","31.4","0",,"judicializado","em_aberto",,,,
"a2f5155b-88d2-4df5-88f3-0851b8a6254c","f2794994-c616-4a17-9a5c-fd44aa9d906c","2b1aa7ca-91d6-44fc-b667-8fb9bfeffb53","ee85c335-0803-43c3-b862-6ab43b514b13",,"08/2025","2025-08-28","209.22","243.09","novo","Origem: Conversão de Relatório | Sistema: Safira | Recibo: 3004009589 | Multa: R$ 4,18 | Correção: R$ 7,59 | Juros: R$ 22,10 | Total do Recibo: R$ 243,09",,"2026-07-16T16:57:59.452865+00:00","2026-08-12T14:47:42.684518+00:00","importacao_cobrancas - 16/07/2026, 13:55",,,"novo","0","0",,,"false","0","0","0","0",,,"22.1","4.18","7.59","0",,"novo","em_aberto",,,,
"a3f4e04f-4b43-4850-933b-beb824985ade","f2794994-c616-4a17-9a5c-fd44aa9d906c","2b1aa7ca-91d6-44fc-b667-8fb9bfeffb53","ada6511b-3d73-4d5d-8ba9-2c0f229a7aad",,"06/2025","2025-06-10","361.33","434.7","novo","Origem: Conversão de Relatório | Sistema: Safira | Recibo: 3004009899 | Multa: R$ 7,23 | Correção: R$ 16,13 | Juros: R$ 50,01 | Total do Recibo: R$ 434,70",,"2026-07-16T16:58:06.0812+00:00","2026-08-12T14:47:42.684518+00:00","importacao_cobrancas - 16/07/2026, 13:55",,,"novo","0","0",,,"false","0","0","0","0",,,"50.01","7.23","16.13","0",,"novo","em_aberto",,,,
"a4e1774b-5ceb-4db4-8891-8d9c95be3694","f2794994-c616-4a17-9a5c-fd44aa9d906c","2b1aa7ca-91d6-44fc-b667-8fb9bfeffb53","d0193161-1d43-4ad9-a93c-f8fd42280fc0",,"05/2025","2025-05-12","298.99","364.42","novo","Origem: Conversão de Relatório | Sistema: Safira | Recibo: 3004006490 | Multa: R$ 5,98 | Correção: R$ 14,70 | Juros: R$ 44,75 | Total do Recibo: R$ 364,42",,"2026-07-16T16:56:02.172865+00:00","2026-08-12T14:47:42.684518+00:00","importacao_cobrancas - 16/07/2026, 13:55",,,"novo","0","0",,,"false","0","0","0","0",,,"44.75","5.98","14.7","0",,"novo","em_aberto",,,,
"a5b2d86d-72a6-443a-8a9e-016e179e6a15","e1f6e3ac-1098-4b30-9e0f-af4c47b351a3","18a05e0f-c1c6-43f3-a755-42d188d7034f","1ac34055-b146-42d8-adc2-de66845df332",,"09/2024","2024-09-10","513.44","702.55","suspenso","Origem: Conversão de Relatório | Sistema: Superlógica Condomínios | Recibo: 17029238 | Multa: R$ 10,27 | Correção: R$ 51,21 | Juros: R$ 127,63 | Total do Recibo: R$ 702,55",,"2026-07-23T22:10:37.178974+00:00","2026-07-24T11:20:12.191706+00:00","importacao_cobrancas - 23/07/2026, 19:10",,,"novo","0","0",,,"false","0","0","0","0",,,"127.63","10.27","51.21","0",,"suspenso","em_aberto",,,,
"a63a4d90-3c68-4b93-90b5-1a6d3df542c8","e1f6e3ac-1098-4b30-9e0f-af4c47b351a3","18a05e0f-c1c6-43f3-a755-42d188d7034f","d82746d2-59ca-4537-92fb-d0443d57f96f",,"11/2025","2025-11-10","0.01","0.01","novo","Origem: Conversão de Relatório | Sistema: Superlógica Condomínios | Recibo: 18061517 | Total do Recibo: R$ 0,01",,"2026-07-23T22:10:41.364247+00:00","2026-07-24T11:16:59.641771+00:00","importacao_cobrancas - 23/07/2026, 19:10",,,"novo","0","0",,,"false","0","0","0","0",,,"0","0","0","0",,"novo","em_aberto",,,,
"ab7b8823-1979-4f98-8d17-456349b916fe","f2794994-c616-4a17-9a5c-fd44aa9d906c","2b1aa7ca-91d6-44fc-b667-8fb9bfeffb53","ada6511b-3d73-4d5d-8ba9-2c0f229a7aad",,"05/2025","2025-05-10","361.33","440.4","novo","Origem: Conversão de Relatório | Sistema: Safira | Recibo: 3004009880 | Multa: R$ 7,23 | Correção: R$ 17,76 | Juros: R$ 54,08 | Total do Recibo: R$ 440,40",,"2026-07-16T16:58:05.853932+00:00","2026-08-12T14:47:42.684518+00:00","importacao_cobrancas - 16/07/2026, 13:55",,,"novo","0","0",,,"false","0","0","0","0",,,"54.08","7.23","17.76","0",,"novo","em_aberto",,,,
"ae9d4f77-91c2-4e2b-88ad-a320b4fcd3c0","f2794994-c616-4a17-9a5c-fd44aa9d906c","2b1aa7ca-91d6-44fc-b667-8fb9bfeffb53","ee85c335-0803-43c3-b862-6ab43b514b13",,"09/2025","2025-09-29","209.22","241.38","novo","Origem: Conversão de Relatório | Sistema: Safira | Recibo: 3004009597 | Multa: R$ 4,18 | Correção: R$ 8,05 | Juros: R$ 19,93 | Total do Recibo: R$ 241,38",,"2026-07-16T16:57:59.72022+00:00","2026-08-12T14:47:42.684518+00:00","importacao_cobrancas - 16/07/2026, 13:55",,,"novo","0","0",,,"false","0","0","0","0",,,"19.93","4.18","8.05","0",,"novo","em_aberto",,,,
"aeb449ad-105a-4125-86c8-a34d4a191d76","f2794994-c616-4a17-9a5c-fd44aa9d906c","2b1aa7ca-91d6-44fc-b667-8fb9bfeffb53","58d21a60-03e5-4c75-a7c0-13e943768d87",,"04/2025","2025-04-10","279.85","350.55","novo","Origem: Conversão de Relatório | Sistema: Safira | Recibo: 3004004846 | Multa: R$ 5,60 | Correção: R$ 19,38 | Juros: R$ 45,72 | Total do Recibo: R$ 350,55",,"2026-07-16T16:58:54.528779+00:00","2026-08-12T14:47:42.684518+00:00","importacao_cobrancas - 16/07/2026, 13:55",,,"novo","0","0",,,"false","0","0","0","0",,,"45.72","5.6","19.38","0",,"novo","em_aberto",,,,
"b17b29a4-9286-42f1-9381-40757c5b3272","e1f6e3ac-1098-4b30-9e0f-af4c47b351a3","18a05e0f-c1c6-43f3-a755-42d188d7034f","1ac34055-b146-42d8-adc2-de66845df332",,"04/2024","2024-04-10","573.78","829.83","suspenso","Origem: Conversão de Relatório | Sistema: Superlógica Condomínios | Recibo: 17029233 | Multa: R$ 11,48 | Correção: R$ 67,12 | Juros: R$ 177,45 | Total do Recibo: R$ 829,83",,"2026-07-23T22:10:36.005621+00:00","2026-07-24T11:19:46.458097+00:00","importacao_cobrancas - 23/07/2026, 19:10",,,"novo","0","0",,,"false","0","0","0","0",,,"177.45","11.48","67.12","0",,"suspenso","em_aberto",,,,
"b198669c-3bc5-4c1e-8bbc-ffc4b1a45de5","e1f6e3ac-1098-4b30-9e0f-af4c47b351a3","18a05e0f-c1c6-43f3-a755-42d188d7034f","1ac34055-b146-42d8-adc2-de66845df332",,"09/2025","2025-09-10","669.26","786.89","novo","Origem: Conversão de Relatório | Sistema: Superlógica Condomínios | Recibo: 17785226 | Multa: R$ 13,39 | Correção: R$ 31,40 | Juros: R$ 72,84 | Total do Recibo: R$ 786,89",,"2026-07-23T22:10:39.773648+00:00","2026-07-24T11:16:59.641771+00:00","importacao_cobrancas - 23/07/2026, 19:10",,,"novo","0","0",,,"false","0","0","0","0",,,"72.84","13.39","31.4","0",,"novo","em_aberto",,,,
"b1f01121-4d81-4567-ac32-a0fcd4b05add","f2794994-c616-4a17-9a5c-fd44aa9d906c","2b1aa7ca-91d6-44fc-b667-8fb9bfeffb53","3348a085-2cbd-439d-a1b4-71684cc5a437",,"06/2024","2024-06-10","361.33","506.42","judicializado","Origem: Conversão de Relatório | Sistema: Safira | Recibo: 3004000891 | Multa: R$ 7,23 | Correção: R$ 36,58 | Juros: R$ 101,28 | Total do Recibo: R$ 506,42",,"2026-07-16T16:56:35.902222+00:00","2026-08-12T14:47:42.684518+00:00","importacao_cobrancas - 16/07/2026, 13:55",,,"novo","0","0",,,"false","0","0","0","0",,,"101.28","7.23","36.58","0",,"judicializado","em_aberto",,,,
"b76069f4-8216-4325-ad1c-4403d3acec2e","f2794994-c616-4a17-9a5c-fd44aa9d906c","2b1aa7ca-91d6-44fc-b667-8fb9bfeffb53","c7f3a9bc-2846-4704-9d32-4fb36a209310",,"01/2025","2025-01-10","291.38","376.96","judicializado","Origem: Conversão de Relatório | Sistema: Safira | Recibo: 3004002070 | Multa: R$ 5,83 | Correção: R$ 22,25 | Juros: R$ 57,50 | Total do Recibo: R$ 376,96",,"2026-07-16T16:57:25.224662+00:00","2026-08-12T14:47:42.684518+00:00","importacao_cobrancas - 16/07/2026, 13:55",,,"novo","0","0",,,"false","0","0","0","0",,,"57.5","5.83","22.25","0",,"judicializado","em_aberto",,,,
"b87c2d02-3ea5-44fe-856e-92e190f974fe","f2794994-c616-4a17-9a5c-fd44aa9d906c","2b1aa7ca-91d6-44fc-b667-8fb9bfeffb53","ee83b1ee-29a4-44dc-8390-3eed64a70177",,"05/2024","2024-05-12","279.85","396.82","suspenso","Origem: Conversão de Relatório | Sistema: Safira | Recibo: 3004002126 | Multa: R$ 5,60 | Correção: R$ 29,49 | Juros: R$ 81,88 | Total do Recibo: R$ 396,82",,"2026-07-16T16:57:27.464075+00:00","2026-08-12T14:47:42.684518+00:00","importacao_cobrancas - 16/07/2026, 13:55",,,"novo","0","0",,,"false","0","0","0","0",,,"81.88","5.6","29.49","0",,"suspenso","em_aberto",,,,
"bf7b58bf-f92c-4067-9ea5-310f64e52235","f2794994-c616-4a17-9a5c-fd44aa9d906c","2b1aa7ca-91d6-44fc-b667-8fb9bfeffb53","cd8ee3af-46b8-42bd-be23-3018fd50e679",,"06/2024","2024-06-10","341.38","478.46","judicializado","Origem: Conversão de Relatório | Sistema: Safira | Recibo: 3004004617 | Multa: R$ 6,83 | Correção: R$ 34,56 | Juros: R$ 95,69 | Total do Recibo: R$ 478,46",,"2026-07-16T16:58:48.778299+00:00","2026-08-12T14:47:42.684518+00:00","importacao_cobrancas - 16/07/2026, 13:55",,,"novo","0","0",,,"false","0","0","0","0",,,"95.69","6.83","34.56","0",,"judicializado","em_aberto",,,,
"c8d0a691-35c4-42d7-88c3-fc7b2106c74a","f2794994-c616-4a17-9a5c-fd44aa9d906c","2b1aa7ca-91d6-44fc-b667-8fb9bfeffb53","58d21a60-03e5-4c75-a7c0-13e943768d87",,"03/2025","2025-03-10","279.85","353.6","novo","Origem: Conversão de Relatório | Sistema: Safira | Recibo: 3004004838 | Multa: R$ 5,60 | Correção: R$ 19,38 | Juros: R$ 48,77 | Total do Recibo: R$ 353,60",,"2026-07-16T16:58:54.314702+00:00","2026-08-12T14:47:42.684518+00:00","importacao_cobrancas - 16/07/2026, 13:55",,,"novo","0","0",,,"false","0","0","0","0",,,"48.77","5.6","19.38","0",,"novo","em_aberto",,,,
"ca1b750c-977a-4c5b-a72a-ab1f811c4aa3","f2794994-c616-4a17-9a5c-fd44aa9d906c","2b1aa7ca-91d6-44fc-b667-8fb9bfeffb53","58d21a60-03e5-4c75-a7c0-13e943768d87",,"12/2024","2024-12-10","341.38","446.86","suspenso","Origem: Conversão de Relatório | Sistema: Safira | Recibo: 3004004803 | Multa: R$ 6,83 | Correção: R$ 27,30 | Juros: R$ 71,35 | Total do Recibo: R$ 446,86",,"2026-07-16T16:58:53.614569+00:00","2026-08-12T14:47:42.684518+00:00","importacao_cobrancas - 16/07/2026, 13:55",,,"novo","0","0",,,"false","0","0","0","0",,,"71.35","6.83","27.3","0",,"suspenso","em_aberto",,,,
"ccc2fdb4-50f5-480f-8948-df41fcbc2004","e1f6e3ac-1098-4b30-9e0f-af4c47b351a3","18a05e0f-c1c6-43f3-a755-42d188d7034f","04361500-fc98-44ef-8aaa-c5479a16fea6",,"02/2025","2025-02-10","0.01","0.01","novo","Origem: Conversão de Relatório | Sistema: Superlógica Condomínios | Recibo: 17212965 | Total do Recibo: R$ 0,01",,"2026-07-23T22:10:42.439727+00:00","2026-07-24T11:16:59.641771+00:00","importacao_cobrancas - 23/07/2026, 19:10",,,"novo","0","0",,,"false","0","0","0","0",,,"0","0","0","0",,"novo","em_aberto",,,,
"d09fbcc7-f700-4f0f-9ec8-dc335663f58f","f2794994-c616-4a17-9a5c-fd44aa9d906c","2b1aa7ca-91d6-44fc-b667-8fb9bfeffb53","3348a085-2cbd-439d-a1b4-71684cc5a437",,"01/2025","2025-01-10","311.33","402.77","judicializado","Origem: Conversão de Relatório | Sistema: Safira | Recibo: 3004000964 | Multa: R$ 6,23 | Correção: R$ 23,77 | Juros: R$ 61,44 | Total do Recibo: R$ 402,77",,"2026-07-16T16:56:37.374624+00:00","2026-08-12T14:47:42.684518+00:00","importacao_cobrancas - 16/07/2026, 13:55",,,"novo","0","0",,,"false","0","0","0","0",,,"61.44","6.23","23.77","0",,"judicializado","em_aberto",,,,
"d2363f94-6dc2-42df-8925-fae927745f21","e1f6e3ac-1098-4b30-9e0f-af4c47b351a3","18a05e0f-c1c6-43f3-a755-42d188d7034f","e47a746e-5174-422e-a90d-04f74c4cbebf",,"10/2025","2025-10-10","0.01","0.01","novo","Origem: Conversão de Relatório | Sistema: Superlógica Condomínios | Recibo: 17962633 | Total do Recibo: R$ 0,01",,"2026-07-23T22:10:32.298613+00:00","2026-07-24T11:16:59.641771+00:00","importacao_cobrancas - 23/07/2026, 19:10",,,"novo","0","0",,,"false","0","0","0","0",,,"0","0","0","0",,"novo","em_aberto",,,,
"d69af7bb-f680-4196-96d8-f3d00b63f4fa","f2794994-c616-4a17-9a5c-fd44aa9d906c","2b1aa7ca-91d6-44fc-b667-8fb9bfeffb53","c7f3a9bc-2846-4704-9d32-4fb36a209310",,"05/2025","2025-05-12","279.85","341.1","judicializado","Origem: Conversão de Relatório | Sistema: Safira | Recibo: 3004002118 | Multa: R$ 5,60 | Correção: R$ 13,76 | Juros: R$ 41,89 | Total do Recibo: R$ 341,10",,"2026-07-16T16:57:26.088055+00:00","2026-08-12T14:47:42.684518+00:00","importacao_cobrancas - 16/07/2026, 13:55",,,"novo","0","0",,,"false","0","0","0","0",,,"41.89","5.6","13.76","0",,"judicializado","em_aberto",,,,
"d841a115-3867-493d-9f20-25fbbabe33a1","f2794994-c616-4a17-9a5c-fd44aa9d906c","2b1aa7ca-91d6-44fc-b667-8fb9bfeffb53","6a359218-3cfe-464f-9a02-4a99311d30cd",,"01/2025","2025-01-10","291.38","376.96","novo","Origem: Conversão de Relatório | Sistema: Safira | Recibo: 3004009775 | Multa: R$ 5,83 | Correção: R$ 22,25 | Juros: R$ 57,50 | Total do Recibo: R$ 376,96",,"2026-07-16T16:58:05.235968+00:00","2026-08-12T14:47:42.684518+00:00","importacao_cobrancas - 16/07/2026, 13:55",,,"novo","0","0",,,"false","0","0","0","0",,,"57.5","5.83","22.25","0",,"novo","em_aberto",,,,
"dae4a319-045f-42c3-9101-2a4fcd1d9549","f2794994-c616-4a17-9a5c-fd44aa9d906c","2b1aa7ca-91d6-44fc-b667-8fb9bfeffb53","e6e45273-c644-4340-b27b-425adf7de7e3",,"04/2025","2025-04-10","213.21","267.06","novo","Origem: Conversão de Relatório | Sistema: Safira | Recibo: 3004020361 | Multa: R$ 4,26 | Correção: R$ 14,76 | Juros: R$ 34,83 | Total do Recibo: R$ 267,06",,"2026-07-16T16:58:03.306102+00:00","2026-08-12T14:47:42.684518+00:00","importacao_cobrancas - 16/07/2026, 13:55",,,"novo","0","0",,,"false","0","0","0","0",,,"34.83","4.26","14.76","0",,"novo","em_aberto",,,,
"dddf8a6b-59ef-4820-b260-a2dbccc2aa57","e1f6e3ac-1098-4b30-9e0f-af4c47b351a3","18a05e0f-c1c6-43f3-a755-42d188d7034f","e47a746e-5174-422e-a90d-04f74c4cbebf",,"11/2025","2025-11-10","0.01","0.01","novo","Origem: Conversão de Relatório | Sistema: Superlógica Condomínios | Recibo: 18061515 | Total do Recibo: R$ 0,01",,"2026-07-23T22:10:32.628161+00:00","2026-07-24T11:16:59.641771+00:00","importacao_cobrancas - 23/07/2026, 19:10",,,"novo","0","0",,,"false","0","0","0","0",,,"0","0","0","0",,"novo","em_aberto",,,,
"df30254d-1130-4a55-9404-0b83448854bf","f2794994-c616-4a17-9a5c-fd44aa9d906c","2b1aa7ca-91d6-44fc-b667-8fb9bfeffb53","c7f3a9bc-2846-4704-9d32-4fb36a209310",,"08/2024","2024-08-12","341.38","467.47","judicializado","Origem: Conversão de Relatório | Sistema: Safira | Recibo: 3004002029 | Multa: R$ 6,83 | Correção: R$ 31,85 | Juros: R$ 87,41 | Total do Recibo: R$ 467,47",,"2026-07-16T16:57:23.925212+00:00","2026-08-12T14:47:42.684518+00:00","importacao_cobrancas - 16/07/2026, 13:55",,,"novo","0","0",,,"false","0","0","0","0",,,"87.41","6.83","31.85","0",,"judicializado","em_aberto",,,,
"e08570ed-1a11-4a53-ba47-76b678e614bb","f2794994-c616-4a17-9a5c-fd44aa9d906c","2b1aa7ca-91d6-44fc-b667-8fb9bfeffb53","cd8ee3af-46b8-42bd-be23-3018fd50e679",,"12/2024","2024-12-10","341.38","446.86","judicializado","Origem: Conversão de Relatório | Sistema: Safira | Recibo: 3004004676 | Multa: R$ 6,83 | Correção: R$ 27,30 | Juros: R$ 71,35 | Total do Recibo: R$ 446,86",,"2026-07-16T16:58:50.045835+00:00","2026-08-12T14:47:42.684518+00:00","importacao_cobrancas - 16/07/2026, 13:55",,,"novo","0","0",,,"false","0","0","0","0",,,"71.35","6.83","27.3","0",,"judicializado","em_aberto",,,,
"e3952b43-6849-4129-b4fd-677ffede185d","e1f6e3ac-1098-4b30-9e0f-af4c47b351a3","18a05e0f-c1c6-43f3-a755-42d188d7034f","1ac34055-b146-42d8-adc2-de66845df332",,"10/2025","2025-10-10","662.73","768.44","novo","Origem: Conversão de Relatório | Sistema: Superlógica Condomínios | Recibo: 17886509 | Multa: R$ 13,25 | Correção: R$ 27,71 | Juros: R$ 64,75 | Total do Recibo: R$ 768,44",,"2026-07-23T22:10:39.980627+00:00","2026-07-24T11:16:59.641771+00:00","importacao_cobrancas - 23/07/2026, 19:10",,,"novo","0","0",,,"false","0","0","0","0",,,"64.75","13.25","27.71","0",,"novo","em_aberto",,,,
"e4eb82eb-65b8-444f-b8af-3b382e10ca87","e1f6e3ac-1098-4b30-9e0f-af4c47b351a3","18a05e0f-c1c6-43f3-a755-42d188d7034f","1ac34055-b146-42d8-adc2-de66845df332",,"05/2025","2025-05-10","510.29","626.8","novo","Origem: Conversão de Relatório | Sistema: Superlógica Condomínios | Recibo: 17399057 | Multa: R$ 10,21 | Correção: R$ 28,35 | Juros: R$ 77,95 | Total do Recibo: R$ 626,80",,"2026-07-23T22:10:38.741792+00:00","2026-07-24T11:16:59.641771+00:00","importacao_cobrancas - 23/07/2026, 19:10",,,"novo","0","0",,,"false","0","0","0","0",,,"77.95","10.21","28.35","0",,"novo","em_aberto",,,,
"e53da49a-2251-4faa-a6ae-246e583d3c2b","f2794994-c616-4a17-9a5c-fd44aa9d906c","2b1aa7ca-91d6-44fc-b667-8fb9bfeffb53","c7f3a9bc-2846-4704-9d32-4fb36a209310",,"07/2024","2024-07-10","341.38","472.45","judicializado","Origem: Conversão de Relatório | Sistema: Safira | Recibo: 3004002010 | Multa: R$ 6,83 | Correção: R$ 32,80 | Juros: R$ 91,44 | Total do Recibo: R$ 472,45",,"2026-07-16T16:57:23.719214+00:00","2026-08-12T14:47:42.684518+00:00","importacao_cobrancas - 16/07/2026, 13:55",,,"novo","0","0",,,"false","0","0","0","0",,,"91.44","6.83","32.8","0",,"judicializado","em_aberto",,,,
"e5970ae4-be21-45ef-b281-1885f3f2ea7a","f2794994-c616-4a17-9a5c-fd44aa9d906c","2b1aa7ca-91d6-44fc-b667-8fb9bfeffb53","cd8ee3af-46b8-42bd-be23-3018fd50e679",,"09/2024","2024-09-10","341.38","462.48","judicializado","Origem: Conversão de Relatório | Sistema: Safira | Recibo: 3004004641 | Multa: R$ 6,83 | Correção: R$ 30,87 | Juros: R$ 83,40 | Total do Recibo: R$ 462,48",,"2026-07-16T16:58:49.428444+00:00","2026-08-12T14:47:42.684518+00:00","importacao_cobrancas - 16/07/2026, 13:55",,,"novo","0","0",,,"false","0","0","0","0",,,"83.4","6.83","30.87","0",,"judicializado","em_aberto",,,,
"e60badff-f903-49c5-a4b5-e82966b07ead","f2794994-c616-4a17-9a5c-fd44aa9d906c","2b1aa7ca-91d6-44fc-b667-8fb9bfeffb53","ee85c335-0803-43c3-b862-6ab43b514b13",,"11/2025","2025-11-01","209.22","237.93","novo","Origem: Conversão de Relatório | Sistema: Safira | Recibo: 3004009627 | Multa: R$ 4,18 | Correção: R$ 6,91 | Juros: R$ 17,62 | Total do Recibo: R$ 237,93",,"2026-07-16T16:58:00.126076+00:00","2026-08-12T14:47:42.684518+00:00","importacao_cobrancas - 16/07/2026, 13:55",,,"novo","0","0",,,"false","0","0","0","0",,,"17.62","4.18","6.91","0",,"novo","em_aberto",,,,
"e8e4083f-86fc-42b2-89a1-930e06e08313","e1f6e3ac-1098-4b30-9e0f-af4c47b351a3","18a05e0f-c1c6-43f3-a755-42d188d7034f","208e9dfe-3143-4622-a6fa-9c2931c1ef85",,"11/2025","2025-11-10","0.01","0.01","novo","Origem: Conversão de Relatório | Sistema: Superlógica Condomínios | Recibo: 18061516 | Total do Recibo: R$ 0,01",,"2026-07-23T22:10:34.695715+00:00","2026-07-24T11:16:59.641771+00:00","importacao_cobrancas - 23/07/2026, 19:10",,,"novo","0","0",,,"false","0","0","0","0",,,"0","0","0","0",,"novo","em_aberto",,,,
"ea293510-4596-4f0c-b5e8-caebd7013741","f2794994-c616-4a17-9a5c-fd44aa9d906c","2b1aa7ca-91d6-44fc-b667-8fb9bfeffb53","58d21a60-03e5-4c75-a7c0-13e943768d87",,"02/2025","2025-02-10","279.85","357.26","novo","Origem: Conversão de Relatório | Sistema: Safira | Recibo: 3004004820 | Multa: R$ 5,60 | Correção: R$ 19,90 | Juros: R$ 51,91 | Total do Recibo: R$ 357,26",,"2026-07-16T16:58:54.088215+00:00","2026-08-12T14:47:42.684518+00:00","importacao_cobrancas - 16/07/2026, 13:55",,,"novo","0","0",,,"false","0","0","0","0",,,"51.91","5.6","19.9","0",,"novo","em_aberto",,,,
"eb72e095-9f0a-412b-9cd4-2af8a2c20701","f2794994-c616-4a17-9a5c-fd44aa9d906c","2b1aa7ca-91d6-44fc-b667-8fb9bfeffb53","3348a085-2cbd-439d-a1b4-71684cc5a437",,"12/2024","2024-12-10","361.33","472.97","judicializado","Origem: Conversão de Relatório | Sistema: Safira | Recibo: 3004000956 | Multa: R$ 7,23 | Correção: R$ 28,89 | Juros: R$ 75,52 | Total do Recibo: R$ 472,97",,"2026-07-16T16:56:37.180099+00:00","2026-08-12T14:47:42.684518+00:00","importacao_cobrancas - 16/07/2026, 13:55",,,"novo","0","0",,,"false","0","0","0","0",,,"75.52","7.23","28.89","0",,"judicializado","em_aberto",,,,
"eca62870-498c-4f87-982e-48df146c0b6b","f2794994-c616-4a17-9a5c-fd44aa9d906c","2b1aa7ca-91d6-44fc-b667-8fb9bfeffb53","cd8ee3af-46b8-42bd-be23-3018fd50e679",,"08/2024","2024-08-12","341.38","467.47","judicializado","Origem: Conversão de Relatório | Sistema: Safira | Recibo: 3004004633 | Multa: R$ 6,83 | Correção: R$ 31,85 | Juros: R$ 87,41 | Total do Recibo: R$ 467,47",,"2026-07-16T16:58:49.198542+00:00","2026-08-12T14:47:42.684518+00:00","importacao_cobrancas - 16/07/2026, 13:55",,,"novo","0","0",,,"false","0","0","0","0",,,"87.41","6.83","31.85","0",,"judicializado","em_aberto",,,,
"edbcfd73-2a28-4c7f-b5fc-0c00084088af","f2794994-c616-4a17-9a5c-fd44aa9d906c","2b1aa7ca-91d6-44fc-b667-8fb9bfeffb53","ee85c335-0803-43c3-b862-6ab43b514b13",,"06/2025","2025-06-30","209.22","248.56","novo","Origem: Conversão de Relatório | Sistema: Safira | Recibo: 3004009562 | Multa: R$ 4,18 | Correção: R$ 8,53 | Juros: R$ 26,63 | Total do Recibo: R$ 248,56",,"2026-07-16T16:57:59.032244+00:00","2026-08-12T14:47:42.684518+00:00","importacao_cobrancas - 16/07/2026, 13:55",,,"novo","0","0",,,"false","0","0","0","0",,,"26.63","4.18","8.53","0",,"novo","em_aberto",,,,
"f28889eb-ca28-42f1-8301-76ad3309f653","f2794994-c616-4a17-9a5c-fd44aa9d906c","2b1aa7ca-91d6-44fc-b667-8fb9bfeffb53","c7f3a9bc-2846-4704-9d32-4fb36a209310",,"09/2024","2024-09-10","341.38","462.48","judicializado","Origem: Conversão de Relatório | Sistema: Safira | Recibo: 3004002037 | Multa: R$ 6,83 | Correção: R$ 30,87 | Juros: R$ 83,40 | Total do Recibo: R$ 462,48",,"2026-07-16T16:57:24.14712+00:00","2026-08-12T14:47:42.684518+00:00","importacao_cobrancas - 16/07/2026, 13:55",,,"novo","0","0",,,"false","0","0","0","0",,,"83.4","6.83","30.87","0",,"judicializado","em_aberto",,,,
"f3ceeaf9-b6e1-451f-87ed-610a254c7a39","f2794994-c616-4a17-9a5c-fd44aa9d906c","2b1aa7ca-91d6-44fc-b667-8fb9bfeffb53","cd8ee3af-46b8-42bd-be23-3018fd50e679",,"01/2025","2025-01-10","291.38","376.96","judicializado","Origem: Conversão de Relatório | Sistema: Safira | Recibo: 3004004684 | Multa: R$ 5,83 | Correção: R$ 22,25 | Juros: R$ 57,50 | Total do Recibo: R$ 376,96",,"2026-07-16T16:58:50.256888+00:00","2026-08-12T14:47:42.684518+00:00","importacao_cobrancas - 16/07/2026, 13:55",,,"novo","0","0",,,"false","0","0","0","0",,,"57.5","5.83","22.25","0",,"judicializado","em_aberto",,,,
"f878f9e6-d72b-44f5-9259-e6008cb85f67","e1f6e3ac-1098-4b30-9e0f-af4c47b351a3","18a05e0f-c1c6-43f3-a755-42d188d7034f","1ac34055-b146-42d8-adc2-de66845df332",,"06/2025","2025-06-10","557.33","676.15","novo","Origem: Conversão de Relatório | Sistema: Superlógica Condomínios | Recibo: 17520556 | Multa: R$ 11,15 | Correção: R$ 28,82 | Juros: R$ 78,85 | Total do Recibo: R$ 676,15",,"2026-07-23T22:10:38.923741+00:00","2026-07-24T11:16:59.641771+00:00","importacao_cobrancas - 23/07/2026, 19:10",,,"novo","0","0",,,"false","0","0","0","0",,,"78.85","11.15","28.82","0",,"novo","em_aberto",,,,
"fa1e2759-6bcf-4413-85bb-bc902488ac2f","f2794994-c616-4a17-9a5c-fd44aa9d906c","2b1aa7ca-91d6-44fc-b667-8fb9bfeffb53","3348a085-2cbd-439d-a1b4-71684cc5a437",,"07/2024","2024-07-10","361.33","500.07","judicializado","Origem: Conversão de Relatório | Sistema: Safira | Recibo: 3004000905 | Multa: R$ 7,23 | Correção: R$ 34,72 | Juros: R$ 96,79 | Total do Recibo: R$ 500,07",,"2026-07-16T16:56:36.123027+00:00","2026-08-12T14:47:42.684518+00:00","importacao_cobrancas - 16/07/2026, 13:55",,,"novo","0","0",,,"false","0","0","0","0",,,"96.79","7.23","34.72","0",,"judicializado","em_aberto",,,,
"fb064aba-f666-4126-adfb-ed677b62de18","f2794994-c616-4a17-9a5c-fd44aa9d906c","2b1aa7ca-91d6-44fc-b667-8fb9bfeffb53","3348a085-2cbd-439d-a1b4-71684cc5a437",,"10/2024","2024-10-10","361.33","486.17","judicializado","Origem: Conversão de Relatório | Sistema: Safira | Recibo: 3004000930 | Multa: R$ 7,23 | Correção: R$ 33,23 | Juros: R$ 84,38 | Total do Recibo: R$ 486,17",,"2026-07-16T16:56:36.765135+00:00","2026-08-12T14:47:42.684518+00:00","importacao_cobrancas - 16/07/2026, 13:55",,,"novo","0","0",,,"false","0","0","0","0",,,"84.38","7.23","33.23","0",,"judicializado","em_aberto",,,,
"fb702277-d02b-4ba7-8709-29611f47f508","e1f6e3ac-1098-4b30-9e0f-af4c47b351a3","18a05e0f-c1c6-43f3-a755-42d188d7034f","1ac34055-b146-42d8-adc2-de66845df332",,"02/2024","2024-02-10","301.49","447.32","suspenso","Origem: Conversão de Relatório | Sistema: Superlógica Condomínios | Recibo: 17029231 | Multa: R$ 6,03 | Correção: R$ 38,70 | Juros: R$ 101,10 | Total do Recibo: R$ 447,32",,"2026-07-23T22:10:35.469908+00:00","2026-07-24T11:19:31.517198+00:00","importacao_cobrancas - 23/07/2026, 19:10",,,"novo","0","0",,,"false","0","0","0","0",,,"101.1","6.03","38.7","0",,"suspenso","em_aberto",,,,
"fbde3978-2eb3-4fc4-bc9c-05d70ed0aaa5","f2794994-c616-4a17-9a5c-fd44aa9d906c","2b1aa7ca-91d6-44fc-b667-8fb9bfeffb53","c7f3a9bc-2846-4704-9d32-4fb36a209310",,"03/2025","2025-03-10","279.85","353.6","judicializado","Origem: Conversão de Relatório | Sistema: Safira | Recibo: 3004002096 | Multa: R$ 5,60 | Correção: R$ 19,38 | Juros: R$ 48,77 | Total do Recibo: R$ 353,60",,"2026-07-16T16:57:25.655234+00:00","2026-08-12T14:47:42.684518+00:00","importacao_cobrancas - 16/07/2026, 13:55",,,"novo","0","0",,,"false","0","0","0","0",,,"48.77","5.6","19.38","0",,"judicializado","em_aberto",,,,
"49f34db7-9638-48eb-aaba-76291d1aaefc","e1f6e3ac-1098-4b30-9e0f-af4c47b351a3","18a05e0f-c1c6-43f3-a755-42d188d7034f","af9bd159-9fbf-48b0-8781-24bcf685f76b",,"10/2025","2025-10-10","0.01","0.01","novo","Origem: Conversão de Relatório | Sistema: Superlógica Condomínios | Recibo: 17962636 | Total do Recibo: R$ 0,01",,"2026-07-23T22:11:00.708368+00:00","2026-07-24T11:16:59.641771+00:00","importacao_cobrancas - 23/07/2026, 19:10",,,"novo","0","0",,,"false","0","0","0","0",,,"0","0","0","0",,"novo","em_aberto",,,,
"2d82bcea-1275-4bc1-9483-6bdca30a4a16","e1f6e3ac-1098-4b30-9e0f-af4c47b351a3","18a05e0f-c1c6-43f3-a755-42d188d7034f","c6225c8d-0291-4ed2-a9e5-13f1998a1344",,"06/2025","2025-06-10","0.01","0.01","novo","Origem: Conversão de Relatório | Sistema: Superlógica Condomínios | Recibo: 17563469 | Total do Recibo: R$ 0,01",,"2026-07-23T22:11:03.327157+00:00","2026-07-24T11:16:59.641771+00:00","importacao_cobrancas - 23/07/2026, 19:10",,,"novo","0","0",,,"false","0","0","0","0",,,"0","0","0","0",,"novo","em_aberto",,,,
"f37b7eeb-0c8d-42eb-8ac2-c7fae26cfea1","e1f6e3ac-1098-4b30-9e0f-af4c47b351a3","18a05e0f-c1c6-43f3-a755-42d188d7034f","c6225c8d-0291-4ed2-a9e5-13f1998a1344",,"12/2025","2025-12-10","0.01","0.01","novo","Origem: Conversão de Relatório | Sistema: Superlógica Condomínios | Recibo: 18161591 | Total do Recibo: R$ 0,01",,"2026-07-23T22:11:03.934279+00:00","2026-07-24T11:16:59.641771+00:00","importacao_cobrancas - 23/07/2026, 19:10",,,"novo","0","0",,,"false","0","0","0","0",,,"0","0","0","0",,"novo","em_aberto",,,,
"eecab4ba-b0e3-49fa-becc-a721881860d4","e1f6e3ac-1098-4b30-9e0f-af4c47b351a3","18a05e0f-c1c6-43f3-a755-42d188d7034f","74ca0588-bf60-428c-91e1-cebe421018a0",,"05/2025","2025-05-10","0.01","0.01","novo","Origem: Conversão de Relatório | Sistema: Superlógica Condomínios | Recibo: 17475566 | Total do Recibo: R$ 0,01",,"2026-07-23T22:11:11.848238+00:00","2026-07-24T11:16:59.641771+00:00","importacao_cobrancas - 23/07/2026, 19:10",,,"novo","0","0",,,"false","0","0","0","0",,,"0","0","0","0",,"novo","em_aberto",,,,
"bf698e3d-074b-4db6-bd12-680797fc0318","e1f6e3ac-1098-4b30-9e0f-af4c47b351a3","18a05e0f-c1c6-43f3-a755-42d188d7034f","2d20c0b9-a6ee-4c97-8e2b-a9579d30be3b",,"06/2024","2024-06-10","504.2","711.81","suspenso","Origem: Conversão de Relatório | Sistema: Superlógica Condomínios | Recibo: 17029260 | Multa: R$ 10,08 | Correção: R$ 54,26 | Juros: R$ 143,27 | Total do Recibo: R$ 711,81",,"2026-07-23T22:10:56.485482+00:00","2026-07-24T11:19:46.458097+00:00","importacao_cobrancas - 23/07/2026, 19:10",,,"novo","0","0",,,"false","0","0","0","0",,,"143.27","10.08","54.26","0",,"suspenso","em_aberto",,,,
"2a3c39d7-9043-40e2-be45-eb69e709128f","e1f6e3ac-1098-4b30-9e0f-af4c47b351a3","18a05e0f-c1c6-43f3-a755-42d188d7034f","60ac9713-a61b-42b0-a4dd-ac9f51de7a88",,"04/2024","2024-04-10","573.78","829.83","suspenso","Origem: Conversão de Relatório | Sistema: Superlógica Condomínios | Recibo: 17029267 | Multa: R$ 11,48 | Correção: R$ 67,12 | Juros: R$ 177,45 | Total do Recibo: R$ 829,83",,"2026-07-23T22:11:02.854453+00:00","2026-07-24T11:19:46.458097+00:00","importacao_cobrancas - 23/07/2026, 19:10",,,"novo","0","0",,,"false","0","0","0","0",,,"177.45","11.48","67.12","0",,"suspenso","em_aberto",,,,
"bbaf4c93-8eef-4a39-9308-1820a5524d45","e1f6e3ac-1098-4b30-9e0f-af4c47b351a3","18a05e0f-c1c6-43f3-a755-42d188d7034f","2265dc80-b37a-4cd3-bed3-e19b2769e40c",,"07/2024","2024-07-10","256.43","358.25","suspenso","Origem: Conversão de Relatório | Sistema: Superlógica Condomínios | Recibo: 17433272 | Multa: R$ 5,13 | Correção: R$ 26,89 | Juros: R$ 69,80 | Total do Recibo: R$ 358,25",,"2026-07-23T22:11:16.976965+00:00","2026-07-24T11:19:46.458097+00:00","importacao_cobrancas - 23/07/2026, 19:10",,,"novo","0","0",,,"false","0","0","0","0",,,"69.8","5.13","26.89","0",,"suspenso","em_aberto",,,,
"481f44a9-f61f-4966-9aff-0fc94bbc4a02","e1f6e3ac-1098-4b30-9e0f-af4c47b351a3","18a05e0f-c1c6-43f3-a755-42d188d7034f","237daaed-04c1-4b1e-8333-3844a6dcd087",,"07/2024","2024-07-12","202.09","282.17","suspenso","Origem: Conversão de Relatório | Sistema: Superlógica Condomínios | Recibo: 17029243 | Multa: R$ 4,04 | Correção: R$ 21,18 | Juros: R$ 54,86 | Total do Recibo: R$ 282,17",,"2026-07-23T22:10:48.383921+00:00","2026-07-24T11:20:12.191706+00:00","importacao_cobrancas - 23/07/2026, 19:10",,,"novo","0","0",,,"false","0","0","0","0",,,"54.86","4.04","21.18","0",,"suspenso","em_aberto",,,,
"1d314347-7996-4ee6-895b-c2c1ced196f3","e1f6e3ac-1098-4b30-9e0f-af4c47b351a3","18a05e0f-c1c6-43f3-a755-42d188d7034f","2d20c0b9-a6ee-4c97-8e2b-a9579d30be3b",,"08/2024","2024-08-10","599.88","829.15","suspenso","Origem: Conversão de Relatório | Sistema: Superlógica Condomínios | Recibo: 17029262 | Multa: R$ 12,00 | Correção: R$ 61,13 | Juros: R$ 156,14 | Total do Recibo: R$ 829,15",,"2026-07-23T22:10:56.925254+00:00","2026-07-24T11:20:12.191706+00:00","importacao_cobrancas - 23/07/2026, 19:10",,,"novo","0","0",,,"false","0","0","0","0",,,"156.14","12","61.13","0",,"suspenso","em_aberto",,,,
"a61e572a-8dac-4590-844c-6a66f49c3509","e1f6e3ac-1098-4b30-9e0f-af4c47b351a3","18a05e0f-c1c6-43f3-a755-42d188d7034f","2265dc80-b37a-4cd3-bed3-e19b2769e40c",,"08/2024","2024-08-10","591.52","817.55","suspenso","Origem: Conversão de Relatório | Sistema: Superlógica Condomínios | Recibo: 17029302 | Multa: R$ 11,83 | Correção: R$ 60,26 | Juros: R$ 153,94 | Total do Recibo: R$ 817,55",,"2026-07-23T22:11:17.162783+00:00","2026-07-24T11:20:12.191706+00:00","importacao_cobrancas - 23/07/2026, 19:10",,,"novo","0","0",,,"false","0","0","0","0",,,"153.94","11.83","60.26","0",,"suspenso","em_aberto",,,,
"b97b7299-5a3f-463c-b0da-3b037b85f8db","e1f6e3ac-1098-4b30-9e0f-af4c47b351a3","18a05e0f-c1c6-43f3-a755-42d188d7034f","2b2736d4-49a3-479b-bd78-112a42bcea9e",,"11/2024","2024-11-10","0.01","0.01","suspenso","Origem: Conversão de Relatório | Sistema: Superlógica Condomínios | Recibo: 17212984 | Total do Recibo: R$ 0,01",,"2026-07-23T22:10:44.34932+00:00","2026-07-24T11:20:28.852155+00:00","importacao_cobrancas - 23/07/2026, 19:10",,,"novo","0","0",,,"false","0","0","0","0",,,"0","0","0","0",,"suspenso","em_aberto",,,,
"865243c2-2ef0-4828-bafb-05644644a34b","e1f6e3ac-1098-4b30-9e0f-af4c47b351a3","18a05e0f-c1c6-43f3-a755-42d188d7034f","2265dc80-b37a-4cd3-bed3-e19b2769e40c",,"11/2024","2024-11-10","506.52","677.21","suspenso","Origem: Conversão de Relatório | Sistema: Superlógica Condomínios | Recibo: 17029305 | Multa: R$ 10,13 | Correção: R$ 46,76 | Juros: R$ 113,80 | Total do Recibo: R$ 677,21",,"2026-07-23T22:11:17.73381+00:00","2026-07-24T11:20:28.852155+00:00","importacao_cobrancas - 23/07/2026, 19:10",,,"novo","0","0",,,"false","0","0","0","0",,,"113.8","10.13","46.76","0",,"suspenso","em_aberto",,,,
"58162e98-1dd9-4ae0-8540-c74b74b35de7","e1f6e3ac-1098-4b30-9e0f-af4c47b351a3","18a05e0f-c1c6-43f3-a755-42d188d7034f","6b81070c-116b-4954-a026-a59602df56ce",,"08/2025","2025-08-10","0.01","0.01","novo","Origem: Conversão de Relatório | Sistema: Superlógica Condomínios | Recibo: 17761072 | Total do Recibo: R$ 0,01",,"2026-07-23T22:10:51.976029+00:00","2026-07-24T11:16:59.641771+00:00","importacao_cobrancas - 23/07/2026, 19:10",,,"novo","0","0",,,"false","0","0","0","0",,,"0","0","0","0",,"novo","em_aberto",,,,
"d39682a2-e181-45a7-835f-210eb98de062","e1f6e3ac-1098-4b30-9e0f-af4c47b351a3","18a05e0f-c1c6-43f3-a755-42d188d7034f","2d20c0b9-a6ee-4c97-8e2b-a9579d30be3b",,"07/2024","2024-07-12","560.04","781.95","suspenso","Origem: Conversão de Relatório | Sistema: Superlógica Condomínios | Recibo: 17029261 | Multa: R$ 11,20 | Correção: R$ 58,69 | Juros: R$ 152,02 | Total do Recibo: R$ 781,95",,"2026-07-23T22:10:56.672918+00:00","2026-07-24T11:19:46.458097+00:00","importacao_cobrancas - 23/07/2026, 19:10",,,"novo","0","0",,,"false","0","0","0","0",,,"152.02","11.2","58.69","0",,"suspenso","em_aberto",,,,
"b84aeae7-b5b9-4e58-be30-6206a5521209","e1f6e3ac-1098-4b30-9e0f-af4c47b351a3","18a05e0f-c1c6-43f3-a755-42d188d7034f","2d20c0b9-a6ee-4c97-8e2b-a9579d30be3b",,"04/2025","2025-04-10","495.38","616.45","novo","Origem: Conversão de Relatório | Sistema: Superlógica Condomínios | Recibo: 17287290 | Multa: R$ 9,91 | Correção: R$ 29,82 | Juros: R$ 81,34 | Total do Recibo: R$ 616,45",,"2026-07-23T22:10:57.404322+00:00","2026-07-24T11:16:59.641771+00:00","importacao_cobrancas - 23/07/2026, 19:10",,,"novo","0","0",,,"false","0","0","0","0",,,"81.34","9.91","29.82","0",,"novo","em_aberto",,,,
"5a371303-36d6-4785-8054-a74fcd452fb6","e1f6e3ac-1098-4b30-9e0f-af4c47b351a3","18a05e0f-c1c6-43f3-a755-42d188d7034f","2d20c0b9-a6ee-4c97-8e2b-a9579d30be3b",,"09/2025","2025-09-10","678.71","797.99","novo","Origem: Conversão de Relatório | Sistema: Superlógica Condomínios | Recibo: 17785269 | Multa: R$ 13,57 | Correção: R$ 31,86 | Juros: R$ 73,85 | Total do Recibo: R$ 797,99",,"2026-07-23T22:10:57.968439+00:00","2026-07-24T11:16:59.641771+00:00","importacao_cobrancas - 23/07/2026, 19:10",,,"novo","0","0",,,"false","0","0","0","0",,,"73.85","13.57","31.86","0",,"novo","em_aberto",,,,
"b6c0279d-31f0-4801-8ccb-b4e4acc49843","e1f6e3ac-1098-4b30-9e0f-af4c47b351a3","18a05e0f-c1c6-43f3-a755-42d188d7034f","2d20c0b9-a6ee-4c97-8e2b-a9579d30be3b",,"02/2025","2025-02-10","478.91","617.69","novo","Origem: Conversão de Relatório | Sistema: Superlógica Condomínios | Recibo: 17132997 | Multa: R$ 9,58 | Correção: R$ 38,55 | Juros: R$ 90,65 | Total do Recibo: R$ 617,69",,"2026-07-23T22:10:57.190809+00:00","2026-07-24T11:16:59.641771+00:00","importacao_cobrancas - 23/07/2026, 19:10",,,"novo","0","0",,,"false","0","0","0","0",,,"90.65","9.58","38.55","0",,"novo","em_aberto",,,,
"7161c79f-fcff-414c-a72b-7bbaa05e429f","e1f6e3ac-1098-4b30-9e0f-af4c47b351a3","18a05e0f-c1c6-43f3-a755-42d188d7034f","2d20c0b9-a6ee-4c97-8e2b-a9579d30be3b",,"08/2025","2025-08-10","661.62","783.86","novo","Origem: Conversão de Relatório | Sistema: Superlógica Condomínios | Recibo: 17683944 | Multa: R$ 13,23 | Correção: R$ 30,06 | Juros: R$ 78,95 | Total do Recibo: R$ 783,86",,"2026-07-23T22:10:57.781223+00:00","2026-07-24T11:16:59.641771+00:00","importacao_cobrancas - 23/07/2026, 19:10",,,"novo","0","0",,,"false","0","0","0","0",,,"78.95","13.23","30.06","0",,"novo","em_aberto",,,,
"ae1acea7-a815-4fc1-8947-08b728dbf8fd","e1f6e3ac-1098-4b30-9e0f-af4c47b351a3","18a05e0f-c1c6-43f3-a755-42d188d7034f","2d20c0b9-a6ee-4c97-8e2b-a9579d30be3b",,"11/2025","2025-11-10","612.96","702.97","novo","Origem: Conversão de Relatório | Sistema: Superlógica Condomínios | Recibo: 17990205 | Multa: R$ 12,26 | Correção: R$ 24,47 | Juros: R$ 53,28 | Total do Recibo: R$ 702,97",,"2026-07-23T22:10:58.390499+00:00","2026-07-24T11:16:59.641771+00:00","importacao_cobrancas - 23/07/2026, 19:10",,,"novo","0","0",,,"false","0","0","0","0",,,"53.28","12.26","24.47","0",,"novo","em_aberto",,,,
"2c2acb21-5259-4543-ba48-85dde1c7fb3d","e1f6e3ac-1098-4b30-9e0f-af4c47b351a3","18a05e0f-c1c6-43f3-a755-42d188d7034f","af9bd159-9fbf-48b0-8781-24bcf685f76b",,"12/2025","2025-12-10","0.01","0.01","novo","Origem: Conversão de Relatório | Sistema: Superlógica Condomínios | Recibo: 18161590 | Total do Recibo: R$ 0,01",,"2026-07-23T22:11:01.288233+00:00","2026-07-24T11:16:59.641771+00:00","importacao_cobrancas - 23/07/2026, 19:10",,,"novo","0","0",,,"false","0","0","0","0",,,"0","0","0","0",,"novo","em_aberto",,,,
"20311147-5a4c-404c-a5fb-70490cd00537","e1f6e3ac-1098-4b30-9e0f-af4c47b351a3","18a05e0f-c1c6-43f3-a755-42d188d7034f","c6225c8d-0291-4ed2-a9e5-13f1998a1344",,"11/2025","2025-11-10","0.01","0.01","novo","Origem: Conversão de Relatório | Sistema: Superlógica Condomínios | Recibo: 18061533 | Total do Recibo: R$ 0,01",,"2026-07-23T22:11:03.749523+00:00","2026-07-24T11:16:59.641771+00:00","importacao_cobrancas - 23/07/2026, 19:10",,,"novo","0","0",,,"false","0","0","0","0",,,"0","0","0","0",,"novo","em_aberto",,,,
"e3736e7c-bd05-4be7-ad0a-4571a958c14b","e1f6e3ac-1098-4b30-9e0f-af4c47b351a3","18a05e0f-c1c6-43f3-a755-42d188d7034f","1eb41447-0764-4190-8517-72e3d5bcac6f",,"05/2025","2025-05-10","0.01","0.01","novo","Origem: Conversão de Relatório | Sistema: Superlógica Condomínios | Recibo: 17475564 | Total do Recibo: R$ 0,01",,"2026-07-23T22:11:11.680869+00:00","2026-07-24T11:16:59.641771+00:00","importacao_cobrancas - 23/07/2026, 19:10",,,"novo","0","0",,,"false","0","0","0","0",,,"0","0","0","0",,"novo","em_aberto",,,,
"6d4713b3-6b7a-42a3-9326-0c4a48c4c57a","e1f6e3ac-1098-4b30-9e0f-af4c47b351a3","18a05e0f-c1c6-43f3-a755-42d188d7034f","2265dc80-b37a-4cd3-bed3-e19b2769e40c",,"09/2024","2024-09-10","513.44","702.55","suspenso","Origem: Conversão de Relatório | Sistema: Superlógica Condomínios | Recibo: 17029303 | Multa: R$ 10,27 | Correção: R$ 51,21 | Juros: R$ 127,63 | Total do Recibo: R$ 702,55",,"2026-07-23T22:11:17.362378+00:00","2026-07-24T11:20:12.191706+00:00","importacao_cobrancas - 23/07/2026, 19:10",,,"novo","0","0",,,"false","0","0","0","0",,,"127.63","10.27","51.21","0",,"suspenso","em_aberto",,,,
"f73aed8b-57dc-4047-8507-e3613fd563ac","e1f6e3ac-1098-4b30-9e0f-af4c47b351a3","18a05e0f-c1c6-43f3-a755-42d188d7034f","2265dc80-b37a-4cd3-bed3-e19b2769e40c",,"12/2024","2024-12-10","469.88","619.16","suspenso","Origem: Conversão de Relatório | Sistema: Superlógica Condomínios | Recibo: 16969557 | Multa: R$ 9,40 | Correção: R$ 40,15 | Juros: R$ 99,73 | Total do Recibo: R$ 619,16",,"2026-07-23T22:11:17.918216+00:00","2026-07-24T11:20:28.852155+00:00","importacao_cobrancas - 23/07/2026, 19:10",,,"novo","0","0",,,"false","0","0","0","0",,,"99.73","9.4","40.15","0",,"suspenso","em_aberto",,,,
"167060b1-f0e0-4039-9572-9df0757adcf9","e1f6e3ac-1098-4b30-9e0f-af4c47b351a3","18a05e0f-c1c6-43f3-a755-42d188d7034f","03c904e9-20c3-4189-9a9b-6881ed61e977",,"06/2025","2025-06-10","0.01","0.01","novo","Origem: Conversão de Relatório | Sistema: Superlógica Condomínios | Recibo: 17563472 | Total do Recibo: R$ 0,01",,"2026-07-23T22:11:15.036992+00:00","2026-07-24T11:16:59.641771+00:00","importacao_cobrancas - 23/07/2026, 19:10",,,"novo","0","0",,,"false","0","0","0","0",,,"0","0","0","0",,"novo","em_aberto",,,,
"ebc59c1e-2fd1-4b8d-ba32-5cd9079e1ce2","e1f6e3ac-1098-4b30-9e0f-af4c47b351a3","18a05e0f-c1c6-43f3-a755-42d188d7034f","2265dc80-b37a-4cd3-bed3-e19b2769e40c",,"03/2025","2025-03-10","465.57","588.13","novo","Origem: Conversão de Relatório | Sistema: Superlógica Condomínios | Recibo: 17214258 | Multa: R$ 9,31 | Correção: R$ 31,25 | Juros: R$ 82,00 | Total do Recibo: R$ 588,13",,"2026-07-23T22:11:18.478507+00:00","2026-07-24T11:16:59.641771+00:00","importacao_cobrancas - 23/07/2026, 19:10",,,"novo","0","0",,,"false","0","0","0","0",,,"82","9.31","31.25","0",,"novo","em_aberto",,,,
"df1b3a4b-02be-4f20-a256-12f949440bdf","e1f6e3ac-1098-4b30-9e0f-af4c47b351a3","18a05e0f-c1c6-43f3-a755-42d188d7034f","2265dc80-b37a-4cd3-bed3-e19b2769e40c",,"06/2025","2025-06-10","557.33","676.15","novo","Origem: Conversão de Relatório | Sistema: Superlógica Condomínios | Recibo: 17520705 | Multa: R$ 11,15 | Correção: R$ 28,82 | Juros: R$ 78,85 | Total do Recibo: R$ 676,15",,"2026-07-23T22:11:19.068192+00:00","2026-07-24T11:16:59.641771+00:00","importacao_cobrancas - 23/07/2026, 19:10",,,"novo","0","0",,,"false","0","0","0","0",,,"78.85","11.15","28.82","0",,"novo","em_aberto",,,,
"64ab2fa4-eef1-49a5-8e7b-9552fe08a99f","e1f6e3ac-1098-4b30-9e0f-af4c47b351a3","18a05e0f-c1c6-43f3-a755-42d188d7034f","2265dc80-b37a-4cd3-bed3-e19b2769e40c",,"09/2025","2025-09-10","669.26","786.89","novo","Origem: Conversão de Relatório | Sistema: Superlógica Condomínios | Recibo: 17785375 | Multa: R$ 13,39 | Correção: R$ 31,40 | Juros: R$ 72,84 | Total do Recibo: R$ 786,89",,"2026-07-23T22:11:19.628004+00:00","2026-07-24T11:16:59.641771+00:00","importacao_cobrancas - 23/07/2026, 19:10",,,"novo","0","0",,,"false","0","0","0","0",,,"72.84","13.39","31.4","0",,"novo","em_aberto",,,,
"e229613e-3d3f-4a4c-bcc9-c4d2005972ff","e1f6e3ac-1098-4b30-9e0f-af4c47b351a3","18a05e0f-c1c6-43f3-a755-42d188d7034f","2265dc80-b37a-4cd3-bed3-e19b2769e40c",,"12/2025","2025-12-10","558.51","633.32","novo","Origem: Conversão de Relatório | Sistema: Superlógica Condomínios | Recibo: 18099652 | Multa: R$ 11,17 | Correção: R$ 21,10 | Juros: R$ 42,54 | Total do Recibo: R$ 633,32",,"2026-07-23T22:11:20.202485+00:00","2026-07-24T11:16:59.641771+00:00","importacao_cobrancas - 23/07/2026, 19:10",,,"novo","0","0",,,"false","0","0","0","0",,,"42.54","11.17","21.1","0",,"novo","em_aberto",,,,
"a8271d29-ed5a-49dd-b1ed-35190971745a","e1f6e3ac-1098-4b30-9e0f-af4c47b351a3","18a05e0f-c1c6-43f3-a755-42d188d7034f","2265dc80-b37a-4cd3-bed3-e19b2769e40c",,"10/2024","2024-10-10","507.04","687.22","suspenso","Origem: Conversão de Relatório | Sistema: Superlógica Condomínios | Recibo: 17029304 | Multa: R$ 10,14 | Correção: R$ 49,84 | Juros: R$ 120,20 | Total do Recibo: R$ 687,22",,"2026-07-23T22:11:17.548319+00:00","2026-07-24T11:20:12.191706+00:00","importacao_cobrancas - 23/07/2026, 19:10",,,"novo","0","0",,,"false","0","0","0","0",,,"120.2","10.14","49.84","0",,"suspenso","em_aberto",,,,
"ac6596bc-2029-48cd-a67a-df5cabab1f74","e1f6e3ac-1098-4b30-9e0f-af4c47b351a3","18a05e0f-c1c6-43f3-a755-42d188d7034f","2265dc80-b37a-4cd3-bed3-e19b2769e40c",,"01/2025","2025-01-10","462.02","601.65","novo","Origem: Conversão de Relatório | Sistema: Superlógica Condomínios | Recibo: 17056291 | Multa: R$ 9,24 | Correção: R$ 37,75 | Juros: R$ 92,64 | Total do Recibo: R$ 601,65",,"2026-07-23T22:11:18.107699+00:00","2026-07-24T11:16:59.641771+00:00","importacao_cobrancas - 23/07/2026, 19:10",,,"novo","0","0",,,"false","0","0","0","0",,,"92.64","9.24","37.75","0",,"novo","em_aberto",,,,
"bd4022d1-635e-4692-a141-3b9e4cce184a","e1f6e3ac-1098-4b30-9e0f-af4c47b351a3","18a05e0f-c1c6-43f3-a755-42d188d7034f","2265dc80-b37a-4cd3-bed3-e19b2769e40c",,"04/2025","2025-04-10","488.48","607.86","novo","Origem: Conversão de Relatório | Sistema: Superlógica Condomínios | Recibo: 17287396 | Multa: R$ 9,77 | Correção: R$ 29,40 | Juros: R$ 80,21 | Total do Recibo: R$ 607,86",,"2026-07-23T22:11:18.658116+00:00","2026-07-24T11:16:59.641771+00:00","importacao_cobrancas - 23/07/2026, 19:10",,,"novo","0","0",,,"false","0","0","0","0",,,"80.21","9.77","29.4","0",,"novo","em_aberto",,,,
"f8f0613b-493f-4d27-b9c2-ea3326c34afa","e1f6e3ac-1098-4b30-9e0f-af4c47b351a3","18a05e0f-c1c6-43f3-a755-42d188d7034f","2265dc80-b37a-4cd3-bed3-e19b2769e40c",,"07/2025","2025-07-10","532.07","638.13","novo","Origem: Conversão de Relatório | Sistema: Superlógica Condomínios | Recibo: 17593368 | Multa: R$ 10,64 | Correção: R$ 26,04 | Juros: R$ 69,38 | Total do Recibo: R$ 638,13",,"2026-07-23T22:11:19.253645+00:00","2026-07-24T11:16:59.641771+00:00","importacao_cobrancas - 23/07/2026, 19:10",,,"novo","0","0",,,"false","0","0","0","0",,,"69.38","10.64","26.04","0",,"novo","em_aberto",,,,
"1ec259de-8513-4f42-8033-47946c5061e6","e1f6e3ac-1098-4b30-9e0f-af4c47b351a3","18a05e0f-c1c6-43f3-a755-42d188d7034f","2265dc80-b37a-4cd3-bed3-e19b2769e40c",,"10/2025","2025-10-10","662.73","768.44","novo","Origem: Conversão de Relatório | Sistema: Superlógica Condomínios | Recibo: 17886658 | Multa: R$ 13,25 | Correção: R$ 27,71 | Juros: R$ 64,75 | Total do Recibo: R$ 768,44",,"2026-07-23T22:11:19.809583+00:00","2026-07-24T11:16:59.641771+00:00","importacao_cobrancas - 23/07/2026, 19:10",,,"novo","0","0",,,"false","0","0","0","0",,,"64.75","13.25","27.71","0",,"novo","em_aberto",,,,
"f49e4202-c4af-4e32-850b-4d9f1ab4d638","e1f6e3ac-1098-4b30-9e0f-af4c47b351a3","18a05e0f-c1c6-43f3-a755-42d188d7034f","2265dc80-b37a-4cd3-bed3-e19b2769e40c",,"08/2025","2025-08-10","652.4","772.92","novo","Origem: Conversão de Relatório | Sistema: Superlógica Condomínios | Recibo: 17684050 | Multa: R$ 13,05 | Correção: R$ 29,63 | Juros: R$ 77,84 | Total do Recibo: R$ 772,92",,"2026-07-23T22:11:19.441424+00:00","2026-07-24T11:16:59.641771+00:00","importacao_cobrancas - 23/07/2026, 19:10",,,"novo","0","0",,,"false","0","0","0","0",,,"77.84","13.05","29.63","0",,"novo","em_aberto",,,,
"380c09df-9056-46a3-bee7-e61c997845a9","e1f6e3ac-1098-4b30-9e0f-af4c47b351a3","18a05e0f-c1c6-43f3-a755-42d188d7034f","2265dc80-b37a-4cd3-bed3-e19b2769e40c",,"11/2025","2025-11-10","604.41","693.15","novo","Origem: Conversão de Relatório | Sistema: Superlógica Condomínios | Recibo: 17990311 | Multa: R$ 12,09 | Correção: R$ 24,12 | Juros: R$ 52,53 | Total do Recibo: R$ 693,15",,"2026-07-23T22:11:20.016503+00:00","2026-07-24T11:16:59.641771+00:00","importacao_cobrancas - 23/07/2026, 19:10",,,"novo","0","0",,,"false","0","0","0","0",,,"52.53","12.09","24.12","0",,"novo","em_aberto",,,,
"4ff78d67-8606-41fe-9f00-77e9eaeac4b2","e1f6e3ac-1098-4b30-9e0f-af4c47b351a3","18a05e0f-c1c6-43f3-a755-42d188d7034f","4aff4022-3c4a-4679-847e-05c799758ff3",,"11/2024","2024-11-10","158.48","211.9","suspenso","Origem: Conversão de Relatório | Sistema: Superlógica Condomínios | Recibo: 18655565 | Multa: R$ 3,17 | Correção: R$ 14,64 | Juros: R$ 35,61 | Total do Recibo: R$ 211,90",,"2026-07-23T22:11:21.936342+00:00","2026-07-24T11:20:28.852155+00:00","importacao_cobrancas - 23/07/2026, 19:10",,,"novo","0","0",,,"false","0","0","0","0",,,"35.61","3.17","14.64","0",,"suspenso","em_aberto",,,,
"efb6f36c-690f-4f85-9456-930db9c98873","e1f6e3ac-1098-4b30-9e0f-af4c47b351a3","18a05e0f-c1c6-43f3-a755-42d188d7034f","04361500-fc98-44ef-8aaa-c5479a16fea6",,"08/2025","2025-08-10","0.01","0.01","novo","Origem: Conversão de Relatório | Sistema: Superlógica Condomínios | Recibo: 17761110 | Total do Recibo: R$ 0,01",,"2026-07-23T22:10:40.872876+00:00","2026-07-24T11:16:59.641771+00:00","importacao_cobrancas - 23/07/2026, 19:10",,,"novo","0","0",,,"false","0","0","0","0",,,"0","0","0","0",,"novo","em_aberto",,,,
"aa9a1837-94ff-45e8-99bb-61a5d8fe9966","e1f6e3ac-1098-4b30-9e0f-af4c47b351a3","18a05e0f-c1c6-43f3-a755-42d188d7034f","04361500-fc98-44ef-8aaa-c5479a16fea6",,"03/2025","2025-03-10","0.01","0.01","novo","Origem: Conversão de Relatório | Sistema: Superlógica Condomínios | Recibo: 17263040 | Total do Recibo: R$ 0,01",,"2026-07-23T22:10:42.861596+00:00","2026-07-24T11:16:59.641771+00:00","importacao_cobrancas - 23/07/2026, 19:10",,,"novo","0","0",,,"false","0","0","0","0",,,"0","0","0","0",,"novo","em_aberto",,,,
"2dd1e7cb-08a7-437e-b589-9a4afe6623bb","e1f6e3ac-1098-4b30-9e0f-af4c47b351a3","18a05e0f-c1c6-43f3-a755-42d188d7034f","5e58c26a-d9cb-4a8d-b971-8f2e9b114650",,"06/2025","2025-06-10","0.01","0.01","novo","Origem: Conversão de Relatório | Sistema: Superlógica Condomínios | Recibo: 17563484 | Total do Recibo: R$ 0,01",,"2026-07-23T22:10:41.92635+00:00","2026-07-24T11:16:59.641771+00:00","importacao_cobrancas - 23/07/2026, 19:10",,,"novo","0","0",,,"false","0","0","0","0",,,"0","0","0","0",,"novo","em_aberto",,,,
"0f0b514f-abb1-4e15-b797-1fdbd1714a2f","e1f6e3ac-1098-4b30-9e0f-af4c47b351a3","18a05e0f-c1c6-43f3-a755-42d188d7034f","04361500-fc98-44ef-8aaa-c5479a16fea6",,"10/2025","2025-10-10","0.01","0.01","novo","Origem: Conversão de Relatório | Sistema: Superlógica Condomínios | Recibo: 17962628 | Total do Recibo: R$ 0,01",,"2026-07-23T22:10:43.034419+00:00","2026-07-24T11:16:59.641771+00:00","importacao_cobrancas - 23/07/2026, 19:10",,,"novo","0","0",,,"false","0","0","0","0",,,"0","0","0","0",,"novo","em_aberto",,,,
"fbe77f9d-0f90-4960-b847-19da2192dbaf","e1f6e3ac-1098-4b30-9e0f-af4c47b351a3","18a05e0f-c1c6-43f3-a755-42d188d7034f","04361500-fc98-44ef-8aaa-c5479a16fea6",,"11/2025","2025-11-10","0.01","0.01","novo","Origem: Conversão de Relatório | Sistema: Superlógica Condomínios | Recibo: 18061520 | Total do Recibo: R$ 0,01",,"2026-07-23T22:10:43.23967+00:00","2026-07-24T11:16:59.641771+00:00","importacao_cobrancas - 23/07/2026, 19:10",,,"novo","0","0",,,"false","0","0","0","0",,,"0","0","0","0",,"novo","em_aberto",,,,
"6277943e-3a21-4550-8823-c24c720a5971","e1f6e3ac-1098-4b30-9e0f-af4c47b351a3","18a05e0f-c1c6-43f3-a755-42d188d7034f","237daaed-04c1-4b1e-8333-3844a6dcd087",,"11/2024","2024-11-10","506.52","677.21","suspenso","Origem: Conversão de Relatório | Sistema: Superlógica Condomínios | Recibo: 17029245 | Multa: R$ 10,13 | Correção: R$ 46,76 | Juros: R$ 113,80 | Total do Recibo: R$ 677,21",,"2026-07-23T22:10:48.777288+00:00","2026-07-24T11:20:28.852155+00:00","importacao_cobrancas - 23/07/2026, 19:10",,,"novo","0","0",,,"false","0","0","0","0",,,"113.8","10.13","46.76","0",,"suspenso","em_aberto",,,,
"2571496a-27fc-462f-ac7f-39cdcc1ceeea","e1f6e3ac-1098-4b30-9e0f-af4c47b351a3","18a05e0f-c1c6-43f3-a755-42d188d7034f","237daaed-04c1-4b1e-8333-3844a6dcd087",,"01/2025","2025-01-10","462.02","601.65","novo","Origem: Conversão de Relatório | Sistema: Superlógica Condomínios | Recibo: 17056155 | Multa: R$ 9,24 | Correção: R$ 37,75 | Juros: R$ 92,64 | Total do Recibo: R$ 601,65",,"2026-07-23T22:10:49.008484+00:00","2026-07-24T11:16:59.641771+00:00","importacao_cobrancas - 23/07/2026, 19:10",,,"novo","0","0",,,"false","0","0","0","0",,,"92.64","9.24","37.75","0",,"novo","em_aberto",,,,
"c96ca500-d7e1-400c-b4da-b00173359787","e1f6e3ac-1098-4b30-9e0f-af4c47b351a3","18a05e0f-c1c6-43f3-a755-42d188d7034f","4ee5d1ba-a4a0-4766-9486-5e748ddbb817",,"12/2025","2025-12-10","0.01","0.01","novo","Origem: Conversão de Relatório | Sistema: Superlógica Condomínios | Recibo: 18161585 | Total do Recibo: R$ 0,01",,"2026-07-23T22:10:50.814374+00:00","2026-07-24T11:16:59.641771+00:00","importacao_cobrancas - 23/07/2026, 19:10",,,"novo","0","0",,,"false","0","0","0","0",,,"0","0","0","0",,"novo","em_aberto",,,,
"f8cb9230-3775-47a9-b26b-b573899b2f0d","e1f6e3ac-1098-4b30-9e0f-af4c47b351a3","18a05e0f-c1c6-43f3-a755-42d188d7034f","6b81070c-116b-4954-a026-a59602df56ce",,"05/2025","2025-05-10","0.01","0.01","novo","Origem: Conversão de Relatório | Sistema: Superlógica Condomínios | Recibo: 17475570 | Total do Recibo: R$ 0,01",,"2026-07-23T22:10:51.378432+00:00","2026-07-24T11:16:59.641771+00:00","importacao_cobrancas - 23/07/2026, 19:10",,,"novo","0","0",,,"false","0","0","0","0",,,"0","0","0","0",,"novo","em_aberto",,,,
"cf7e2b44-caaf-46a0-a69e-5283e4499f6e","e1f6e3ac-1098-4b30-9e0f-af4c47b351a3","18a05e0f-c1c6-43f3-a755-42d188d7034f","2b2736d4-49a3-479b-bd78-112a42bcea9e",,"04/2025","2025-04-10","0.01","0.01","novo","Origem: Conversão de Relatório | Sistema: Superlógica Condomínios | Recibo: 17371395 | Total do Recibo: R$ 0,01",,"2026-07-23T22:10:45.161969+00:00","2026-07-24T11:16:59.641771+00:00","importacao_cobrancas - 23/07/2026, 19:10",,,"novo","0","0",,,"false","0","0","0","0",,,"0","0","0","0",,"novo","em_aberto",,,,
"23f0f0b3-9713-4b03-9a36-a291048a75d4","e1f6e3ac-1098-4b30-9e0f-af4c47b351a3","18a05e0f-c1c6-43f3-a755-42d188d7034f","2b2736d4-49a3-479b-bd78-112a42bcea9e",,"08/2025","2025-08-10","0.01","0.01","novo","Origem: Conversão de Relatório | Sistema: Superlógica Condomínios | Recibo: 17761111 | Total do Recibo: R$ 0,01",,"2026-07-23T22:10:45.794118+00:00","2026-07-24T11:16:59.641771+00:00","importacao_cobrancas - 23/07/2026, 19:10",,,"novo","0","0",,,"false","0","0","0","0",,,"0","0","0","0",,"novo","em_aberto",,,,
"0cf63be9-aaa3-4691-939e-2b7307550e5d","e1f6e3ac-1098-4b30-9e0f-af4c47b351a3","18a05e0f-c1c6-43f3-a755-42d188d7034f","2b2736d4-49a3-479b-bd78-112a42bcea9e",,"11/2025","2025-11-10","0.01","0.01","novo","Origem: Conversão de Relatório | Sistema: Superlógica Condomínios | Recibo: 18061521 | Total do Recibo: R$ 0,01",,"2026-07-23T22:10:46.446116+00:00","2026-07-24T11:16:59.641771+00:00","importacao_cobrancas - 23/07/2026, 19:10",,,"novo","0","0",,,"false","0","0","0","0",,,"0","0","0","0",,"novo","em_aberto",,,,
"e6b2dd87-fdf2-4739-86ed-f2a8da90f9d0","e1f6e3ac-1098-4b30-9e0f-af4c47b351a3","18a05e0f-c1c6-43f3-a755-42d188d7034f","2b2736d4-49a3-479b-bd78-112a42bcea9e",,"12/2024","2024-12-10","0.01","0.01","suspenso","Origem: Conversão de Relatório | Sistema: Superlógica Condomínios | Recibo: 17212976 | Total do Recibo: R$ 0,01",,"2026-07-23T22:10:44.565525+00:00","2026-07-24T11:20:49.856815+00:00","importacao_cobrancas - 23/07/2026, 19:10",,,"novo","0","0",,,"false","0","0","0","0",,,"0","0","0","0",,"suspenso","em_aberto",,,,
"dff8e70b-cd54-42e6-9515-f80a3b17edde","e1f6e3ac-1098-4b30-9e0f-af4c47b351a3","18a05e0f-c1c6-43f3-a755-42d188d7034f","eb77efc6-6ad4-4c8d-8d12-81eacb1c16c3",,"06/2025","2025-06-10","0.01","0.01","novo","Origem: Conversão de Relatório | Sistema: Superlógica Condomínios | Recibo: 17563464 | Total do Recibo: R$ 0,01",,"2026-07-23T22:10:53.832142+00:00","2026-07-24T11:16:59.641771+00:00","importacao_cobrancas - 23/07/2026, 19:10",,,"novo","0","0",,,"false","0","0","0","0",,,"0","0","0","0",,"novo","em_aberto",,,,
"4d6a0cfb-635c-4ce0-b431-8cd75cdc5954","e1f6e3ac-1098-4b30-9e0f-af4c47b351a3","18a05e0f-c1c6-43f3-a755-42d188d7034f","5e58c26a-d9cb-4a8d-b971-8f2e9b114650",,"09/2025","2025-09-10","0.01","0.01","novo","Origem: Conversão de Relatório | Sistema: Superlógica Condomínios | Recibo: 17878057 | Total do Recibo: R$ 0,01",,"2026-07-23T22:10:54.445228+00:00","2026-07-24T11:16:59.641771+00:00","importacao_cobrancas - 23/07/2026, 19:10",,,"novo","0","0",,,"false","0","0","0","0",,,"0","0","0","0",,"novo","em_aberto",,,,
"b29a2439-2af9-49fb-ab37-8b382ba55066","e1f6e3ac-1098-4b30-9e0f-af4c47b351a3","18a05e0f-c1c6-43f3-a755-42d188d7034f","2b2736d4-49a3-479b-bd78-112a42bcea9e",,"01/2025","2025-01-10","0.01","0.01","novo","Origem: Conversão de Relatório | Sistema: Superlógica Condomínios | Recibo: 17212973 | Total do Recibo: R$ 0,01",,"2026-07-23T22:10:44.779617+00:00","2026-07-24T11:16:59.641771+00:00","importacao_cobrancas - 23/07/2026, 19:10",,,"novo","0","0",,,"false","0","0","0","0",,,"0","0","0","0",,"novo","em_aberto",,,,
"48699297-8ed5-4ca2-972d-78085baa0348","e1f6e3ac-1098-4b30-9e0f-af4c47b351a3","18a05e0f-c1c6-43f3-a755-42d188d7034f","2b2736d4-49a3-479b-bd78-112a42bcea9e",,"05/2025","2025-05-10","0.01","0.01","novo","Origem: Conversão de Relatório | Sistema: Superlógica Condomínios | Recibo: 17475578 | Total do Recibo: R$ 0,01",,"2026-07-23T22:10:45.365469+00:00","2026-07-24T11:16:59.641771+00:00","importacao_cobrancas - 23/07/2026, 19:10",,,"novo","0","0",,,"false","0","0","0","0",,,"0","0","0","0",,"novo","em_aberto",,,,
"23b565c9-91ce-45ca-b00b-16a6ee14f71d","e1f6e3ac-1098-4b30-9e0f-af4c47b351a3","18a05e0f-c1c6-43f3-a755-42d188d7034f","2b2736d4-49a3-479b-bd78-112a42bcea9e",,"09/2025","2025-09-10","0.01","0.01","novo","Origem: Conversão de Relatório | Sistema: Superlógica Condomínios | Recibo: 17878062 | Total do Recibo: R$ 0,01",,"2026-07-23T22:10:46.001298+00:00","2026-07-24T11:16:59.641771+00:00","importacao_cobrancas - 23/07/2026, 19:10",,,"novo","0","0",,,"false","0","0","0","0",,,"0","0","0","0",,"novo","em_aberto",,,,
"e48f13c0-2791-4877-9552-5037483d6ac7","e1f6e3ac-1098-4b30-9e0f-af4c47b351a3","18a05e0f-c1c6-43f3-a755-42d188d7034f","2b2736d4-49a3-479b-bd78-112a42bcea9e",,"12/2025","2025-12-10","0.01","0.01","novo","Origem: Conversão de Relatório | Sistema: Superlógica Condomínios | Recibo: 18161582 | Total do Recibo: R$ 0,01",,"2026-07-23T22:10:46.631592+00:00","2026-07-24T11:16:59.641771+00:00","importacao_cobrancas - 23/07/2026, 19:10",,,"novo","0","0",,,"false","0","0","0","0",,,"0","0","0","0",,"novo","em_aberto",,,,
"c0486916-84d2-4f08-9fa0-126e468dde9c","e1f6e3ac-1098-4b30-9e0f-af4c47b351a3","18a05e0f-c1c6-43f3-a755-42d188d7034f","5e58c26a-d9cb-4a8d-b971-8f2e9b114650",,"07/2025","2025-07-10","0.01","0.01","novo","Origem: Conversão de Relatório | Sistema: Superlógica Condomínios | Recibo: 17661737 | Total do Recibo: R$ 0,01",,"2026-07-23T22:10:54.041155+00:00","2026-07-24T11:16:59.641771+00:00","importacao_cobrancas - 23/07/2026, 19:10",,,"novo","0","0",,,"false","0","0","0","0",,,"0","0","0","0",,"novo","em_aberto",,,,
"ddf4c1c7-3cca-48fb-8e6b-5e6da5406f4e","e1f6e3ac-1098-4b30-9e0f-af4c47b351a3","18a05e0f-c1c6-43f3-a755-42d188d7034f","5e58c26a-d9cb-4a8d-b971-8f2e9b114650",,"10/2025","2025-10-10","0.01","0.01","novo","Origem: Conversão de Relatório | Sistema: Superlógica Condomínios | Recibo: 17962643 | Total do Recibo: R$ 0,01",,"2026-07-23T22:10:54.624206+00:00","2026-07-24T11:16:59.641771+00:00","importacao_cobrancas - 23/07/2026, 19:10",,,"novo","0","0",,,"false","0","0","0","0",,,"0","0","0","0",,"novo","em_aberto",,,,
"a8e79f25-2af2-4964-a68f-21cb7d426d55","e1f6e3ac-1098-4b30-9e0f-af4c47b351a3","18a05e0f-c1c6-43f3-a755-42d188d7034f","2b2736d4-49a3-479b-bd78-112a42bcea9e",,"02/2025","2025-02-10","0.01","0.01","novo","Origem: Conversão de Relatório | Sistema: Superlógica Condomínios | Recibo: 17212966 | Total do Recibo: R$ 0,01",,"2026-07-23T22:10:44.959215+00:00","2026-07-24T11:16:59.641771+00:00","importacao_cobrancas - 23/07/2026, 19:10",,,"novo","0","0",,,"false","0","0","0","0",,,"0","0","0","0",,"novo","em_aberto",,,,
"b6eabbf6-daf7-40aa-9580-7f5963017a80","e1f6e3ac-1098-4b30-9e0f-af4c47b351a3","18a05e0f-c1c6-43f3-a755-42d188d7034f","2b2736d4-49a3-479b-bd78-112a42bcea9e",,"07/2025","2025-07-10","0.01","0.01","novo","Origem: Conversão de Relatório | Sistema: Superlógica Condomínios | Recibo: 17661730 | Total do Recibo: R$ 0,01",,"2026-07-23T22:10:45.564492+00:00","2026-07-24T11:16:59.641771+00:00","importacao_cobrancas - 23/07/2026, 19:10",,,"novo","0","0",,,"false","0","0","0","0",,,"0","0","0","0",,"novo","em_aberto",,,,
"914764f4-e4e4-4ebd-adfc-104f2e78fec1","e1f6e3ac-1098-4b30-9e0f-af4c47b351a3","18a05e0f-c1c6-43f3-a755-42d188d7034f","2b2736d4-49a3-479b-bd78-112a42bcea9e",,"10/2025","2025-10-10","0.01","0.01","novo","Origem: Conversão de Relatório | Sistema: Superlógica Condomínios | Recibo: 17962638 | Total do Recibo: R$ 0,01",,"2026-07-23T22:10:46.219365+00:00","2026-07-24T11:16:59.641771+00:00","importacao_cobrancas - 23/07/2026, 19:10",,,"novo","0","0",,,"false","0","0","0","0",,,"0","0","0","0",,"novo","em_aberto",,,,
"06ee7db8-3007-475c-8a7e-0064e1ba5eb9","e1f6e3ac-1098-4b30-9e0f-af4c47b351a3","18a05e0f-c1c6-43f3-a755-42d188d7034f","5e58c26a-d9cb-4a8d-b971-8f2e9b114650",,"08/2025","2025-08-10","0.01","0.01","novo","Origem: Conversão de Relatório | Sistema: Superlógica Condomínios | Recibo: 17761073 | Total do Recibo: R$ 0,01",,"2026-07-23T22:10:54.238998+00:00","2026-07-24T11:16:59.641771+00:00","importacao_cobrancas - 23/07/2026, 19:10",,,"novo","0","0",,,"false","0","0","0","0",,,"0","0","0","0",,"novo","em_aberto",,,,
"4cd63044-8a41-4009-b15f-b6a95aa698dc","e1f6e3ac-1098-4b30-9e0f-af4c47b351a3","18a05e0f-c1c6-43f3-a755-42d188d7034f","5e58c26a-d9cb-4a8d-b971-8f2e9b114650",,"12/2025","2025-12-10","0.01","0.01","novo","Origem: Conversão de Relatório | Sistema: Superlógica Condomínios | Recibo: 18161587 | Total do Recibo: R$ 0,01",,"2026-07-23T22:10:54.832755+00:00","2026-07-24T11:16:59.641771+00:00","importacao_cobrancas - 23/07/2026, 19:10",,,"novo","0","0",,,"false","0","0","0","0",,,"0","0","0","0",,"novo","em_aberto",,,,
"da701f10-826b-49f5-8889-aacbab5b76ab","e1f6e3ac-1098-4b30-9e0f-af4c47b351a3","18a05e0f-c1c6-43f3-a755-42d188d7034f","2d20c0b9-a6ee-4c97-8e2b-a9579d30be3b",,"07/2025","2025-07-10","539.58","647.13","novo","Origem: Conversão de Relatório | Sistema: Superlógica Condomínios | Recibo: 17593262 | Multa: R$ 10,79 | Correção: R$ 26,40 | Juros: R$ 70,36 | Total do Recibo: R$ 647,13",,"2026-07-23T22:10:57.590967+00:00","2026-07-24T11:16:59.641771+00:00","importacao_cobrancas - 23/07/2026, 19:10",,,"novo","0","0",,,"false","0","0","0","0",,,"70.36","10.79","26.4","0",,"novo","em_aberto",,,,
"73e2a013-6d5b-44b8-956a-90bf44df40cd","e1f6e3ac-1098-4b30-9e0f-af4c47b351a3","18a05e0f-c1c6-43f3-a755-42d188d7034f","2d20c0b9-a6ee-4c97-8e2b-a9579d30be3b",,"10/2025","2025-10-10","672.09","779.29","novo","Origem: Conversão de Relatório | Sistema: Superlógica Condomínios | Recibo: 17886552 | Multa: R$ 13,44 | Correção: R$ 28,11 | Juros: R$ 65,65 | Total do Recibo: R$ 779,29",,"2026-07-23T22:10:58.193487+00:00","2026-07-24T11:16:59.641771+00:00","importacao_cobrancas - 23/07/2026, 19:10",,,"novo","0","0",,,"false","0","0","0","0",,,"65.65","13.44","28.11","0",,"novo","em_aberto",,,,
"02c4574c-3df8-4532-a091-155cefbdb760","e1f6e3ac-1098-4b30-9e0f-af4c47b351a3","18a05e0f-c1c6-43f3-a755-42d188d7034f","237daaed-04c1-4b1e-8333-3844a6dcd087",,"02/2025","2025-02-10","472.25","609.11","novo","Origem: Conversão de Relatório | Sistema: Superlógica Condomínios | Recibo: 17132967 | Multa: R$ 9,45 | Correção: R$ 38,02 | Juros: R$ 89,39 | Total do Recibo: R$ 609,11",,"2026-07-23T22:10:49.225092+00:00","2026-07-24T11:16:59.641771+00:00","importacao_cobrancas - 23/07/2026, 19:10",,,"novo","0","0",,,"false","0","0","0","0",,,"89.39","9.45","38.02","0",,"novo","em_aberto",,,,
"c27b8ce9-399f-4b6b-86c1-7de0b12dd3e8","e1f6e3ac-1098-4b30-9e0f-af4c47b351a3","18a05e0f-c1c6-43f3-a755-42d188d7034f","6b81070c-116b-4954-a026-a59602df56ce",,"06/2025","2025-06-10","0.01","0.01","novo","Origem: Conversão de Relatório | Sistema: Superlógica Condomínios | Recibo: 17563463 | Total do Recibo: R$ 0,01",,"2026-07-23T22:10:51.577387+00:00","2026-07-24T11:16:59.641771+00:00","importacao_cobrancas - 23/07/2026, 19:10",,,"novo","0","0",,,"false","0","0","0","0",,,"0","0","0","0",,"novo","em_aberto",,,,
"4f84ca9b-108f-4d9e-815f-4cd5b8ee3ed7","e1f6e3ac-1098-4b30-9e0f-af4c47b351a3","18a05e0f-c1c6-43f3-a755-42d188d7034f","6b81070c-116b-4954-a026-a59602df56ce",,"09/2025","2025-09-10","0.01","0.01","novo","Origem: Conversão de Relatório | Sistema: Superlógica Condomínios | Recibo: 17878080 | Total do Recibo: R$ 0,01",,"2026-07-23T22:10:52.179816+00:00","2026-07-24T11:16:59.641771+00:00","importacao_cobrancas - 23/07/2026, 19:10",,,"novo","0","0",,,"false","0","0","0","0",,,"0","0","0","0",,"novo","em_aberto",,,,
"a7b3ac5c-9aa8-45ab-a400-d068488e0fc4","e1f6e3ac-1098-4b30-9e0f-af4c47b351a3","18a05e0f-c1c6-43f3-a755-42d188d7034f","6b81070c-116b-4954-a026-a59602df56ce",,"12/2025","2025-12-10","0.01","0.01","novo","Origem: Conversão de Relatório | Sistema: Superlógica Condomínios | Recibo: 18161586 | Total do Recibo: R$ 0,01",,"2026-07-23T22:10:52.745576+00:00","2026-07-24T11:16:59.641771+00:00","importacao_cobrancas - 23/07/2026, 19:10",,,"novo","0","0",,,"false","0","0","0","0",,,"0","0","0","0",,"novo","em_aberto",,,,
"24a819da-f896-4eba-ac09-dd3cc7d7cce8","e1f6e3ac-1098-4b30-9e0f-af4c47b351a3","18a05e0f-c1c6-43f3-a755-42d188d7034f","7539dd1b-d9ce-4abb-9af8-17b7d6479e2c",,"05/2025","2025-05-10","0.01","0.01","novo","Origem: Conversão de Relatório | Sistema: Superlógica Condomínios | Recibo: 17475559 | Total do Recibo: R$ 0,01",,"2026-07-23T22:11:05.859136+00:00","2026-07-24T11:16:59.641771+00:00","importacao_cobrancas - 23/07/2026, 19:10",,,"novo","0","0",,,"false","0","0","0","0",,,"0","0","0","0",,"novo","em_aberto",,,,
"71eeece1-6479-44ae-9170-b3fe81d82adf","e1f6e3ac-1098-4b30-9e0f-af4c47b351a3","18a05e0f-c1c6-43f3-a755-42d188d7034f","b7cb5d64-6b99-480a-870a-790aa9ae58cb",,"06/2025","2025-06-10","0.01","0.01","novo","Origem: Conversão de Relatório | Sistema: Superlógica Condomínios | Recibo: 17563486 | Total do Recibo: R$ 0,01",,"2026-07-23T22:11:09.98331+00:00","2026-07-24T11:16:59.641771+00:00","importacao_cobrancas - 23/07/2026, 19:10",,,"novo","0","0",,,"false","0","0","0","0",,,"0","0","0","0",,"novo","em_aberto",,,,
"ff640633-99f1-4694-8815-c5e4fdf17ff0","e1f6e3ac-1098-4b30-9e0f-af4c47b351a3","18a05e0f-c1c6-43f3-a755-42d188d7034f","237daaed-04c1-4b1e-8333-3844a6dcd087",,"08/2024","2024-08-10","591.52","817.55","suspenso","Origem: Conversão de Relatório | Sistema: Superlógica Condomínios | Recibo: 17029244 | Multa: R$ 11,83 | Correção: R$ 60,26 | Juros: R$ 153,94 | Total do Recibo: R$ 817,55",,"2026-07-23T22:10:48.575456+00:00","2026-07-24T11:20:12.191706+00:00","importacao_cobrancas - 23/07/2026, 19:10",,,"novo","0","0",,,"false","0","0","0","0",,,"153.94","11.83","60.26","0",,"suspenso","em_aberto",,,,
"129f13b2-756c-4e05-94b8-f73045cad518","e1f6e3ac-1098-4b30-9e0f-af4c47b351a3","18a05e0f-c1c6-43f3-a755-42d188d7034f","b7cb5d64-6b99-480a-870a-790aa9ae58cb",,"12/2024","2024-12-10","0.01","0.01","suspenso","Origem: Conversão de Relatório | Sistema: Superlógica Condomínios | Recibo: 17212979 | Total do Recibo: R$ 0,01",,"2026-07-23T22:11:09.405117+00:00","2026-07-24T11:20:49.856815+00:00","importacao_cobrancas - 23/07/2026, 19:10",,,"novo","0","0",,,"false","0","0","0","0",,,"0","0","0","0",,"suspenso","em_aberto",,,,
"bdc0ff24-578d-40c1-b910-d0510270af24","e1f6e3ac-1098-4b30-9e0f-af4c47b351a3","18a05e0f-c1c6-43f3-a755-42d188d7034f","72d15dbd-5627-427e-9f51-b906487e83f8",,"04/2025","2025-04-10","0.01","0.01","novo","Origem: Conversão de Relatório | Sistema: Superlógica Condomínios | Recibo: 17371397 | Total do Recibo: R$ 0,01",,"2026-07-23T22:11:12.597326+00:00","2026-07-24T11:16:59.641771+00:00","importacao_cobrancas - 23/07/2026, 19:10",,,"novo","0","0",,,"false","0","0","0","0",,,"0","0","0","0",,"novo","em_aberto",,,,
"7a476c10-5fb9-4414-b4a1-978db93bfedb","e1f6e3ac-1098-4b30-9e0f-af4c47b351a3","18a05e0f-c1c6-43f3-a755-42d188d7034f","72d15dbd-5627-427e-9f51-b906487e83f8",,"09/2025","2025-09-10","0.01","0.01","novo","Origem: Conversão de Relatório | Sistema: Superlógica Condomínios | Recibo: 17878064 | Total do Recibo: R$ 0,01",,"2026-07-23T22:11:13.272037+00:00","2026-07-24T11:16:59.641771+00:00","importacao_cobrancas - 23/07/2026, 19:10",,,"novo","0","0",,,"false","0","0","0","0",,,"0","0","0","0",,"novo","em_aberto",,,,
"af448695-5340-4106-993d-e8dcbc87b4f3","e1f6e3ac-1098-4b30-9e0f-af4c47b351a3","18a05e0f-c1c6-43f3-a755-42d188d7034f","72d15dbd-5627-427e-9f51-b906487e83f8",,"12/2025","2025-12-10","0.01","0.01","novo","Origem: Conversão de Relatório | Sistema: Superlógica Condomínios | Recibo: 18161602 | Total do Recibo: R$ 0,01",,"2026-07-23T22:11:13.874612+00:00","2026-07-24T11:16:59.641771+00:00","importacao_cobrancas - 23/07/2026, 19:10",,,"novo","0","0",,,"false","0","0","0","0",,,"0","0","0","0",,"novo","em_aberto",,,,
"085ae894-c66b-4943-80a8-d08343441c97","e1f6e3ac-1098-4b30-9e0f-af4c47b351a3","18a05e0f-c1c6-43f3-a755-42d188d7034f","237daaed-04c1-4b1e-8333-3844a6dcd087",,"05/2025","2025-05-10","510.29","626.8","novo","Origem: Conversão de Relatório | Sistema: Superlógica Condomínios | Recibo: 17399070 | Multa: R$ 10,21 | Correção: R$ 28,35 | Juros: R$ 77,95 | Total do Recibo: R$ 626,80",,"2026-07-23T22:10:49.41307+00:00","2026-07-24T11:16:59.641771+00:00","importacao_cobrancas - 23/07/2026, 19:10",,,"novo","0","0",,,"false","0","0","0","0",,,"77.95","10.21","28.35","0",,"novo","em_aberto",,,,
"aca1f8da-5251-4cfe-a0da-2cfacd156af6","e1f6e3ac-1098-4b30-9e0f-af4c47b351a3","18a05e0f-c1c6-43f3-a755-42d188d7034f","6b81070c-116b-4954-a026-a59602df56ce",,"07/2025","2025-07-10","0.01","0.01","novo","Origem: Conversão de Relatório | Sistema: Superlógica Condomínios | Recibo: 17661736 | Total do Recibo: R$ 0,01",,"2026-07-23T22:10:51.783093+00:00","2026-07-24T11:16:59.641771+00:00","importacao_cobrancas - 23/07/2026, 19:10",,,"novo","0","0",,,"false","0","0","0","0",,,"0","0","0","0",,"novo","em_aberto",,,,
"0f38b3e7-01fc-4f51-aeeb-d0f22b98c091","e1f6e3ac-1098-4b30-9e0f-af4c47b351a3","18a05e0f-c1c6-43f3-a755-42d188d7034f","6b81070c-116b-4954-a026-a59602df56ce",,"10/2025","2025-10-10","0.01","0.01","novo","Origem: Conversão de Relatório | Sistema: Superlógica Condomínios | Recibo: 17962631 | Total do Recibo: R$ 0,01",,"2026-07-23T22:10:52.379282+00:00","2026-07-24T11:16:59.641771+00:00","importacao_cobrancas - 23/07/2026, 19:10",,,"novo","0","0",,,"false","0","0","0","0",,,"0","0","0","0",,"novo","em_aberto",,,,
"78efcaf6-7dac-4dc3-956b-d95fd6e507d7","e1f6e3ac-1098-4b30-9e0f-af4c47b351a3","18a05e0f-c1c6-43f3-a755-42d188d7034f","d1ed6cc2-7b7e-4bf5-be73-0d502ab2c3d4",,"07/2025","2025-07-10","0.01","0.01","novo","Origem: Conversão de Relatório | Sistema: Superlógica Condomínios | Recibo: 17661747 | Total do Recibo: R$ 0,01",,"2026-07-23T22:11:06.633891+00:00","2026-07-24T11:16:59.641771+00:00","importacao_cobrancas - 23/07/2026, 19:10",,,"novo","0","0",,,"false","0","0","0","0",,,"0","0","0","0",,"novo","em_aberto",,,,
"c81f271d-d7c3-4e82-96f1-785cd4f1b400","e1f6e3ac-1098-4b30-9e0f-af4c47b351a3","18a05e0f-c1c6-43f3-a755-42d188d7034f","b7cb5d64-6b99-480a-870a-790aa9ae58cb",,"02/2025","2025-02-10","0.01","0.01","novo","Origem: Conversão de Relatório | Sistema: Superlógica Condomínios | Recibo: 17213001 | Total do Recibo: R$ 0,01",,"2026-07-23T22:11:09.594503+00:00","2026-07-24T11:16:59.641771+00:00","importacao_cobrancas - 23/07/2026, 19:10",,,"novo","0","0",,,"false","0","0","0","0",,,"0","0","0","0",,"novo","em_aberto",,,,
"69f5d5ff-5c09-4c47-a67c-091de0e1bbe9","e1f6e3ac-1098-4b30-9e0f-af4c47b351a3","18a05e0f-c1c6-43f3-a755-42d188d7034f","b7cb5d64-6b99-480a-870a-790aa9ae58cb",,"07/2025","2025-07-10","0.01","0.01","novo","Origem: Conversão de Relatório | Sistema: Superlógica Condomínios | Recibo: 17661752 | Total do Recibo: R$ 0,01",,"2026-07-23T22:11:10.169093+00:00","2026-07-24T11:16:59.641771+00:00","importacao_cobrancas - 23/07/2026, 19:10",,,"novo","0","0",,,"false","0","0","0","0",,,"0","0","0","0",,"novo","em_aberto",,,,
"f0b04ce0-bef7-439b-9bce-102b2055ecad","e1f6e3ac-1098-4b30-9e0f-af4c47b351a3","18a05e0f-c1c6-43f3-a755-42d188d7034f","7feb25d9-751b-48ae-9c51-8619aed81dce",,"06/2025","2025-06-10","0.01","0.01","novo","Origem: Conversão de Relatório | Sistema: Superlógica Condomínios | Recibo: 17563491 | Total do Recibo: R$ 0,01",,"2026-07-23T22:11:12.206108+00:00","2026-07-24T11:16:59.641771+00:00","importacao_cobrancas - 23/07/2026, 19:10",,,"novo","0","0",,,"false","0","0","0","0",,,"0","0","0","0",,"novo","em_aberto",,,,
"3d5ccd95-31dc-4e17-9ff8-6b71b10accbf","e1f6e3ac-1098-4b30-9e0f-af4c47b351a3","18a05e0f-c1c6-43f3-a755-42d188d7034f","72d15dbd-5627-427e-9f51-b906487e83f8",,"05/2025","2025-05-10","0.01","0.01","novo","Origem: Conversão de Relatório | Sistema: Superlógica Condomínios | Recibo: 17475580 | Total do Recibo: R$ 0,01",,"2026-07-23T22:11:12.816607+00:00","2026-07-24T11:16:59.641771+00:00","importacao_cobrancas - 23/07/2026, 19:10",,,"novo","0","0",,,"false","0","0","0","0",,,"0","0","0","0",,"novo","em_aberto",,,,
"ed20c31e-2bdb-406e-bfd7-fc7ae01813b3","e1f6e3ac-1098-4b30-9e0f-af4c47b351a3","18a05e0f-c1c6-43f3-a755-42d188d7034f","72d15dbd-5627-427e-9f51-b906487e83f8",,"10/2025","2025-10-10","0.01","0.01","novo","Origem: Conversão de Relatório | Sistema: Superlógica Condomínios | Recibo: 17962645 | Total do Recibo: R$ 0,01",,"2026-07-23T22:11:13.479708+00:00","2026-07-24T11:16:59.641771+00:00","importacao_cobrancas - 23/07/2026, 19:10",,,"novo","0","0",,,"false","0","0","0","0",,,"0","0","0","0",,"novo","em_aberto",,,,
"db57bc5b-6ded-4c06-b9e9-bda403cd7f80","e1f6e3ac-1098-4b30-9e0f-af4c47b351a3","18a05e0f-c1c6-43f3-a755-42d188d7034f","6b81070c-116b-4954-a026-a59602df56ce",,"11/2025","2025-11-10","0.01","0.01","novo","Origem: Conversão de Relatório | Sistema: Superlógica Condomínios | Recibo: 18061527 | Total do Recibo: R$ 0,01",,"2026-07-23T22:10:52.565126+00:00","2026-07-24T11:16:59.641771+00:00","importacao_cobrancas - 23/07/2026, 19:10",,,"novo","0","0",,,"false","0","0","0","0",,,"0","0","0","0",,"novo","em_aberto",,,,
"d1901334-e0f1-4905-af37-c7d5543e8ea3","e1f6e3ac-1098-4b30-9e0f-af4c47b351a3","18a05e0f-c1c6-43f3-a755-42d188d7034f","7539dd1b-d9ce-4abb-9af8-17b7d6479e2c",,"03/2025","2025-03-10","0.01","0.01","novo","Origem: Conversão de Relatório | Sistema: Superlógica Condomínios | Recibo: 17263049 | Total do Recibo: R$ 0,01",,"2026-07-23T22:11:05.666285+00:00","2026-07-24T11:16:59.641771+00:00","importacao_cobrancas - 23/07/2026, 19:10",,,"novo","0","0",,,"false","0","0","0","0",,,"0","0","0","0",,"novo","em_aberto",,,,
"1bff792e-4e63-44c0-8f77-381c8720fb52","e1f6e3ac-1098-4b30-9e0f-af4c47b351a3","18a05e0f-c1c6-43f3-a755-42d188d7034f","b7cb5d64-6b99-480a-870a-790aa9ae58cb",,"10/2024","2024-10-10","0.01","0.01","suspenso","Origem: Conversão de Relatório | Sistema: Superlógica Condomínios | Recibo: 17212991 | Total do Recibo: R$ 0,01",,"2026-07-23T22:11:09.014637+00:00","2026-07-24T11:20:28.852155+00:00","importacao_cobrancas - 23/07/2026, 19:10",,,"novo","0","0",,,"false","0","0","0","0",,,"0","0","0","0",,"suspenso","em_aberto",,,,
"1ba0dcd6-8fca-4d24-a513-67c98629495b","e1f6e3ac-1098-4b30-9e0f-af4c47b351a3","18a05e0f-c1c6-43f3-a755-42d188d7034f","d1ed6cc2-7b7e-4bf5-be73-0d502ab2c3d4",,"08/2025","2025-08-10","0.01","0.01","novo","Origem: Conversão de Relatório | Sistema: Superlógica Condomínios | Recibo: 17761081 | Total do Recibo: R$ 0,01",,"2026-07-23T22:11:06.83243+00:00","2026-07-24T11:16:59.641771+00:00","importacao_cobrancas - 23/07/2026, 19:10",,,"novo","0","0",,,"false","0","0","0","0",,,"0","0","0","0",,"novo","em_aberto",,,,
"512df644-6dc5-44e7-afc4-8eb1cd97a54a","e1f6e3ac-1098-4b30-9e0f-af4c47b351a3","18a05e0f-c1c6-43f3-a755-42d188d7034f","b7cb5d64-6b99-480a-870a-790aa9ae58cb",,"05/2025","2025-05-10","0.01","0.01","novo","Origem: Conversão de Relatório | Sistema: Superlógica Condomínios | Recibo: 17475575 | Total do Recibo: R$ 0,01",,"2026-07-23T22:11:09.793755+00:00","2026-07-24T11:16:59.641771+00:00","importacao_cobrancas - 23/07/2026, 19:10",,,"novo","0","0",,,"false","0","0","0","0",,,"0","0","0","0",,"novo","em_aberto",,,,
"f70fb7e5-de2a-44a5-a371-04a19c443644","e1f6e3ac-1098-4b30-9e0f-af4c47b351a3","18a05e0f-c1c6-43f3-a755-42d188d7034f","b7cb5d64-6b99-480a-870a-790aa9ae58cb",,"08/2025","2025-08-10","0.01","0.01","novo","Origem: Conversão de Relatório | Sistema: Superlógica Condomínios | Recibo: 17761096 | Total do Recibo: R$ 0,01",,"2026-07-23T22:11:10.370907+00:00","2026-07-24T11:16:59.641771+00:00","importacao_cobrancas - 23/07/2026, 19:10",,,"novo","0","0",,,"false","0","0","0","0",,,"0","0","0","0",,"novo","em_aberto",,,,
"ce23c33d-84b9-4d51-b91d-e7d75382a91b","e1f6e3ac-1098-4b30-9e0f-af4c47b351a3","18a05e0f-c1c6-43f3-a755-42d188d7034f","72d15dbd-5627-427e-9f51-b906487e83f8",,"08/2025","2025-08-10","0.01","0.01","novo","Origem: Conversão de Relatório | Sistema: Superlógica Condomínios | Recibo: 17761101 | Total do Recibo: R$ 0,01",,"2026-07-23T22:11:13.080724+00:00","2026-07-24T11:16:59.641771+00:00","importacao_cobrancas - 23/07/2026, 19:10",,,"novo","0","0",,,"false","0","0","0","0",,,"0","0","0","0",,"novo","em_aberto",,,,
"8edb98f3-3a92-4dd6-88f0-a773b138394e","e1f6e3ac-1098-4b30-9e0f-af4c47b351a3","18a05e0f-c1c6-43f3-a755-42d188d7034f","72d15dbd-5627-427e-9f51-b906487e83f8",,"11/2025","2025-11-10","0.01","0.01","novo","Origem: Conversão de Relatório | Sistema: Superlógica Condomínios | Recibo: 18061546 | Total do Recibo: R$ 0,01",,"2026-07-23T22:11:13.685908+00:00","2026-07-24T11:16:59.641771+00:00","importacao_cobrancas - 23/07/2026, 19:10",,,"novo","0","0",,,"false","0","0","0","0",,,"0","0","0","0",,"novo","em_aberto",,,,
"e0cc08c1-8f5f-43a6-8bcb-4ff412474206","e1f6e3ac-1098-4b30-9e0f-af4c47b351a3","18a05e0f-c1c6-43f3-a755-42d188d7034f","03c904e9-20c3-4189-9a9b-6881ed61e977",,"05/2025","2025-05-10","0.01","0.01","novo","Origem: Conversão de Relatório | Sistema: Superlógica Condomínios | Recibo: 17475561 | Total do Recibo: R$ 0,01",,"2026-07-23T22:11:14.849159+00:00","2026-07-24T11:16:59.641771+00:00","importacao_cobrancas - 23/07/2026, 19:10",,,"novo","0","0",,,"false","0","0","0","0",,,"0","0","0","0",,"novo","em_aberto",,,,
"ef4845ab-a49d-4d9b-8107-117f2699ec0f","e1f6e3ac-1098-4b30-9e0f-af4c47b351a3","18a05e0f-c1c6-43f3-a755-42d188d7034f","2265dc80-b37a-4cd3-bed3-e19b2769e40c",,"02/2025","2025-02-10","472.25","609.11","novo","Origem: Conversão de Relatório | Sistema: Superlógica Condomínios | Recibo: 17133103 | Multa: R$ 9,45 | Correção: R$ 38,02 | Juros: R$ 89,39 | Total do Recibo: R$ 609,11",,"2026-07-23T22:11:18.290305+00:00","2026-07-24T11:16:59.641771+00:00","importacao_cobrancas - 23/07/2026, 19:10",,,"novo","0","0",,,"false","0","0","0","0",,,"89.39","9.45","38.02","0",,"novo","em_aberto",,,,
"0eb81e30-3cff-4ea6-8806-93082fadc406","e1f6e3ac-1098-4b30-9e0f-af4c47b351a3","18a05e0f-c1c6-43f3-a755-42d188d7034f","2265dc80-b37a-4cd3-bed3-e19b2769e40c",,"05/2025","2025-05-10","510.29","626.8","novo","Origem: Conversão de Relatório | Sistema: Superlógica Condomínios | Recibo: 17399206 | Multa: R$ 10,21 | Correção: R$ 28,35 | Juros: R$ 77,95 | Total do Recibo: R$ 626,80",,"2026-07-23T22:11:18.877714+00:00","2026-07-24T11:16:59.641771+00:00","importacao_cobrancas - 23/07/2026, 19:10",,,"novo","0","0",,,"false","0","0","0","0",,,"77.95","10.21","28.35","0",,"novo","em_aberto",,,,
"06b98517-e0fa-455c-9dd1-361a39100a87","e1f6e3ac-1098-4b30-9e0f-af4c47b351a3","18a05e0f-c1c6-43f3-a755-42d188d7034f","2d20c0b9-a6ee-4c97-8e2b-a9579d30be3b",,"12/2025","2025-12-10","566.4","642.26","novo","Origem: Conversão de Relatório | Sistema: Superlógica Condomínios | Recibo: 18099546 | Multa: R$ 11,33 | Correção: R$ 21,40 | Juros: R$ 43,13 | Total do Recibo: R$ 642,26",,"2026-07-23T22:10:58.578611+00:00","2026-07-24T11:16:59.641771+00:00","importacao_cobrancas - 23/07/2026, 19:10",,,"novo","0","0",,,"false","0","0","0","0",,,"43.13","11.33","21.4","0",,"novo","em_aberto",,,,
"5116d300-310e-4517-a2ea-577a40485148","e1f6e3ac-1098-4b30-9e0f-af4c47b351a3","18a05e0f-c1c6-43f3-a755-42d188d7034f","af9bd159-9fbf-48b0-8781-24bcf685f76b",,"11/2025","2025-11-10","0.01","0.01","novo","Origem: Conversão de Relatório | Sistema: Superlógica Condomínios | Recibo: 18061531 | Total do Recibo: R$ 0,01",,"2026-07-23T22:11:00.921052+00:00","2026-07-24T11:16:59.641771+00:00","importacao_cobrancas - 23/07/2026, 19:10",,,"novo","0","0",,,"false","0","0","0","0",,,"0","0","0","0",,"novo","em_aberto",,,,
"9c2bd920-2c66-492e-9a38-d85dcc428ef4","e1f6e3ac-1098-4b30-9e0f-af4c47b351a3","18a05e0f-c1c6-43f3-a755-42d188d7034f","c6225c8d-0291-4ed2-a9e5-13f1998a1344",,"10/2025","2025-10-10","0.01","0.01","novo","Origem: Conversão de Relatório | Sistema: Superlógica Condomínios | Recibo: 17962648 | Total do Recibo: R$ 0,01",,"2026-07-23T22:11:03.551374+00:00","2026-07-24T11:16:59.641771+00:00","importacao_cobrancas - 23/07/2026, 19:10",,,"novo","0","0",,,"false","0","0","0","0",,,"0","0","0","0",,"novo","em_aberto",,,,
"73a332f1-33e1-4121-b438-d8cb41cfe158","e1f6e3ac-1098-4b30-9e0f-af4c47b351a3","18a05e0f-c1c6-43f3-a755-42d188d7034f","b7cb5d64-6b99-480a-870a-790aa9ae58cb",,"11/2024","2024-11-10","0.01","0.01","suspenso","Origem: Conversão de Relatório | Sistema: Superlógica Condomínios | Recibo: 17212987 | Total do Recibo: R$ 0,01",,"2026-07-23T22:11:09.214971+00:00","2026-07-24T11:20:28.852155+00:00","importacao_cobrancas - 23/07/2026, 19:10",,,"novo","0","0",,,"false","0","0","0","0",,,"0","0","0","0",,"suspenso","em_aberto",,,,
"03790937-f26a-4497-9570-e47c75bc47b9","e1f6e3ac-1098-4b30-9e0f-af4c47b351a3","18a05e0f-c1c6-43f3-a755-42d188d7034f","4aff4022-3c4a-4679-847e-05c799758ff3",,"04/2025","2025-04-10","488.48","607.86","novo","Origem: Conversão de Relatório | Sistema: Superlógica Condomínios | Recibo: 17287397 | Multa: R$ 9,77 | Correção: R$ 29,40 | Juros: R$ 80,21 | Total do Recibo: R$ 607,86",,"2026-07-23T22:11:22.348657+00:00","2026-07-24T11:16:59.641771+00:00","importacao_cobrancas - 23/07/2026, 19:10",,,"novo","0","0",,,"false","0","0","0","0",,,"80.21","9.77","29.4","0",,"novo","em_aberto",,,,
"080d37f5-1b80-41af-ba47-0b95278c69e5","e1f6e3ac-1098-4b30-9e0f-af4c47b351a3","18a05e0f-c1c6-43f3-a755-42d188d7034f","4aff4022-3c4a-4679-847e-05c799758ff3",,"08/2025","2025-08-10","652.4","772.92","novo","Origem: Conversão de Relatório | Sistema: Superlógica Condomínios | Recibo: 17684051 | Multa: R$ 13,05 | Correção: R$ 29,63 | Juros: R$ 77,84 | Total do Recibo: R$ 772,92",,"2026-07-23T22:11:22.754483+00:00","2026-07-24T11:16:59.641771+00:00","importacao_cobrancas - 23/07/2026, 19:10",,,"novo","0","0",,,"false","0","0","0","0",,,"77.84","13.05","29.63","0",,"novo","em_aberto",,,,
"0c340e3e-b4c3-4f1d-bf80-ccfce907c670","e1f6e3ac-1098-4b30-9e0f-af4c47b351a3","18a05e0f-c1c6-43f3-a755-42d188d7034f","7603b84f-29eb-46e0-a539-c29a63a54169",,"12/2025","2025-12-10","0.01","0.01","novo","Origem: Conversão de Relatório | Sistema: Superlógica Condomínios | Recibo: 18161610 | Total do Recibo: R$ 0,01",,"2026-07-23T22:11:27.076606+00:00","2026-07-24T11:16:59.641771+00:00","importacao_cobrancas - 23/07/2026, 19:10",,,"novo","0","0",,,"false","0","0","0","0",,,"0","0","0","0",,"novo","em_aberto",,,,
"0d3b132c-c053-444a-968b-4de1c215ab40","e1f6e3ac-1098-4b30-9e0f-af4c47b351a3","9e6fce5a-79cc-4669-bb90-014bb6a8fb86","66218933-6597-45f1-8419-3627d8604499",,"03/2023","2023-03-10","682.97","1138.18","suspenso","Origem: Conversao de Relatorio | Sistema: Hflex / LiveFacilities - Devedores Detalhado | Recibo: 2548250 | Marcador origem: ADV | Situacao origem: juridico | Pagina PDF: 06",,"2026-07-16T18:46:01.185225+00:00","2026-07-24T11:19:16.722725+00:00","importacao_cobrancas - 16/07/2026, 15:45",,,"novo","0","0",,,"false","0","0","0","0",,,"325","15.95","114.26","0",,"suspenso","em_aberto",,,,
"0df70204-140e-4b9b-8e83-ff4ee3a8a962","e1f6e3ac-1098-4b30-9e0f-af4c47b351a3","9e6fce5a-79cc-4669-bb90-014bb6a8fb86","66218933-6597-45f1-8419-3627d8604499",,"09/2025","2025-09-10","968.64","1143.9","novo","Origem: Conversao de Relatorio | Sistema: Hflex / LiveFacilities - Devedores Detalhado | Recibo: 3079479 | Marcador origem: ADV | Situacao origem: juridico | Pagina PDF: 09",,"2026-07-16T18:46:06.894617+00:00","2026-07-24T11:16:59.641771+00:00","importacao_cobrancas - 16/07/2026, 15:45",,,"novo","0","0",,,"false","0","0","0","0",,,"104.61","20.38","50.27","0",,"novo","em_aberto",,,,
"106e95a6-910d-4f31-8599-9b55493d1f7f","e1f6e3ac-1098-4b30-9e0f-af4c47b351a3","18a05e0f-c1c6-43f3-a755-42d188d7034f","ac277e33-f419-4fd2-98e6-4ca42926acc6",,"01/2025","2025-01-10","377.3","491.33","novo","Origem: Conversão de Relatório | Sistema: Superlógica Condomínios | Recibo: 17555584 | Multa: R$ 7,55 | Correção: R$ 30,82 | Juros: R$ 75,66 | Total do Recibo: R$ 491,33",,"2026-07-23T22:11:28.540322+00:00","2026-07-24T11:16:59.641771+00:00","importacao_cobrancas - 23/07/2026, 19:10",,,"novo","0","0",,,"false","0","0","0","0",,,"75.66","7.55","30.82","0",,"novo","em_aberto",,,,
"13232556-152d-494b-af11-e80ba4b47710","e1f6e3ac-1098-4b30-9e0f-af4c47b351a3","9e6fce5a-79cc-4669-bb90-014bb6a8fb86","66218933-6597-45f1-8419-3627d8604499",,"03/2020","2020-03-10","682.97","2000.56","suspenso","Origem: Conversao de Relatorio | Sistema: Hflex / LiveFacilities - Devedores Detalhado | Recibo: 2548204 | Marcador origem: ADV | Situacao origem: juridico | Pagina PDF: 03",,"2026-07-16T18:45:50.837554+00:00","2026-07-24T11:17:58.110494+00:00","importacao_cobrancas - 16/07/2026, 15:45",,,"novo","0","0",,,"false","0","0","0","0",,,"862.27","22.32","433","0",,"suspenso","em_aberto",,,,
"174acad6-f7d7-44d6-ad2d-a593f6f36ff5","e1f6e3ac-1098-4b30-9e0f-af4c47b351a3","18a05e0f-c1c6-43f3-a755-42d188d7034f","408fa52c-16c9-49bc-a81d-26975dba85c2",,"02/2025","2025-02-10","0.01","0.01","novo","Origem: Conversão de Relatório | Sistema: Superlógica Condomínios | Recibo: 17212998 | Total do Recibo: R$ 0,01",,"2026-07-23T22:11:25.808448+00:00","2026-07-24T11:16:59.641771+00:00","importacao_cobrancas - 23/07/2026, 19:10",,,"novo","0","0",,,"false","0","0","0","0",,,"0","0","0","0",,"novo","em_aberto",,,,
"245ed55a-7755-4ec5-a2ef-dfe7b20ddc6a","e1f6e3ac-1098-4b30-9e0f-af4c47b351a3","18a05e0f-c1c6-43f3-a755-42d188d7034f","05858229-a5d2-41ef-b24a-13bd82bdede1",,"04/2024","2024-04-10","573.78","829.83","suspenso","Origem: Conversão de Relatório | Sistema: Superlógica Condomínios | Recibo: 17029338 | Multa: R$ 11,48 | Correção: R$ 67,12 | Juros: R$ 177,45 | Total do Recibo: R$ 829,83",,"2026-07-23T22:11:24.348144+00:00","2026-07-24T11:19:31.517198+00:00","importacao_cobrancas - 23/07/2026, 19:10",,,"novo","0","0",,,"false","0","0","0","0",,,"177.45","11.48","67.12","0",,"suspenso","em_aberto",,,,
"2b476c76-d953-4644-88e0-319660958a08","e1f6e3ac-1098-4b30-9e0f-af4c47b351a3","9e6fce5a-79cc-4669-bb90-014bb6a8fb86","66218933-6597-45f1-8419-3627d8604499",,"12/2022","2022-12-10","682.97","1168.66","suspenso","Origem: Conversao de Relatorio | Sistema: Hflex / LiveFacilities - Devedores Detalhado | Recibo: 2548247 | Marcador origem: ADV | Situacao origem: juridico | Pagina PDF: 06",,"2026-07-16T18:46:00.508919+00:00","2026-07-24T11:19:16.722725+00:00","importacao_cobrancas - 16/07/2026, 15:45",,,"novo","0","0",,,"false","0","0","0","0",,,"350.89","16.03","118.77","0",,"suspenso","em_aberto",,,,
"2ce1551b-eff5-4254-9ad9-7da88adbc34c","e1f6e3ac-1098-4b30-9e0f-af4c47b351a3","9e6fce5a-79cc-4669-bb90-014bb6a8fb86","66218933-6597-45f1-8419-3627d8604499",,"05/2020","2020-05-10","682.97","1953.18","suspenso","Origem: Conversao de Relatorio | Sistema: Hflex / LiveFacilities - Devedores Detalhado | Recibo: 2548208 | Marcador origem: ADV | Situacao origem: juridico | Pagina PDF: 03",,"2026-07-16T18:45:51.654612+00:00","2026-07-24T11:17:58.110494+00:00","importacao_cobrancas - 16/07/2026, 15:45",,,"novo","0","0",,,"false","0","0","0","0",,,"829.1","22.04","419.07","0",,"suspenso","em_aberto",,,,
"2e8f88a8-f50b-4efd-857e-4222664a2862","e1f6e3ac-1098-4b30-9e0f-af4c47b351a3","9e6fce5a-79cc-4669-bb90-014bb6a8fb86","66218933-6597-45f1-8419-3627d8604499",,"01/2024","2024-01-10","1012.48","1536.56","suspenso","Origem: Conversao de Relatorio | Sistema: Hflex / LiveFacilities - Devedores Detalhado | Recibo: 2600789 | Marcador origem: ADV | Situacao origem: juridico | Pagina PDF: 07",,"2026-07-16T18:46:03.614106+00:00","2026-07-24T11:19:31.517198+00:00","importacao_cobrancas - 16/07/2026, 15:45",,,"novo","0","0",,,"false","0","0","0","0",,,"354.29","23.18","146.61","0",,"suspenso","em_aberto",,,,
"2fed9156-784b-4412-b466-3f4552248f53","e1f6e3ac-1098-4b30-9e0f-af4c47b351a3","18a05e0f-c1c6-43f3-a755-42d188d7034f","05858229-a5d2-41ef-b24a-13bd82bdede1",,"05/2024","2024-05-10","476.83","681.68","suspenso","Origem: Conversão de Relatório | Sistema: Superlógica Condomínios | Recibo: 17029339 | Multa: R$ 9,54 | Correção: R$ 53,80 | Juros: R$ 141,51 | Total do Recibo: R$ 681,68",,"2026-07-23T22:11:24.568634+00:00","2026-07-24T11:19:46.458097+00:00","importacao_cobrancas - 23/07/2026, 19:10",,,"novo","0","0",,,"false","0","0","0","0",,,"141.51","9.54","53.8","0",,"suspenso","em_aberto",,,,
"3037b237-eea7-4dab-b554-e041304b0562","e1f6e3ac-1098-4b30-9e0f-af4c47b351a3","9e6fce5a-79cc-4669-bb90-014bb6a8fb86","66218933-6597-45f1-8419-3627d8604499",,"07/2020","2020-07-10","682.97","1908.77","suspenso","Origem: Conversao de Relatorio | Sistema: Hflex / LiveFacilities - Devedores Detalhado | Recibo: 2548211 | Marcador origem: ADV | Situacao origem: juridico | Pagina PDF: 03",,"2026-07-16T18:45:52.956358+00:00","2026-07-24T11:17:58.110494+00:00","importacao_cobrancas - 16/07/2026, 15:45",,,"novo","0","0",,,"false","0","0","0","0",,,"797.5","21.79","406.51","0",,"suspenso","em_aberto",,,,
"308d9297-c9bc-483b-8790-ad227735a2e0","e1f6e3ac-1098-4b30-9e0f-af4c47b351a3","9e6fce5a-79cc-4669-bb90-014bb6a8fb86","66218933-6597-45f1-8419-3627d8604499",,"08/2022","2022-08-10","682.97","1201.27","suspenso","Origem: Conversao de Relatorio | Sistema: Hflex / LiveFacilities - Devedores Detalhado | Recibo: 2548243 | Marcador origem: ADV | Situacao origem: juridico | Pagina PDF: 06",,"2026-07-16T18:45:59.467428+00:00","2026-07-24T11:19:16.722725+00:00","importacao_cobrancas - 16/07/2026, 15:45",,,"novo","0","0",,,"false","0","0","0","0",,,"383.5","16.03","118.77","0",,"suspenso","em_aberto",,,,
"31fb690c-0800-4111-ba8d-58bdc2fae442","e1f6e3ac-1098-4b30-9e0f-af4c47b351a3","18a05e0f-c1c6-43f3-a755-42d188d7034f","d800901d-82d6-43bb-b29b-ded6536a96e5",,"02/2024","2024-02-10","372.14","552.15","suspenso","Origem: Conversão de Relatório | Sistema: Superlógica Condomínios | Recibo: 17029355 | Multa: R$ 7,44 | Correção: R$ 47,78 | Juros: R$ 124,79 | Total do Recibo: R$ 552,15",,"2026-07-23T22:11:29.49144+00:00","2026-07-24T11:19:31.517198+00:00","importacao_cobrancas - 23/07/2026, 19:10",,,"novo","0","0",,,"false","0","0","0","0",,,"124.79","7.44","47.78","0",,"suspenso","em_aberto",,,,
"3265b431-ec79-4d28-884e-c1101a4a7df6","e1f6e3ac-1098-4b30-9e0f-af4c47b351a3","9e6fce5a-79cc-4669-bb90-014bb6a8fb86","66218933-6597-45f1-8419-3627d8604499",,"06/2023","2023-06-10","697.97","1137.71","suspenso","Origem: Conversao de Relatorio | Sistema: Hflex / LiveFacilities - Devedores Detalhado | Recibo: 2548254 | Marcador origem: ADV | Situacao origem: juridico | Pagina PDF: 06",,"2026-07-16T18:46:02.028453+00:00","2026-07-24T11:19:16.722725+00:00","importacao_cobrancas - 16/07/2026, 15:45",,,"novo","0","0",,,"false","0","0","0","0",,,"307.03","16.29","116.42","0",,"suspenso","em_aberto",,,,
"32fe4b37-713d-4edc-bab5-8abe8a86fb24","e1f6e3ac-1098-4b30-9e0f-af4c47b351a3","9e6fce5a-79cc-4669-bb90-014bb6a8fb86","66218933-6597-45f1-8419-3627d8604499",,"10/2020","2020-10-10","682.97","1765.9","suspenso","Origem: Conversao de Relatorio | Sistema: Hflex / LiveFacilities - Devedores Detalhado | Recibo: 2548216 | Marcador origem: ADV | Situacao origem: juridico | Pagina PDF: 03",,"2026-07-16T18:45:54.163611+00:00","2026-07-24T11:17:58.110494+00:00","importacao_cobrancas - 16/07/2026, 15:45",,,"novo","0","0",,,"false","0","0","0","0",,,"719.49","20.52","342.92","0",,"suspenso","em_aberto",,,,
"37336c6d-f13e-43e3-a58a-a4195704e48f","e1f6e3ac-1098-4b30-9e0f-af4c47b351a3","9e6fce5a-79cc-4669-bb90-014bb6a8fb86","66218933-6597-45f1-8419-3627d8604499",,"04/2023","2023-04-10","682.97","1129.46","suspenso","Origem: Conversao de Relatorio | Sistema: Hflex / LiveFacilities - Devedores Detalhado | Recibo: 2548251 | Marcador origem: ADV | Situacao origem: juridico | Pagina PDF: 06",,"2026-07-16T18:46:01.590847+00:00","2026-07-24T11:19:16.722725+00:00","importacao_cobrancas - 16/07/2026, 15:45",,,"novo","0","0",,,"false","0","0","0","0",,,"316.63","15.94","113.92","0",,"suspenso","em_aberto",,,,
"3982f5d2-11c5-4b6b-a1ed-be5c9ea7bbc6","e1f6e3ac-1098-4b30-9e0f-af4c47b351a3","9e6fce5a-79cc-4669-bb90-014bb6a8fb86","66218933-6597-45f1-8419-3627d8604499",,"09/2019","2019-09-10","682.97","2113.2","suspenso","Origem: Conversao de Relatorio | Sistema: Hflex / LiveFacilities - Devedores Detalhado | Recibo: 2548202 | Marcador origem: ADV | Situacao origem: juridico | Pagina PDF: 03",,"2026-07-16T18:45:50.222014+00:00","2026-07-24T11:17:58.110494+00:00","importacao_cobrancas - 16/07/2026, 15:45",,,"novo","0","0",,,"false","0","0","0","0",,,"950.18","22.81","457.24","0",,"suspenso","em_aberto",,,,
"453b7ed6-9b07-4ade-9537-7c29a5355999","e1f6e3ac-1098-4b30-9e0f-af4c47b351a3","9e6fce5a-79cc-4669-bb90-014bb6a8fb86","66218933-6597-45f1-8419-3627d8604499",,"12/2024","2024-12-10","869.2","1140.26","suspenso","Origem: Conversao de Relatorio | Sistema: Hflex / LiveFacilities - Devedores Detalhado | Recibo: 2898686 | Marcador origem: ADV | Situacao origem: juridico | Pagina PDF: 08",,"2026-07-16T18:46:05.192951+00:00","2026-07-24T11:20:28.852155+00:00","importacao_cobrancas - 16/07/2026, 15:45",,,"novo","0","0",,,"false","0","0","0","0",,,"182.22","18.78","70.06","0",,"suspenso","em_aberto",,,,
"463d34a7-7777-457a-8b3a-d5cd28299704","e1f6e3ac-1098-4b30-9e0f-af4c47b351a3","9e6fce5a-79cc-4669-bb90-014bb6a8fb86","66218933-6597-45f1-8419-3627d8604499",,"10/2021","2021-10-10","682.97","1387.94","suspenso","Origem: Conversao de Relatorio | Sistema: Hflex / LiveFacilities - Devedores Detalhado | Recibo: 2548231 | Marcador origem: ADV | Situacao origem: juridico | Pagina PDF: 05",,"2026-07-16T18:45:57.360752+00:00","2026-07-24T11:18:46.811868+00:00","importacao_cobrancas - 16/07/2026, 15:45",,,"novo","0","0",,,"false","0","0","0","0",,,"502.95","17.35","184.67","0",,"suspenso","em_aberto",,,,
"469b46fc-f352-454e-8e68-420987a944af","e1f6e3ac-1098-4b30-9e0f-af4c47b351a3","9e6fce5a-79cc-4669-bb90-014bb6a8fb86","66218933-6597-45f1-8419-3627d8604499",,"02/2021","2021-02-10","682.97","1608.51","suspenso","Origem: Conversao de Relatorio | Sistema: Hflex / LiveFacilities - Devedores Detalhado | Recibo: 2548220 | Marcador origem: ADV | Situacao origem: juridico | Pagina PDF: 04",,"2026-07-16T18:45:55.62448+00:00","2026-07-24T11:18:46.811868+00:00","importacao_cobrancas - 16/07/2026, 15:45",,,"novo","0","0",,,"false","0","0","0","0",,,"632.11","19.15","274.28","0",,"suspenso","em_aberto",,,,
"490c04a0-3c61-481c-a133-08ad1223e208","e1f6e3ac-1098-4b30-9e0f-af4c47b351a3","9e6fce5a-79cc-4669-bb90-014bb6a8fb86","66218933-6597-45f1-8419-3627d8604499",,"09/2022","2022-09-10","682.97","1192.98","suspenso","Origem: Conversao de Relatorio | Sistema: Hflex / LiveFacilities - Devedores Detalhado | Recibo: 2548244 | Marcador origem: ADV | Situacao origem: juridico | Pagina PDF: 06",,"2026-07-16T18:45:59.688095+00:00","2026-07-24T11:19:16.722725+00:00","importacao_cobrancas - 16/07/2026, 15:45",,,"novo","0","0",,,"false","0","0","0","0",,,"375.21","16.03","118.77","0",,"suspenso","em_aberto",,,,
"4d5507b7-d96b-4703-a05b-767620a3323a","e1f6e3ac-1098-4b30-9e0f-af4c47b351a3","9e6fce5a-79cc-4669-bb90-014bb6a8fb86","66218933-6597-45f1-8419-3627d8604499",,"06/2022","2022-06-10","682.97","1225.86","suspenso","Origem: Conversao de Relatorio | Sistema: Hflex / LiveFacilities - Devedores Detalhado | Recibo: 2548241 | Marcador origem: ADV | Situacao origem: juridico | Pagina PDF: 05",,"2026-07-16T18:45:59.053145+00:00","2026-07-24T11:18:46.811868+00:00","importacao_cobrancas - 16/07/2026, 15:45",,,"novo","0","0",,,"false","0","0","0","0",,,"402.52","16.14","124.23","0",,"suspenso","em_aberto",,,,
"4e73cc3e-2c3f-4d37-8289-a10a5228bb55","e1f6e3ac-1098-4b30-9e0f-af4c47b351a3","94e88712-7875-415f-bfbe-d2bd74461478","388e5ecf-64fb-4185-bf7b-4a0a112fd4f3",,"09/2021","2021-09-05","2220.24","4651.41","novo","Origem: Conversão de Relatório | Sistema: CondoPro/BBZ | Recibo: AE 12923029 | Multa: R$ 44,40 | Correção: R$ 1050,63 | Juros: R$ 1336,14 | Total do Recibo: R$ 4651,41",,"2026-08-17T01:50:05.666052+00:00","2026-08-17T01:50:05.666052+00:00","importacao_cobrancas - 16/08/2026, 22:50",,"6166f2a1-1ca7-4a57-bbab-16b1475c18e1","novo","0","0",,,"false","0","0","0","0",,,"1336.14","44.4","1050.63","0",,"novo","em_aberto",,,,
"55ed04b2-33c7-4c9f-9f34-f394a83902a1","e1f6e3ac-1098-4b30-9e0f-af4c47b351a3","9e6fce5a-79cc-4669-bb90-014bb6a8fb86","66218933-6597-45f1-8419-3627d8604499",,"07/2023","2023-07-10","682.97","1105.28","suspenso","Origem: Conversao de Relatorio | Sistema: Hflex / LiveFacilities - Devedores Detalhado | Recibo: 2548255 | Marcador origem: ADV | Situacao origem: juridico | Pagina PDF: 07",,"2026-07-16T18:46:02.25343+00:00","2026-07-24T11:19:16.722725+00:00","importacao_cobrancas - 16/07/2026, 15:45",,,"novo","0","0",,,"false","0","0","0","0",,,"292.45","15.94","113.92","0",,"suspenso","em_aberto",,,,
"5a770266-8705-4221-8f6a-0144cdb1d89a","e1f6e3ac-1098-4b30-9e0f-af4c47b351a3","9e6fce5a-79cc-4669-bb90-014bb6a8fb86","66218933-6597-45f1-8419-3627d8604499",,"11/2022","2022-11-10","682.97","1176.69","suspenso","Origem: Conversao de Relatorio | Sistema: Hflex / LiveFacilities - Devedores Detalhado | Recibo: 2548246 | Marcador origem: ADV | Situacao origem: juridico | Pagina PDF: 06",,"2026-07-16T18:46:00.10822+00:00","2026-07-24T11:19:16.722725+00:00","importacao_cobrancas - 16/07/2026, 15:45",,,"novo","0","0",,,"false","0","0","0","0",,,"358.92","16.03","118.77","0",,"suspenso","em_aberto",,,,
"5b78974a-5d8d-4fb7-9d87-5a1369296643","e1f6e3ac-1098-4b30-9e0f-af4c47b351a3","18a05e0f-c1c6-43f3-a755-42d188d7034f","05858229-a5d2-41ef-b24a-13bd82bdede1",,"03/2024","2024-03-10","272.65","398.17","suspenso","Origem: Conversão de Relatório | Sistema: Superlógica Condomínios | Recibo: 18828120 | Multa: R$ 5,45 | Correção: R$ 32,49 | Juros: R$ 87,58 | Total do Recibo: R$ 398,17",,"2026-07-23T22:11:24.162224+00:00","2026-07-24T11:19:31.517198+00:00","importacao_cobrancas - 23/07/2026, 19:10",,,"novo","0","0",,,"false","0","0","0","0",,,"87.58","5.45","32.49","0",,"suspenso","em_aberto",,,,
"5cbb3501-d5d0-4698-8948-9905ca92649b","e1f6e3ac-1098-4b30-9e0f-af4c47b351a3","18a05e0f-c1c6-43f3-a755-42d188d7034f","4aff4022-3c4a-4679-847e-05c799758ff3",,"05/2025","2025-05-10","510.29","626.8","novo","Origem: Conversão de Relatório | Sistema: Superlógica Condomínios | Recibo: 17399207 | Multa: R$ 10,21 | Correção: R$ 28,35 | Juros: R$ 77,95 | Total do Recibo: R$ 626,80",,"2026-07-23T22:11:22.533724+00:00","2026-07-24T11:16:59.641771+00:00","importacao_cobrancas - 23/07/2026, 19:10",,,"novo","0","0",,,"false","0","0","0","0",,,"77.95","10.21","28.35","0",,"novo","em_aberto",,,,
"6183e6bf-064b-4c2f-9d4c-dfc29fcb256d","e1f6e3ac-1098-4b30-9e0f-af4c47b351a3","18a05e0f-c1c6-43f3-a755-42d188d7034f","408fa52c-16c9-49bc-a81d-26975dba85c2",,"04/2025","2025-04-10","0.01","0.01","novo","Origem: Conversão de Relatório | Sistema: Superlógica Condomínios | Recibo: 17371389 | Total do Recibo: R$ 0,01",,"2026-07-23T22:11:25.998213+00:00","2026-07-24T11:16:59.641771+00:00","importacao_cobrancas - 23/07/2026, 19:10",,,"novo","0","0",,,"false","0","0","0","0",,,"0","0","0","0",,"novo","em_aberto",,,,
"6c711b02-24f7-48b4-bf17-3b900a9df2c0","e1f6e3ac-1098-4b30-9e0f-af4c47b351a3","9e6fce5a-79cc-4669-bb90-014bb6a8fb86","66218933-6597-45f1-8419-3627d8604499",,"04/2024","2024-04-10","1012.48","1500.5","suspenso","Origem: Conversao de Relatorio | Sistema: Hflex / LiveFacilities - Devedores Detalhado | Recibo: 2677247 | Marcador origem: ADV | Situacao origem: juridico | Pagina PDF: 07",,"2026-07-16T18:46:04.37711+00:00","2026-07-24T11:19:46.458097+00:00","importacao_cobrancas - 16/07/2026, 15:45",,,"novo","0","0",,,"false","0","0","0","0",,,"318.95","23.17","145.9","0",,"suspenso","em_aberto",,,,
"6d282727-a5f5-49dd-a114-7a30b3e5fcc9","e1f6e3ac-1098-4b30-9e0f-af4c47b351a3","18a05e0f-c1c6-43f3-a755-42d188d7034f","ac277e33-f419-4fd2-98e6-4ca42926acc6",,"04/2025","2025-04-10","492.33","612.66","novo","Origem: Conversão de Relatório | Sistema: Superlógica Condomínios | Recibo: 17287439 | Multa: R$ 9,85 | Correção: R$ 29,64 | Juros: R$ 80,84 | Total do Recibo: R$ 612,66",,"2026-07-23T22:11:29.11424+00:00","2026-07-24T11:16:59.641771+00:00","importacao_cobrancas - 23/07/2026, 19:10",,,"novo","0","0",,,"false","0","0","0","0",,,"80.84","9.85","29.64","0",,"novo","em_aberto",,,,
"6dfca4ba-17fd-44a3-9a3f-80825212ac6e","e1f6e3ac-1098-4b30-9e0f-af4c47b351a3","9e6fce5a-79cc-4669-bb90-014bb6a8fb86","66218933-6597-45f1-8419-3627d8604499",,"11/2015","2015-11-10","540.1","2412.21","suspenso","Origem: Conversao de Relatorio | Sistema: Hflex / LiveFacilities - Devedores Detalhado | Recibo: 2548197 | Marcador origem: ADV | Situacao origem: juridico | Pagina PDF: 02",,"2026-07-16T18:45:48.414691+00:00","2026-07-24T11:17:58.110494+00:00","importacao_cobrancas - 16/07/2026, 15:45",,,"novo","0","0",,,"false","0","0","0","0",,,"1351.67","20.8","499.64","0",,"suspenso","em_aberto",,,,
"6fb888af-5463-4899-9a3a-45d3028f8fe9","e1f6e3ac-1098-4b30-9e0f-af4c47b351a3","9e6fce5a-79cc-4669-bb90-014bb6a8fb86","66218933-6597-45f1-8419-3627d8604499",,"11/2025","2025-11-10","968.64","1118.7","novo","Origem: Conversao de Relatorio | Sistema: Hflex / LiveFacilities - Devedores Detalhado | Recibo: 3112713 | Marcador origem: ADV | Situacao origem: juridico | Pagina PDF: 09",,"2026-07-16T18:46:07.112467+00:00","2026-07-24T11:16:59.641771+00:00","importacao_cobrancas - 16/07/2026, 15:45",,,"novo","0","0",,,"false","0","0","0","0",,,"83.56","20.3","46.2","0",,"novo","em_aberto",,,,
"77f19900-2052-4406-a386-80d4afec99cc","e1f6e3ac-1098-4b30-9e0f-af4c47b351a3","9e6fce5a-79cc-4669-bb90-014bb6a8fb86","66218933-6597-45f1-8419-3627d8604499",,"01/2023","2023-01-10","682.97","1155.92","suspenso","Origem: Conversao de Relatorio | Sistema: Hflex / LiveFacilities - Devedores Detalhado | Recibo: 2548248 | Marcador origem: ADV | Situacao origem: juridico | Pagina PDF: 06",,"2026-07-16T18:46:00.72759+00:00","2026-07-24T11:19:16.722725+00:00","importacao_cobrancas - 16/07/2026, 15:45",,,"novo","0","0",,,"false","0","0","0","0",,,"341.29","15.97","115.69","0",,"suspenso","em_aberto",,,,
"77f90241-fa02-4ac8-a450-635e9dcc4f03","e1f6e3ac-1098-4b30-9e0f-af4c47b351a3","9e6fce5a-79cc-4669-bb90-014bb6a8fb86","66218933-6597-45f1-8419-3627d8604499",,"03/2025","2025-03-10","968.64","1213.27","novo","Origem: Conversao de Relatorio | Sistema: Hflex / LiveFacilities - Devedores Detalhado | Recibo: 2953139 | Marcador origem: ADV | Situacao origem: juridico | Pagina PDF: 08",,"2026-07-16T18:46:05.622651+00:00","2026-07-24T11:16:59.641771+00:00","importacao_cobrancas - 16/07/2026, 15:45",,,"novo","0","0",,,"false","0","0","0","0",,,"168.05","20.5","56.08","0",,"novo","em_aberto",,,,
"7b889ae3-0ead-40b5-8443-6cabe0d28f2f","e1f6e3ac-1098-4b30-9e0f-af4c47b351a3","9e6fce5a-79cc-4669-bb90-014bb6a8fb86","66218933-6597-45f1-8419-3627d8604499",,"08/2023","2023-08-10","751.26","1206.75","suspenso","Origem: Conversao de Relatorio | Sistema: Hflex / LiveFacilities - Devedores Detalhado | Recibo: 2548256 | Marcador origem: ADV | Situacao origem: juridico | Pagina PDF: 07",,"2026-07-16T18:46:02.497145+00:00","2026-07-24T11:19:16.722725+00:00","importacao_cobrancas - 16/07/2026, 15:45",,,"novo","0","0",,,"false","0","0","0","0",,,"312.65","17.53","125.31","0",,"suspenso","em_aberto",,,,
"7d6e982c-4cc0-4cdb-878b-c1e6a4e972c4","e1f6e3ac-1098-4b30-9e0f-af4c47b351a3","9e6fce5a-79cc-4669-bb90-014bb6a8fb86","66218933-6597-45f1-8419-3627d8604499",,"08/2019","2019-08-10","682.97","2124.97","suspenso","Origem: Conversao de Relatorio | Sistema: Hflex / LiveFacilities - Devedores Detalhado | Recibo: 2548201 | Marcador origem: ADV | Situacao origem: juridico | Pagina PDF: 03",,"2026-07-16T18:45:50.02256+00:00","2026-07-24T11:17:58.110494+00:00","importacao_cobrancas - 16/07/2026, 15:45",,,"novo","0","0",,,"false","0","0","0","0",,,"961.95","22.81","457.24","0",,"suspenso","em_aberto",,,,
"7ffe5c00-4402-4d04-a0e1-0dc8f102b0e6","e1f6e3ac-1098-4b30-9e0f-af4c47b351a3","9e6fce5a-79cc-4669-bb90-014bb6a8fb86","66218933-6597-45f1-8419-3627d8604499",,"03/2016","2016-03-10","620.88","2661.94","suspenso","Origem: Conversao de Relatorio | Sistema: Hflex / LiveFacilities - Devedores Detalhado | Recibo: 2548198 | Marcador origem: ADV | Situacao origem: juridico | Pagina PDF: 02",,"2026-07-16T18:45:48.765649+00:00","2026-07-24T11:17:58.110494+00:00","importacao_cobrancas - 16/07/2026, 15:45",,,"novo","0","0",,,"false","0","0","0","0",,,"1470.9","23.35","546.81","0",,"suspenso","em_aberto",,,,
"828cbb86-b2ce-4b1c-a55b-f2dc245ee6f7","e1f6e3ac-1098-4b30-9e0f-af4c47b351a3","9e6fce5a-79cc-4669-bb90-014bb6a8fb86","66218933-6597-45f1-8419-3627d8604499",,"05/2021","2021-05-10","682.97","1501.42","suspenso","Origem: Conversao de Relatorio | Sistema: Hflex / LiveFacilities - Devedores Detalhado | Recibo: 2548223 | Marcador origem: ADV | Situacao origem: juridico | Pagina PDF: 04",,"2026-07-16T18:45:56.266382+00:00","2026-07-24T11:18:46.811868+00:00","importacao_cobrancas - 16/07/2026, 15:45",,,"novo","0","0",,,"false","0","0","0","0",,,"573.65","18.19","226.61","0",,"suspenso","em_aberto",,,,
"82aefc90-58c6-4ed2-95d6-717e76168004","e1f6e3ac-1098-4b30-9e0f-af4c47b351a3","9e6fce5a-79cc-4669-bb90-014bb6a8fb86","66218933-6597-45f1-8419-3627d8604499",,"02/2024","2024-02-10","1012.48","1523.65","suspenso","Origem: Conversao de Relatorio | Sistema: Hflex / LiveFacilities - Devedores Detalhado | Recibo: 2629167 | Marcador origem: ADV | Situacao origem: juridico | Pagina PDF: 07",,"2026-07-16T18:46:03.975902+00:00","2026-07-24T11:19:31.517198+00:00","importacao_cobrancas - 16/07/2026, 15:45",,,"novo","0","0",,,"false","0","0","0","0",,,"342.1","23.17","145.9","0",,"suspenso","em_aberto",,,,
"836db9d3-e425-44a2-a10b-af4cb7348d76","e1f6e3ac-1098-4b30-9e0f-af4c47b351a3","18a05e0f-c1c6-43f3-a755-42d188d7034f","7603b84f-29eb-46e0-a539-c29a63a54169",,"06/2025","2025-06-10","0.01","0.01","novo","Origem: Conversão de Relatório | Sistema: Superlógica Condomínios | Recibo: 17563460 | Total do Recibo: R$ 0,01",,"2026-07-23T22:11:26.707322+00:00","2026-07-24T11:16:59.641771+00:00","importacao_cobrancas - 23/07/2026, 19:10",,,"novo","0","0",,,"false","0","0","0","0",,,"0","0","0","0",,"novo","em_aberto",,,,
"8516affe-6580-45f6-b686-551daaef9814","e1f6e3ac-1098-4b30-9e0f-af4c47b351a3","9e6fce5a-79cc-4669-bb90-014bb6a8fb86","66218933-6597-45f1-8419-3627d8604499",,"02/2023","2023-02-10","682.97","1145.62","suspenso","Origem: Conversao de Relatorio | Sistema: Hflex / LiveFacilities - Devedores Detalhado | Recibo: 2548249 | Marcador origem: ADV | Situacao origem: juridico | Pagina PDF: 06",,"2026-07-16T18:46:00.980876+00:00","2026-07-24T11:19:16.722725+00:00","importacao_cobrancas - 16/07/2026, 15:45",,,"novo","0","0",,,"false","0","0","0","0",,,"332.44","15.95","114.26","0",,"suspenso","em_aberto",,,,
"86946a4e-4745-4943-8496-c7f78155acb5","e1f6e3ac-1098-4b30-9e0f-af4c47b351a3","9e6fce5a-79cc-4669-bb90-014bb6a8fb86","66218933-6597-45f1-8419-3627d8604499",,"07/2021","2021-07-10","727.97","1524.85","suspenso","Origem: Conversao de Relatorio | Sistema: Hflex / LiveFacilities - Devedores Detalhado | Recibo: 2548226 | Marcador origem: ADV | Situacao origem: juridico | Pagina PDF: 04",,"2026-07-16T18:45:56.677741+00:00","2026-07-24T11:18:46.811868+00:00","importacao_cobrancas - 16/07/2026, 15:45",,,"novo","0","0",,,"false","0","0","0","0",,,"570.84","18.71","207.33","0",,"suspenso","em_aberto",,,,
"87a2712a-a974-4117-baa0-b60332af8c6c","e1f6e3ac-1098-4b30-9e0f-af4c47b351a3","9e6fce5a-79cc-4669-bb90-014bb6a8fb86","eebdc9c4-9935-4d97-9be2-74944ba1b8f6",,"11/2025","2025-11-10","968.64","1118.7","novo","Origem: Conversao de Relatorio | Sistema: Hflex / LiveFacilities - Devedores Detalhado | Recibo: 3112828 | Marcador origem: ADV | Situacao origem: juridico | Pagina PDF: 14",,"2026-07-16T18:46:09.688071+00:00","2026-07-24T11:16:59.641771+00:00","importacao_cobrancas - 16/07/2026, 15:45",,,"novo","0","0",,,"false","0","0","0","0",,,"83.56","20.3","46.2","0",,"novo","em_aberto",,,,
"8b1f215d-305a-4d0a-9434-e73f59bfb96d","e1f6e3ac-1098-4b30-9e0f-af4c47b351a3","9e6fce5a-79cc-4669-bb90-014bb6a8fb86","66218933-6597-45f1-8419-3627d8604499",,"06/2025","2025-06-10","968.64","1179.16","novo","Origem: Conversao de Relatorio | Sistema: Hflex / LiveFacilities - Devedores Detalhado | Recibo: 3013169 | Marcador origem: ADV | Situacao origem: juridico | Pagina PDF: 08",,"2026-07-16T18:46:06.223346+00:00","2026-07-24T11:16:59.641771+00:00","importacao_cobrancas - 16/07/2026, 15:45",,,"novo","0","0",,,"false","0","0","0","0",,,"136.32","20.44","53.76","0",,"novo","em_aberto",,,,
"8b8b9b9f-b221-42e0-8c9c-8f25a73343e5","e1f6e3ac-1098-4b30-9e0f-af4c47b351a3","18a05e0f-c1c6-43f3-a755-42d188d7034f","ac277e33-f419-4fd2-98e6-4ca42926acc6",,"05/2025","2025-05-10","514.31","631.73","novo","Origem: Conversão de Relatório | Sistema: Superlógica Condomínios | Recibo: 17399249 | Multa: R$ 10,29 | Correção: R$ 28,58 | Juros: R$ 78,55 | Total do Recibo: R$ 631,73",,"2026-07-23T22:11:29.308737+00:00","2026-07-24T11:16:59.641771+00:00","importacao_cobrancas - 23/07/2026, 19:10",,,"novo","0","0",,,"false","0","0","0","0",,,"78.55","10.29","28.58","0",,"novo","em_aberto",,,,
"8c4c5bd8-8fd6-4943-8e08-d0411d273351","e1f6e3ac-1098-4b30-9e0f-af4c47b351a3","9e6fce5a-79cc-4669-bb90-014bb6a8fb86","66218933-6597-45f1-8419-3627d8604499",,"08/2021","2021-08-10","697.97","1443.93","suspenso","Origem: Conversao de Relatorio | Sistema: Hflex / LiveFacilities - Devedores Detalhado | Recibo: 2548227 | Marcador origem: ADV | Situacao origem: juridico | Pagina PDF: 04",,"2026-07-16T18:45:56.920957+00:00","2026-07-24T11:18:46.811868+00:00","importacao_cobrancas - 16/07/2026, 15:45",,,"novo","0","0",,,"false","0","0","0","0",,,"534.79","17.83","193.34","0",,"suspenso","em_aberto",,,,
"8eb9afbc-d5bb-4949-9c92-65823f297f98","e1f6e3ac-1098-4b30-9e0f-af4c47b351a3","9e6fce5a-79cc-4669-bb90-014bb6a8fb86","66218933-6597-45f1-8419-3627d8604499",,"07/2024","2024-07-10","1012.48","1439.61","suspenso","Origem: Conversao de Relatorio | Sistema: Hflex / LiveFacilities - Devedores Detalhado | Recibo: 2760040 | Marcador origem: ADV | Situacao origem: juridico | Pagina PDF: 08",,"2026-07-16T18:46:05.007525+00:00","2026-07-24T11:19:46.458097+00:00","importacao_cobrancas - 16/07/2026, 15:45",,,"novo","0","0",,,"false","0","0","0","0",,,"278.82","22.76","125.55","0",,"suspenso","em_aberto",,,,
"8fa27c6f-4d50-490f-b4e3-cc5c583db5bc","e1f6e3ac-1098-4b30-9e0f-af4c47b351a3","9e6fce5a-79cc-4669-bb90-014bb6a8fb86","66218933-6597-45f1-8419-3627d8604499",,"03/2021","2021-03-10","682.97","1570.69","suspenso","Origem: Conversao de Relatorio | Sistema: Hflex / LiveFacilities - Devedores Detalhado | Recibo: 2548221 | Marcador origem: ADV | Situacao origem: juridico | Pagina PDF: 04",,"2026-07-16T18:45:55.8371+00:00","2026-07-24T11:18:46.811868+00:00","importacao_cobrancas - 16/07/2026, 15:45",,,"novo","0","0",,,"false","0","0","0","0",,,"611.92","18.8","257","0",,"suspenso","em_aberto",,,,
"90c4c097-f113-45f1-ac29-d3ac53cb3839","e1f6e3ac-1098-4b30-9e0f-af4c47b351a3","9e6fce5a-79cc-4669-bb90-014bb6a8fb86","66218933-6597-45f1-8419-3627d8604499",,"08/2025","2025-08-10","968.64","1158.37","novo","Origem: Conversao de Relatorio | Sistema: Hflex / LiveFacilities - Devedores Detalhado | Recibo: 3058170 | Marcador origem: ADV | Situacao origem: juridico | Pagina PDF: 09",,"2026-07-16T18:46:06.696927+00:00","2026-07-24T11:16:59.641771+00:00","importacao_cobrancas - 16/07/2026, 15:45",,,"novo","0","0",,,"false","0","0","0","0",,,"115.53","20.44","53.76","0",,"novo","em_aberto",,,,
"9108f0ec-ca18-4959-976c-e93023ae2283","e1f6e3ac-1098-4b30-9e0f-af4c47b351a3","9e6fce5a-79cc-4669-bb90-014bb6a8fb86","66218933-6597-45f1-8419-3627d8604499",,"01/2021","2021-01-10","682.97","1648.18","suspenso","Origem: Conversao de Relatorio | Sistema: Hflex / LiveFacilities - Devedores Detalhado | Recibo: 2548266 | Marcador origem: ADV | Situacao origem: juridico | Pagina PDF: 04",,"2026-07-16T18:45:55.388214+00:00","2026-07-24T11:18:46.811868+00:00","importacao_cobrancas - 16/07/2026, 15:45",,,"novo","0","0",,,"false","0","0","0","0",,,"653.81","19.5","291.9","0",,"suspenso","em_aberto",,,,
"943f8572-841c-4919-8d3e-85cd1830e916","e1f6e3ac-1098-4b30-9e0f-af4c47b351a3","9e6fce5a-79cc-4669-bb90-014bb6a8fb86","66218933-6597-45f1-8419-3627d8604499",,"10/2022","2022-10-10","682.97","1184.97","suspenso","Origem: Conversao de Relatorio | Sistema: Hflex / LiveFacilities - Devedores Detalhado | Recibo: 2548245 | Marcador origem: ADV | Situacao origem: juridico | Pagina PDF: 06",,"2026-07-16T18:45:59.895475+00:00","2026-07-24T11:19:16.722725+00:00","importacao_cobrancas - 16/07/2026, 15:45",,,"novo","0","0",,,"false","0","0","0","0",,,"367.2","16.03","118.77","0",,"suspenso","em_aberto",,,,
"96799909-fb19-4c4b-a45f-ebe42f95724b","e1f6e3ac-1098-4b30-9e0f-af4c47b351a3","9e6fce5a-79cc-4669-bb90-014bb6a8fb86","66218933-6597-45f1-8419-3627d8604499",,"09/2021","2021-09-10","682.97","1396.61","suspenso","Origem: Conversao de Relatorio | Sistema: Hflex / LiveFacilities - Devedores Detalhado | Recibo: 2548228 | Marcador origem: ADV | Situacao origem: juridico | Pagina PDF: 05",,"2026-07-16T18:45:57.133395+00:00","2026-07-24T11:18:46.811868+00:00","importacao_cobrancas - 16/07/2026, 15:45",,,"novo","0","0",,,"false","0","0","0","0",,,"511.62","17.35","184.67","0",,"suspenso","em_aberto",,,,
"994c5dcd-f175-4f78-a0ca-92cf94f5ff86","e1f6e3ac-1098-4b30-9e0f-af4c47b351a3","18a05e0f-c1c6-43f3-a755-42d188d7034f","7603b84f-29eb-46e0-a539-c29a63a54169",,"05/2025","2025-05-10","0.01","0.01","novo","Origem: Conversão de Relatório | Sistema: Superlógica Condomínios | Recibo: 17475569 | Total do Recibo: R$ 0,01",,"2026-07-23T22:11:26.496219+00:00","2026-07-24T11:16:59.641771+00:00","importacao_cobrancas - 23/07/2026, 19:10",,,"novo","0","0",,,"false","0","0","0","0",,,"0","0","0","0",,"novo","em_aberto",,,,
"99b061b6-3b2e-4315-a808-8bed1be2782a","e1f6e3ac-1098-4b30-9e0f-af4c47b351a3","9e6fce5a-79cc-4669-bb90-014bb6a8fb86","66218933-6597-45f1-8419-3627d8604499",,"11/2023","2023-11-10","750.88","1170.46","suspenso","Origem: Conversao de Relatorio | Sistema: Hflex / LiveFacilities - Devedores Detalhado | Recibo: 2569472 | Marcador origem: ADV | Situacao origem: juridico | Pagina PDF: 07",,"2026-07-16T18:46:03.172359+00:00","2026-07-24T11:19:31.517198+00:00","importacao_cobrancas - 16/07/2026, 15:45",,,"novo","0","0",,,"false","0","0","0","0",,,"283.48","17.39","118.71","0",,"suspenso","em_aberto",,,,
"9ab824ec-4277-4151-8d6a-7c7711cb0feb","e1f6e3ac-1098-4b30-9e0f-af4c47b351a3","9e6fce5a-79cc-4669-bb90-014bb6a8fb86","66218933-6597-45f1-8419-3627d8604499",,"09/2020","2020-09-10","727.97","1947.9","suspenso","Origem: Conversao de Relatorio | Sistema: Hflex / LiveFacilities - Devedores Detalhado | Recibo: 2548215 | Marcador origem: ADV | Situacao origem: juridico | Pagina PDF: 03",,"2026-07-16T18:45:53.800041+00:00","2026-07-24T11:17:58.110494+00:00","importacao_cobrancas - 16/07/2026, 15:45",,,"novo","0","0",,,"false","0","0","0","0",,,"800.31","22.51","397.11","0",,"suspenso","em_aberto",,,,
"9b9c3020-a8d2-4a06-b189-996c1519bb1e","e1f6e3ac-1098-4b30-9e0f-af4c47b351a3","9e6fce5a-79cc-4669-bb90-014bb6a8fb86","66218933-6597-45f1-8419-3627d8604499",,"08/2020","2020-08-10","682.97","1870.96","suspenso","Origem: Conversao de Relatorio | Sistema: Hflex / LiveFacilities - Devedores Detalhado | Recibo: 2548212 | Marcador origem: ADV | Situacao origem: juridico | Pagina PDF: 03",,"2026-07-16T18:45:53.376638+00:00","2026-07-24T11:17:58.110494+00:00","importacao_cobrancas - 16/07/2026, 15:45",,,"novo","0","0",,,"false","0","0","0","0",,,"775.24","21.48","391.27","0",,"suspenso","em_aberto",,,,
"9ca2f023-c866-4d21-ae46-2dc262b92a9c","e1f6e3ac-1098-4b30-9e0f-af4c47b351a3","94e88712-7875-415f-bfbe-d2bd74461478","388e5ecf-64fb-4185-bf7b-4a0a112fd4f3",,"12/2021","2021-12-05","2144.97","4270.82","novo","Origem: Conversão de Relatório | Sistema: CondoPro/BBZ | Recibo: AE 12923032 | Multa: R$ 42,90 | Correção: R$ 857,75 | Juros: R$ 1225,20 | Total do Recibo: R$ 4270,82",,"2026-08-17T01:50:07.899119+00:00","2026-08-17T01:50:07.899119+00:00","importacao_cobrancas - 16/08/2026, 22:50",,"6166f2a1-1ca7-4a57-bbab-16b1475c18e1","novo","0","0",,,"false","0","0","0","0",,,"1225.2","42.9","857.75","0",,"novo","em_aberto",,,,
"a0db1afb-eb45-41ea-9ad0-617c418dc275","e1f6e3ac-1098-4b30-9e0f-af4c47b351a3","18a05e0f-c1c6-43f3-a755-42d188d7034f","80922cdb-6a67-4b8b-910f-91a7077dcdc8",,"06/2025","2025-06-10","0.01","0.01","novo","Origem: Conversão de Relatório | Sistema: Superlógica Condomínios | Recibo: 17563482 | Total do Recibo: R$ 0,01",,"2026-07-23T22:11:25.161315+00:00","2026-07-24T11:16:59.641771+00:00","importacao_cobrancas - 23/07/2026, 19:10",,,"novo","0","0",,,"false","0","0","0","0",,,"0","0","0","0",,"novo","em_aberto",,,,
"a21fdc42-1feb-4c57-b97f-7ee73568c033","e1f6e3ac-1098-4b30-9e0f-af4c47b351a3","9e6fce5a-79cc-4669-bb90-014bb6a8fb86","66218933-6597-45f1-8419-3627d8604499",,"07/2025","2025-07-10","968.64","1168.94","novo","Origem: Conversao de Relatorio | Sistema: Hflex / LiveFacilities - Devedores Detalhado | Recibo: 3034289 | Marcador origem: ADV | Situacao origem: juridico | Pagina PDF: 08",,"2026-07-16T18:46:06.467809+00:00","2026-07-24T11:16:59.641771+00:00","importacao_cobrancas - 16/07/2026, 15:45",,,"novo","0","0",,,"false","0","0","0","0",,,"126.1","20.44","53.76","0",,"novo","em_aberto",,,,
"a2a2a081-8ddb-42fe-a45e-5ce64aa2b093","e1f6e3ac-1098-4b30-9e0f-af4c47b351a3","9e6fce5a-79cc-4669-bb90-014bb6a8fb86","66218933-6597-45f1-8419-3627d8604499",,"03/2024","2024-03-10","1012.48","1512.46","suspenso","Origem: Conversao de Relatorio | Sistema: Hflex / LiveFacilities - Devedores Detalhado | Recibo: 2664832 | Marcador origem: ADV | Situacao origem: juridico | Pagina PDF: 07",,"2026-07-16T18:46:04.172718+00:00","2026-07-24T11:19:31.517198+00:00","importacao_cobrancas - 16/07/2026, 15:45",,,"novo","0","0",,,"false","0","0","0","0",,,"330.91","23.17","145.9","0",,"suspenso","em_aberto",,,,
"a50a773e-70d2-4baa-a822-f01646cdcf7f","e1f6e3ac-1098-4b30-9e0f-af4c47b351a3","9e6fce5a-79cc-4669-bb90-014bb6a8fb86","66218933-6597-45f1-8419-3627d8604499",,"04/2021","2021-04-10","682.97","1527.64","suspenso","Origem: Conversao de Relatorio | Sistema: Hflex / LiveFacilities - Devedores Detalhado | Recibo: 2548222 | Marcador origem: ADV | Situacao origem: juridico | Pagina PDF: 04",,"2026-07-16T18:45:56.040656+00:00","2026-07-24T11:18:46.811868+00:00","importacao_cobrancas - 16/07/2026, 15:45",,,"novo","0","0",,,"false","0","0","0","0",,,"589.35","18.4","236.92","0",,"suspenso","em_aberto",,,,
"a8d27bf5-1917-4555-a5c3-ec0f0c64f407","e1f6e3ac-1098-4b30-9e0f-af4c47b351a3","9e6fce5a-79cc-4669-bb90-014bb6a8fb86","66218933-6597-45f1-8419-3627d8604499",,"06/2020","2020-06-10","682.97","1938.44","suspenso","Origem: Conversao de Relatorio | Sistema: Hflex / LiveFacilities - Devedores Detalhado | Recibo: 2548210 | Marcador origem: ADV | Situacao origem: juridico | Pagina PDF: 03",,"2026-07-16T18:45:52.006018+00:00","2026-07-24T11:17:58.110494+00:00","importacao_cobrancas - 16/07/2026, 15:45",,,"novo","0","0",,,"false","0","0","0","0",,,"816.3","22.01","417.16","0",,"suspenso","em_aberto",,,,
"abaf0d8d-89fd-4a4a-97e5-0a99d5a8699d","e1f6e3ac-1098-4b30-9e0f-af4c47b351a3","9e6fce5a-79cc-4669-bb90-014bb6a8fb86","66218933-6597-45f1-8419-3627d8604499",,"12/2020","2020-12-10","682.97","1669.41","suspenso","Origem: Conversao de Relatorio | Sistema: Hflex / LiveFacilities - Devedores Detalhado | Recibo: 2548218 | Marcador origem: ADV | Situacao origem: juridico | Pagina PDF: 04",,"2026-07-16T18:45:54.973879+00:00","2026-07-24T11:17:58.110494+00:00","importacao_cobrancas - 16/07/2026, 15:45",,,"novo","0","0",,,"false","0","0","0","0",,,"668.35","19.63","298.46","0",,"suspenso","em_aberto",,,,
"acc4814e-0a4d-4135-bc04-795e048a8b9d","e1f6e3ac-1098-4b30-9e0f-af4c47b351a3","18a05e0f-c1c6-43f3-a755-42d188d7034f","4aff4022-3c4a-4679-847e-05c799758ff3",,"12/2025","2025-12-10","558.51","633.32","novo","Origem: Conversão de Relatório | Sistema: Superlógica Condomínios | Recibo: 18099653 | Multa: R$ 11,17 | Correção: R$ 21,10 | Juros: R$ 42,54 | Total do Recibo: R$ 633,32",,"2026-07-23T22:11:22.944803+00:00","2026-07-24T11:16:59.641771+00:00","importacao_cobrancas - 23/07/2026, 19:10",,,"novo","0","0",,,"false","0","0","0","0",,,"42.54","11.17","21.1","0",,"novo","em_aberto",,,,
"ada70100-5ab9-4246-a274-b9b2c7b5b994","e1f6e3ac-1098-4b30-9e0f-af4c47b351a3","9e6fce5a-79cc-4669-bb90-014bb6a8fb86","66218933-6597-45f1-8419-3627d8604499",,"02/2025","2025-02-10","968.64","1235.08","novo","Origem: Conversao de Relatorio | Sistema: Hflex / LiveFacilities - Devedores Detalhado | Recibo: 2942239 | Marcador origem: ADV | Situacao origem: juridico | Pagina PDF: 08",,"2026-07-16T18:46:05.401853+00:00","2026-07-24T11:16:59.641771+00:00","importacao_cobrancas - 16/07/2026, 15:45",,,"novo","0","0",,,"false","0","0","0","0",,,"179.39","20.7","66.35","0",,"novo","em_aberto",,,,
"b2d0ed3a-5ca8-4dd8-84ce-afe538d6d6fd","e1f6e3ac-1098-4b30-9e0f-af4c47b351a3","9e6fce5a-79cc-4669-bb90-014bb6a8fb86","66218933-6597-45f1-8419-3627d8604499",,"02/2020","2020-02-10","682.97","2011.34","suspenso","Origem: Conversao de Relatorio | Sistema: Hflex / LiveFacilities - Devedores Detalhado | Recibo: 2548203 | Marcador origem: ADV | Situacao origem: juridico | Pagina PDF: 03",,"2026-07-16T18:45:50.634982+00:00","2026-07-24T11:17:58.110494+00:00","importacao_cobrancas - 16/07/2026, 15:45",,,"novo","0","0",,,"false","0","0","0","0",,,"873.05","22.32","433","0",,"suspenso","em_aberto",,,,
"b3e97674-1c8a-4320-b5ad-4448d18a4dad","e1f6e3ac-1098-4b30-9e0f-af4c47b351a3","9e6fce5a-79cc-4669-bb90-014bb6a8fb86","66218933-6597-45f1-8419-3627d8604499",,"01/2022","2022-01-10","682.97","1344.95","suspenso","Origem: Conversao de Relatorio | Sistema: Hflex / LiveFacilities - Devedores Detalhado | Recibo: 2548235 | Marcador origem: ADV | Situacao origem: juridico | Pagina PDF: 05",,"2026-07-16T18:45:58.013484+00:00","2026-07-24T11:18:46.811868+00:00","importacao_cobrancas - 16/07/2026, 15:45",,,"novo","0","0",,,"false","0","0","0","0",,,"470.6","17.15","174.23","0",,"suspenso","em_aberto",,,,
"b52ef9bc-fd32-44ce-9816-d23345a79465","e1f6e3ac-1098-4b30-9e0f-af4c47b351a3","9e6fce5a-79cc-4669-bb90-014bb6a8fb86","66218933-6597-45f1-8419-3627d8604499",,"05/2022","2022-05-10","682.97","1239.66","suspenso","Origem: Conversao de Relatorio | Sistema: Hflex / LiveFacilities - Devedores Detalhado | Recibo: 2548240 | Marcador origem: ADV | Situacao origem: juridico | Pagina PDF: 05",,"2026-07-16T18:45:58.829465+00:00","2026-07-24T11:18:46.811868+00:00","importacao_cobrancas - 16/07/2026, 15:45",,,"novo","0","0",,,"false","0","0","0","0",,,"412.68","16.22","127.79","0",,"suspenso","em_aberto",,,,
"b68ef7da-c87b-4d31-ad89-5bf0ca5b8d78","e1f6e3ac-1098-4b30-9e0f-af4c47b351a3","9e6fce5a-79cc-4669-bb90-014bb6a8fb86","66218933-6597-45f1-8419-3627d8604499",,"05/2023","2023-05-10","682.97","1121.49","suspenso","Origem: Conversao de Relatorio | Sistema: Hflex / LiveFacilities - Devedores Detalhado | Recibo: 2548252 | Marcador origem: ADV | Situacao origem: juridico | Pagina PDF: 06",,"2026-07-16T18:46:01.805195+00:00","2026-07-24T11:19:16.722725+00:00","importacao_cobrancas - 16/07/2026, 15:45",,,"novo","0","0",,,"false","0","0","0","0",,,"308.66","15.94","113.92","0",,"suspenso","em_aberto",,,,
"b7ab0e9a-afb1-4aec-b034-50476fd6117d","e1f6e3ac-1098-4b30-9e0f-af4c47b351a3","94e88712-7875-415f-bfbe-d2bd74461478","388e5ecf-64fb-4185-bf7b-4a0a112fd4f3",,"10/2021","2021-10-05","2239.18","4606.32","novo","Origem: Conversão de Relatório | Sistema: CondoPro/BBZ | Recibo: AE 12923030 | Multa: R$ 44,78 | Correção: R$ 997,66 | Juros: R$ 1324,70 | Total do Recibo: R$ 4606,32",,"2026-08-17T01:50:06.537962+00:00","2026-08-17T01:50:06.537962+00:00","importacao_cobrancas - 16/08/2026, 22:50",,"6166f2a1-1ca7-4a57-bbab-16b1475c18e1","novo","0","0",,,"false","0","0","0","0",,,"1324.7","44.78","997.66","0",,"novo","em_aberto",,,,
"be58b863-bfb7-4584-890d-8a8379b991c5","e1f6e3ac-1098-4b30-9e0f-af4c47b351a3","94e88712-7875-415f-bfbe-d2bd74461478","388e5ecf-64fb-4185-bf7b-4a0a112fd4f3",,"01/2022","2022-01-05","2332.4","4580.82","novo","Origem: Conversão de Relatório | Sistema: CondoPro/BBZ | Recibo: AE 12923033 | Multa: R$ 46,65 | Correção: R$ 893,29 | Juros: R$ 1308,48 | Total do Recibo: R$ 4580,82",,"2026-08-17T01:50:08.360073+00:00","2026-08-17T01:50:08.360073+00:00","importacao_cobrancas - 16/08/2026, 22:50",,"6166f2a1-1ca7-4a57-bbab-16b1475c18e1","novo","0","0",,,"false","0","0","0","0",,,"1308.48","46.65","893.29","0",,"novo","em_aberto",,,,
"c027a998-df87-408d-80ad-950a48519fdd","e1f6e3ac-1098-4b30-9e0f-af4c47b351a3","9e6fce5a-79cc-4669-bb90-014bb6a8fb86","66218933-6597-45f1-8419-3627d8604499",,"05/2025","2025-05-10","968.64","1189.73","novo","Origem: Conversao de Relatorio | Sistema: Hflex / LiveFacilities - Devedores Detalhado | Recibo: 3000171 | Marcador origem: ADV | Situacao origem: juridico | Pagina PDF: 08",,"2026-07-16T18:46:06.038607+00:00","2026-07-24T11:16:59.641771+00:00","importacao_cobrancas - 16/07/2026, 15:45",,,"novo","0","0",,,"false","0","0","0","0",,,"146.89","20.44","53.76","0",,"novo","em_aberto",,,,
"c65a7ee4-1f50-461d-ad2a-2701529a3c2f","e1f6e3ac-1098-4b30-9e0f-af4c47b351a3","18a05e0f-c1c6-43f3-a755-42d188d7034f","05858229-a5d2-41ef-b24a-13bd82bdede1",,"08/2024","2024-08-10","591.52","817.55","suspenso","Origem: Conversão de Relatório | Sistema: Superlógica Condomínios | Recibo: 17029341 | Multa: R$ 11,83 | Correção: R$ 60,26 | Juros: R$ 153,94 | Total do Recibo: R$ 817,55",,"2026-07-23T22:11:24.946487+00:00","2026-07-24T11:20:12.191706+00:00","importacao_cobrancas - 23/07/2026, 19:10",,,"novo","0","0",,,"false","0","0","0","0",,,"153.94","11.83","60.26","0",,"suspenso","em_aberto",,,,
"c80a84ef-cec9-4728-8f64-8ff55e2dfd0a","e1f6e3ac-1098-4b30-9e0f-af4c47b351a3","9e6fce5a-79cc-4669-bb90-014bb6a8fb86","66218933-6597-45f1-8419-3627d8604499",,"02/2022","2022-02-10","682.97","1316.71","suspenso","Origem: Conversao de Relatorio | Sistema: Hflex / LiveFacilities - Devedores Detalhado | Recibo: 2548267 | Marcador origem: ADV | Situacao origem: juridico | Pagina PDF: 05",,"2026-07-16T18:45:58.222561+00:00","2026-07-24T11:18:46.811868+00:00","importacao_cobrancas - 16/07/2026, 15:45",,,"novo","0","0",,,"false","0","0","0","0",,,"455.05","16.89","161.8","0",,"suspenso","em_aberto",,,,
"d2b3ddda-b3e8-4b99-9f8f-6dc9aefa75bd","e1f6e3ac-1098-4b30-9e0f-af4c47b351a3","94e88712-7875-415f-bfbe-d2bd74461478","388e5ecf-64fb-4185-bf7b-4a0a112fd4f3",,"11/2021","2021-11-05","2146.65","4337.69","novo","Origem: Conversão de Relatório | Sistema: CondoPro/BBZ | Recibo: AE 12923031 | Multa: R$ 42,93 | Correção: R$ 900,05 | Juros: R$ 1248,06 | Total do Recibo: R$ 4337,69",,"2026-08-17T01:50:07.425791+00:00","2026-08-17T01:50:07.425791+00:00","importacao_cobrancas - 16/08/2026, 22:50",,"6166f2a1-1ca7-4a57-bbab-16b1475c18e1","novo","0","0",,,"false","0","0","0","0",,,"1248.06","42.93","900.05","0",,"novo","em_aberto",,,,
"d37d9d9f-0d22-46e6-a247-1512a8e38dec","e1f6e3ac-1098-4b30-9e0f-af4c47b351a3","9e6fce5a-79cc-4669-bb90-014bb6a8fb86","66218933-6597-45f1-8419-3627d8604499",,"08/2018","2018-08-10","682.97","2369.89","suspenso","Origem: Conversao de Relatorio | Sistema: Hflex / LiveFacilities - Devedores Detalhado | Recibo: 2548268 | Marcador origem: ADV | Situacao origem: juridico | Pagina PDF: 02",,"2026-07-16T18:45:49.615342+00:00","2026-07-24T11:17:58.110494+00:00","importacao_cobrancas - 16/07/2026, 15:45",,,"novo","0","0",,,"false","0","0","0","0",,,"1152.32","23.87","510.73","0",,"suspenso","em_aberto",,,,
"d3d9ef0a-ac46-4901-8f5b-9f8f07479203","e1f6e3ac-1098-4b30-9e0f-af4c47b351a3","9e6fce5a-79cc-4669-bb90-014bb6a8fb86","66218933-6597-45f1-8419-3627d8604499",,"03/2022","2022-03-10","682.97","1289.47","suspenso","Origem: Conversao de Relatorio | Sistema: Hflex / LiveFacilities - Devedores Detalhado | Recibo: 2548237 | Marcador origem: ADV | Situacao origem: juridico | Pagina PDF: 05",,"2026-07-16T18:45:58.413254+00:00","2026-07-24T11:18:46.811868+00:00","importacao_cobrancas - 16/07/2026, 15:45",,,"novo","0","0",,,"false","0","0","0","0",,,"440.55","16.65","149.3","0",,"suspenso","em_aberto",,,,
"d4a3704a-fe0e-4cc8-8962-27ee10d5d467","e1f6e3ac-1098-4b30-9e0f-af4c47b351a3","9e6fce5a-79cc-4669-bb90-014bb6a8fb86","66218933-6597-45f1-8419-3627d8604499",,"09/2023","2023-09-10","750.88","1197.08","suspenso","Origem: Conversao de Relatorio | Sistema: Hflex / LiveFacilities - Devedores Detalhado | Recibo: 2511651 | Marcador origem: ADV | Situacao origem: juridico | Pagina PDF: 07",,"2026-07-16T18:46:02.732836+00:00","2026-07-24T11:19:16.722725+00:00","importacao_cobrancas - 16/07/2026, 15:45",,,"novo","0","0",,,"false","0","0","0","0",,,"303.43","17.53","125.24","0",,"suspenso","em_aberto",,,,
"d808d6e6-6ed0-41d5-989a-093c297ed035","e1f6e3ac-1098-4b30-9e0f-af4c47b351a3","18a05e0f-c1c6-43f3-a755-42d188d7034f","4aff4022-3c4a-4679-847e-05c799758ff3",,"02/2025","2025-02-10","472.25","609.11","novo","Origem: Conversão de Relatório | Sistema: Superlógica Condomínios | Recibo: 17133104 | Multa: R$ 9,45 | Correção: R$ 38,02 | Juros: R$ 89,39 | Total do Recibo: R$ 609,11",,"2026-07-23T22:11:22.131889+00:00","2026-07-24T11:16:59.641771+00:00","importacao_cobrancas - 23/07/2026, 19:10",,,"novo","0","0",,,"false","0","0","0","0",,,"89.39","9.45","38.02","0",,"novo","em_aberto",,,,
"d82592d4-90a7-43ce-8baa-db5d1fb526c8","e1f6e3ac-1098-4b30-9e0f-af4c47b351a3","9e6fce5a-79cc-4669-bb90-014bb6a8fb86","66218933-6597-45f1-8419-3627d8604499",,"11/2020","2020-11-10","682.97","1717.55","suspenso","Origem: Conversao de Relatorio | Sistema: Hflex / LiveFacilities - Devedores Detalhado | Recibo: 2548217 | Marcador origem: ADV | Situacao origem: juridico | Pagina PDF: 04",,"2026-07-16T18:45:54.587593+00:00","2026-07-24T11:17:58.110494+00:00","importacao_cobrancas - 16/07/2026, 15:45",,,"novo","0","0",,,"false","0","0","0","0",,,"693.64","20.08","320.86","0",,"suspenso","em_aberto",,,,
"dd4cbda5-51e5-486e-8c38-e61624baed50","e1f6e3ac-1098-4b30-9e0f-af4c47b351a3","18a05e0f-c1c6-43f3-a755-42d188d7034f","ac277e33-f419-4fd2-98e6-4ca42926acc6",,"03/2025","2025-03-10","469.24","592.74","novo","Origem: Conversão de Relatório | Sistema: Superlógica Condomínios | Recibo: 17214301 | Multa: R$ 9,38 | Correção: R$ 31,49 | Juros: R$ 82,63 | Total do Recibo: R$ 592,74",,"2026-07-23T22:11:28.932595+00:00","2026-07-24T11:16:59.641771+00:00","importacao_cobrancas - 23/07/2026, 19:10",,,"novo","0","0",,,"false","0","0","0","0",,,"82.63","9.38","31.49","0",,"novo","em_aberto",,,,
"dde16f61-67aa-4f8a-ad59-f3cb509a1155","e1f6e3ac-1098-4b30-9e0f-af4c47b351a3","18a05e0f-c1c6-43f3-a755-42d188d7034f","05858229-a5d2-41ef-b24a-13bd82bdede1",,"06/2024","2024-06-10","497.16","701.88","suspenso","Origem: Conversão de Relatório | Sistema: Superlógica Condomínios | Recibo: 17029340 | Multa: R$ 9,94 | Correção: R$ 53,51 | Juros: R$ 141,27 | Total do Recibo: R$ 701,88",,"2026-07-23T22:11:24.758311+00:00","2026-07-24T11:19:46.458097+00:00","importacao_cobrancas - 23/07/2026, 19:10",,,"novo","0","0",,,"false","0","0","0","0",,,"141.27","9.94","53.51","0",,"suspenso","em_aberto",,,,
"dee69b30-47b9-47d0-818e-37824d194960","e1f6e3ac-1098-4b30-9e0f-af4c47b351a3","9e6fce5a-79cc-4669-bb90-014bb6a8fb86","66218933-6597-45f1-8419-3627d8604499",,"12/2021","2021-12-10","742.97","1482.92","suspenso","Origem: Conversao de Relatorio | Sistema: Hflex / LiveFacilities - Devedores Detalhado | Recibo: 2548234 | Marcador origem: ADV | Situacao origem: juridico | Pagina PDF: 05",,"2026-07-16T18:45:57.789163+00:00","2026-07-24T11:18:46.811868+00:00","importacao_cobrancas - 16/07/2026, 15:45",,,"novo","0","0",,,"false","0","0","0","0",,,"525.18","18.78","195.99","0",,"suspenso","em_aberto",,,,
"e258d3ce-683f-4e59-a1e8-4cefbee63d64","e1f6e3ac-1098-4b30-9e0f-af4c47b351a3","18a05e0f-c1c6-43f3-a755-42d188d7034f","7603b84f-29eb-46e0-a539-c29a63a54169",,"11/2025","2025-11-10","0.01","0.01","novo","Origem: Conversão de Relatório | Sistema: Superlógica Condomínios | Recibo: 18061554 | Total do Recibo: R$ 0,01",,"2026-07-23T22:11:26.891921+00:00","2026-07-24T11:16:59.641771+00:00","importacao_cobrancas - 23/07/2026, 19:10",,,"novo","0","0",,,"false","0","0","0","0",,,"0","0","0","0",,"novo","em_aberto",,,,
"e5084290-cf18-42ae-9140-4af962fd1b4c","e1f6e3ac-1098-4b30-9e0f-af4c47b351a3","9e6fce5a-79cc-4669-bb90-014bb6a8fb86","66218933-6597-45f1-8419-3627d8604499",,"10/2023","2023-10-10","750.88","1184.55","suspenso","Origem: Conversao de Relatorio | Sistema: Hflex / LiveFacilities - Devedores Detalhado | Recibo: 2547383 | Marcador origem: ADV | Situacao origem: juridico | Pagina PDF: 07",,"2026-07-16T18:46:02.959444+00:00","2026-07-24T11:19:31.517198+00:00","importacao_cobrancas - 16/07/2026, 15:45",,,"novo","0","0",,,"false","0","0","0","0",,,"293.73","17.47","122.47","0",,"suspenso","em_aberto",,,,
"e55dc243-607d-490f-a82c-d92ea146eb02","e1f6e3ac-1098-4b30-9e0f-af4c47b351a3","9e6fce5a-79cc-4669-bb90-014bb6a8fb86","66218933-6597-45f1-8419-3627d8604499",,"09/2015","2015-09-10","540.1","2469.26","suspenso","Origem: Conversao de Relatorio | Sistema: Hflex / LiveFacilities - Devedores Detalhado | Recibo: 2548196 | Marcador origem: ADV | Situacao origem: juridico | Pagina PDF: 02",,"2026-07-16T18:45:48.032105+00:00","2026-07-24T11:17:58.110494+00:00","importacao_cobrancas - 16/07/2026, 15:45",,,"novo","0","0",,,"false","0","0","0","0",,,"1393.07","21.1","514.99","0",,"suspenso","em_aberto",,,,
"ea5349ef-5c97-4d03-9bea-337ea4bd653f","e1f6e3ac-1098-4b30-9e0f-af4c47b351a3","9e6fce5a-79cc-4669-bb90-014bb6a8fb86","66218933-6597-45f1-8419-3627d8604499",,"04/2020","2020-04-10","682.97","1973.95","suspenso","Origem: Conversao de Relatorio | Sistema: Hflex / LiveFacilities - Devedores Detalhado | Recibo: 2548206 | Marcador origem: ADV | Situacao origem: juridico | Pagina PDF: 03",,"2026-07-16T18:45:51.234347+00:00","2026-07-24T11:17:58.110494+00:00","importacao_cobrancas - 16/07/2026, 15:45",,,"novo","0","0",,,"false","0","0","0","0",,,"844.29","22.15","424.54","0",,"suspenso","em_aberto",,,,
"ef46cf8d-a789-4615-87dc-908c4590e8bf","e1f6e3ac-1098-4b30-9e0f-af4c47b351a3","9e6fce5a-79cc-4669-bb90-014bb6a8fb86","66218933-6597-45f1-8419-3627d8604499",,"02/2018","2018-02-10","682.97","2512.32","suspenso","Origem: Conversao de Relatorio | Sistema: Hflex / LiveFacilities - Devedores Detalhado | Recibo: 2548199 | Marcador origem: ADV | Situacao origem: juridico | Pagina PDF: 02",,"2026-07-16T18:45:49.177561+00:00","2026-07-24T11:17:58.110494+00:00","importacao_cobrancas - 16/07/2026, 15:45",,,"novo","0","0",,,"false","0","0","0","0",,,"1259.64","24.56","545.15","0",,"suspenso","em_aberto",,,,
"f09bf73b-cd2c-40e7-afef-918633face88","e1f6e3ac-1098-4b30-9e0f-af4c47b351a3","9e6fce5a-79cc-4669-bb90-014bb6a8fb86","66218933-6597-45f1-8419-3627d8604499",,"05/2024","2024-05-10","1012.48","1484.87","suspenso","Origem: Conversao de Relatorio | Sistema: Hflex / LiveFacilities - Devedores Detalhado | Recibo: 2698192 | Marcador origem: ADV | Situacao origem: juridico | Pagina PDF: 08",,"2026-07-16T18:46:04.598163+00:00","2026-07-24T11:19:46.458097+00:00","importacao_cobrancas - 16/07/2026, 15:45",,,"novo","0","0",,,"false","0","0","0","0",,,"306.53","23.1","142.76","0",,"suspenso","em_aberto",,,,
"f1a28c01-5992-4d85-807e-e8f6596c5d28","e1f6e3ac-1098-4b30-9e0f-af4c47b351a3","9e6fce5a-79cc-4669-bb90-014bb6a8fb86","66218933-6597-45f1-8419-3627d8604499",,"04/2022","2022-04-10","682.97","1262.57","suspenso","Origem: Conversao de Relatorio | Sistema: Hflex / LiveFacilities - Devedores Detalhado | Recibo: 2548238 | Marcador origem: ADV | Situacao origem: juridico | Pagina PDF: 05",,"2026-07-16T18:45:58.642315+00:00","2026-07-24T11:18:46.811868+00:00","importacao_cobrancas - 16/07/2026, 15:45",,,"novo","0","0",,,"false","0","0","0","0",,,"425.78","16.41","137.41","0",,"suspenso","em_aberto",,,,
"f1e1f988-7290-4c58-aff0-92241b8a3dc8","e1f6e3ac-1098-4b30-9e0f-af4c47b351a3","9e6fce5a-79cc-4669-bb90-014bb6a8fb86","66218933-6597-45f1-8419-3627d8604499",,"12/2023","2023-12-10","750.88","1155.87","suspenso","Origem: Conversao de Relatorio | Sistema: Hflex / LiveFacilities - Devedores Detalhado | Recibo: 2593444 | Marcador origem: ADV | Situacao origem: juridico | Pagina PDF: 07",,"2026-07-16T18:46:03.409762+00:00","2026-07-24T11:19:31.517198+00:00","importacao_cobrancas - 16/07/2026, 15:45",,,"novo","0","0",,,"false","0","0","0","0",,,"273.4","17.3","114.29","0",,"suspenso","em_aberto",,,,
"f430a644-7d01-45e5-8c8a-924a8a3d3a81","e1f6e3ac-1098-4b30-9e0f-af4c47b351a3","9e6fce5a-79cc-4669-bb90-014bb6a8fb86","66218933-6597-45f1-8419-3627d8604499",,"11/2021","2021-11-10","682.97","1372.03","suspenso","Origem: Conversao de Relatorio | Sistema: Hflex / LiveFacilities - Devedores Detalhado | Recibo: 2548233 | Marcador origem: ADV | Situacao origem: juridico | Pagina PDF: 05",,"2026-07-16T18:45:57.579429+00:00","2026-07-24T11:18:46.811868+00:00","importacao_cobrancas - 16/07/2026, 15:45",,,"novo","0","0",,,"false","0","0","0","0",,,"491.49","17.26","180.31","0",,"suspenso","em_aberto",,,,
"fcd901e7-55f7-49eb-984e-8741af0e3bb0","e1f6e3ac-1098-4b30-9e0f-af4c47b351a3","9e6fce5a-79cc-4669-bb90-014bb6a8fb86","66218933-6597-45f1-8419-3627d8604499",,"06/2024","2024-06-10","1012.48","1461.44","suspenso","Origem: Conversao de Relatorio | Sistema: Hflex / LiveFacilities - Devedores Detalhado | Recibo: 2726498 | Marcador origem: ADV | Situacao origem: juridico | Pagina PDF: 08",,"2026-07-16T18:46:04.784881+00:00","2026-07-24T11:19:46.458097+00:00","importacao_cobrancas - 16/07/2026, 15:45",,,"novo","0","0",,,"false","0","0","0","0",,,"292.29","22.92","133.75","0",,"suspenso","em_aberto",,,,
"fd3bd2d4-e9fa-4940-9064-eea2c76db4cb","e1f6e3ac-1098-4b30-9e0f-af4c47b351a3","18a05e0f-c1c6-43f3-a755-42d188d7034f","ac277e33-f419-4fd2-98e6-4ca42926acc6",,"02/2025","2025-02-10","475.96","613.87","novo","Origem: Conversão de Relatório | Sistema: Superlógica Condomínios | Recibo: 17133146 | Multa: R$ 9,52 | Correção: R$ 38,30 | Juros: R$ 90,09 | Total do Recibo: R$ 613,87",,"2026-07-23T22:11:28.750762+00:00","2026-07-24T11:16:59.641771+00:00","importacao_cobrancas - 23/07/2026, 19:10",,,"novo","0","0",,,"false","0","0","0","0",,,"90.09","9.52","38.3","0",,"novo","em_aberto",,,,
"fd659422-c7d0-44e4-982a-f5556c68e116","e1f6e3ac-1098-4b30-9e0f-af4c47b351a3","9e6fce5a-79cc-4669-bb90-014bb6a8fb86","66218933-6597-45f1-8419-3627d8604499",,"07/2022","2022-07-10","682.97","1211.71","suspenso","Origem: Conversao de Relatorio | Sistema: Hflex / LiveFacilities - Devedores Detalhado | Recibo: 2548242 | Marcador origem: ADV | Situacao origem: juridico | Pagina PDF: 05",,"2026-07-16T18:45:59.250652+00:00","2026-07-24T11:19:16.722725+00:00","importacao_cobrancas - 16/07/2026, 15:45",,,"novo","0","0",,,"false","0","0","0","0",,,"392.48","16.06","120.2","0",,"suspenso","em_aberto",,,,
"fe5e4ea9-2b31-4310-8746-2fb85688f370","e1f6e3ac-1098-4b30-9e0f-af4c47b351a3","9e6fce5a-79cc-4669-bb90-014bb6a8fb86","66218933-6597-45f1-8419-3627d8604499",,"06/2021","2021-06-10","712.97","1509.58","suspenso","Origem: Conversao de Relatorio | Sistema: Hflex / LiveFacilities - Devedores Detalhado | Recibo: 2548225 | Marcador origem: ADV | Situacao origem: juridico | Pagina PDF: 04",,"2026-07-16T18:45:56.461779+00:00","2026-07-24T11:18:46.811868+00:00","importacao_cobrancas - 16/07/2026, 15:45",,,"novo","0","0",,,"false","0","0","0","0",,,"570.89","18.4","207.32","0",,"suspenso","em_aberto",,,,
"ffd95e8d-c4cd-4343-aaa0-5ce904138091","e1f6e3ac-1098-4b30-9e0f-af4c47b351a3","9e6fce5a-79cc-4669-bb90-014bb6a8fb86","66218933-6597-45f1-8419-3627d8604499",,"04/2025","2025-04-10","968.64","1202.69","novo","Origem: Conversao de Relatorio | Sistema: Hflex / LiveFacilities - Devedores Detalhado | Recibo: 2989312 | Marcador origem: ADV | Situacao origem: juridico | Pagina PDF: 08",,"2026-07-16T18:46:05.807353+00:00","2026-07-24T11:16:59.641771+00:00","importacao_cobrancas - 16/07/2026, 15:45",,,"novo","0","0",,,"false","0","0","0","0",,,"157.47","20.5","56.08","0",,"novo","em_aberto",,,,
"1ab330d2-bebc-4edd-b8b7-e1d4e62fff06","e1f6e3ac-1098-4b30-9e0f-af4c47b351a3","94e88712-7875-415f-bfbe-d2bd74461478","388e5ecf-64fb-4185-bf7b-4a0a112fd4f3",,"02/2022","2022-02-05","2312.71","4482.79","novo","Origem: Conversão de Relatório | Sistema: CondoPro/BBZ | Recibo: AE 12923034 | Multa: R$ 46,25 | Correção: R$ 849,99 | Juros: R$ 1273,84 | Total do Recibo: R$ 4482,79",,"2026-08-17T01:50:09.050758+00:00","2026-08-17T01:50:09.050758+00:00","importacao_cobrancas - 16/08/2026, 22:50",,"6166f2a1-1ca7-4a57-bbab-16b1475c18e1","novo","0","0",,,"false","0","0","0","0",,,"1273.84","46.25","849.99","0",,"novo","em_aberto",,,,
"53dfb625-5bf8-4407-88fe-f0a7a1b9f7b8","e1f6e3ac-1098-4b30-9e0f-af4c47b351a3","94e88712-7875-415f-bfbe-d2bd74461478","388e5ecf-64fb-4185-bf7b-4a0a112fd4f3",,"07/2022","2022-07-05","2820.63","5042.26","novo","Origem: Conversão de Relatório | Sistema: CondoPro/BBZ | Recibo: AE 12923039 | Multa: R$ 56,41 | Correção: R$ 755,47 | Juros: R$ 1409,75 | Total do Recibo: R$ 5042,26",,"2026-08-17T01:50:11.969799+00:00","2026-08-17T01:50:11.969799+00:00","importacao_cobrancas - 16/08/2026, 22:50",,"6166f2a1-1ca7-4a57-bbab-16b1475c18e1","novo","0","0",,,"false","0","0","0","0",,,"1409.75","56.41","755.47","0",,"novo","em_aberto",,,,
"3447105b-68e8-4a99-996c-29cd7d022573","e1f6e3ac-1098-4b30-9e0f-af4c47b351a3","94e88712-7875-415f-bfbe-d2bd74461478","388e5ecf-64fb-4185-bf7b-4a0a112fd4f3",,"12/2022","2022-12-05","2839.11","4923.91","novo","Origem: Conversão de Relatório | Sistema: CondoPro/BBZ | Recibo: AE 12923044 | Multa: R$ 56,78 | Correção: R$ 753,82 | Juros: R$ 1274,20 | Total do Recibo: R$ 4923,91",,"2026-08-17T01:50:14.458418+00:00","2026-08-17T01:50:14.458418+00:00","importacao_cobrancas - 16/08/2026, 22:50",,"6166f2a1-1ca7-4a57-bbab-16b1475c18e1","novo","0","0",,,"false","0","0","0","0",,,"1274.2","56.78","753.82","0",,"novo","em_aberto",,,,
"08de566f-6c48-4dd9-8cda-d277c23fb150","e1f6e3ac-1098-4b30-9e0f-af4c47b351a3","94e88712-7875-415f-bfbe-d2bd74461478","388e5ecf-64fb-4185-bf7b-4a0a112fd4f3",,"01/2023","2023-01-05","2763.88","4727.51","novo","Origem: Conversão de Relatório | Sistema: CondoPro/BBZ | Recibo: AE 12923045 | Multa: R$ 55,28 | Correção: R$ 696,12 | Juros: R$ 1212,23 | Total do Recibo: R$ 4727,51",,"2026-08-17T01:50:14.901234+00:00","2026-08-17T01:50:14.901234+00:00","importacao_cobrancas - 16/08/2026, 22:50",,"6166f2a1-1ca7-4a57-bbab-16b1475c18e1","novo","0","0",,,"false","0","0","0","0",,,"1212.23","55.28","696.12","0",,"novo","em_aberto",,,,
"31e607b3-e4b5-473b-95e8-fecc7a0fbc26","e1f6e3ac-1098-4b30-9e0f-af4c47b351a3","94e88712-7875-415f-bfbe-d2bd74461478","388e5ecf-64fb-4185-bf7b-4a0a112fd4f3",,"06/2023","2023-06-05","2973.53","4775.06","novo","Origem: Conversão de Relatório | Sistema: CondoPro/BBZ | Recibo: AE 12923050 | Multa: R$ 59,47 | Correção: R$ 589,51 | Juros: R$ 1152,55 | Total do Recibo: R$ 4775,06",,"2026-08-17T01:50:17.854756+00:00","2026-08-17T01:50:17.854756+00:00","importacao_cobrancas - 16/08/2026, 22:50",,"6166f2a1-1ca7-4a57-bbab-16b1475c18e1","novo","0","0",,,"false","0","0","0","0",,,"1152.55","59.47","589.51","0",,"novo","em_aberto",,,,
"25f2f667-c0f0-4472-8e8a-2108a89ba147","e1f6e3ac-1098-4b30-9e0f-af4c47b351a3","94e88712-7875-415f-bfbe-d2bd74461478","388e5ecf-64fb-4185-bf7b-4a0a112fd4f3",,"11/2023","2023-11-05","3031.64","4680.77","novo","Origem: Conversão de Relatório | Sistema: CondoPro/BBZ | Recibo: AE 12923330 | Multa: R$ 60,63 | Correção: R$ 568,04 | Juros: R$ 1020,46 | Total do Recibo: R$ 4680,77",,"2026-08-17T01:50:20.329948+00:00","2026-08-17T01:50:20.329948+00:00","importacao_cobrancas - 16/08/2026, 22:50",,"6166f2a1-1ca7-4a57-bbab-16b1475c18e1","novo","0","0",,,"false","0","0","0","0",,,"1020.46","60.63","568.04","0",,"novo","em_aberto",,,,
"8a6e5a97-26cc-47ab-b005-752e0bfdc2f7","e1f6e3ac-1098-4b30-9e0f-af4c47b351a3","94e88712-7875-415f-bfbe-d2bd74461478","889f4055-ce42-47a0-9a5d-712ca2a5dd55",,"07/2023","2023-07-05","2792.47","4456.27","novo","Origem: Conversão de Relatório | Sistema: CondoPro/BBZ | Recibo: J 12923072 | Multa: R$ 55,85 | Correção: R$ 554,07 | Juros: R$ 1053,88 | Total do Recibo: R$ 4456,27",,"2026-08-17T01:50:24.853872+00:00","2026-08-17T01:50:24.853872+00:00","importacao_cobrancas - 16/08/2026, 22:50",,"6166f2a1-1ca7-4a57-bbab-16b1475c18e1","novo","0","0",,,"false","0","0","0","0",,,"1053.88","55.85","554.07","0",,"novo","em_aberto",,,,
"18188f86-dd3d-4255-98ac-86dad2062c5e","e1f6e3ac-1098-4b30-9e0f-af4c47b351a3","94e88712-7875-415f-bfbe-d2bd74461478","388e5ecf-64fb-4185-bf7b-4a0a112fd4f3",,"11/2022","2022-11-05","2839.11","4976.94","novo","Origem: Conversão de Relatório | Sistema: CondoPro/BBZ | Recibo: AE 12923043 | Multa: R$ 56,78 | Correção: R$ 777,90 | Juros: R$ 1303,15 | Total do Recibo: R$ 4976,94",,"2026-08-17T01:50:13.961771+00:00","2026-08-17T01:50:13.961771+00:00","importacao_cobrancas - 16/08/2026, 22:50",,"6166f2a1-1ca7-4a57-bbab-16b1475c18e1","novo","0","0",,,"false","0","0","0","0",,,"1303.15","56.78","777.9","0",,"novo","em_aberto",,,,
"a21db82f-7a0d-4bc6-8a65-d83dfce2af33","e1f6e3ac-1098-4b30-9e0f-af4c47b351a3","94e88712-7875-415f-bfbe-d2bd74461478","388e5ecf-64fb-4185-bf7b-4a0a112fd4f3",,"02/2023","2023-02-05","2830.53","4785.66","novo","Origem: Conversão de Relatório | Sistema: CondoPro/BBZ | Recibo: AE 12923046 | Multa: R$ 56,61 | Correção: R$ 685,91 | Juros: R$ 1212,61 | Total do Recibo: R$ 4785,66",,"2026-08-17T01:50:15.536012+00:00","2026-08-17T01:50:15.536012+00:00","importacao_cobrancas - 16/08/2026, 22:50",,"6166f2a1-1ca7-4a57-bbab-16b1475c18e1","novo","0","0",,,"false","0","0","0","0",,,"1212.61","56.61","685.91","0",,"novo","em_aberto",,,,
"9ba5083b-c22f-4bf0-94e0-76ac84fc2156","e1f6e3ac-1098-4b30-9e0f-af4c47b351a3","94e88712-7875-415f-bfbe-d2bd74461478","388e5ecf-64fb-4185-bf7b-4a0a112fd4f3",,"07/2023","2023-07-05","3014.64","4810.8","novo","Origem: Conversão de Relatório | Sistema: CondoPro/BBZ | Recibo: AE 12923069 | Multa: R$ 60,29 | Correção: R$ 598,14 | Juros: R$ 1137,73 | Total do Recibo: R$ 4810,80",,"2026-08-17T01:50:18.307091+00:00","2026-08-17T01:50:18.307091+00:00","importacao_cobrancas - 16/08/2026, 22:50",,"6166f2a1-1ca7-4a57-bbab-16b1475c18e1","novo","0","0",,,"false","0","0","0","0",,,"1137.73","60.29","598.14","0",,"novo","em_aberto",,,,
"4090bbc3-b7db-44ef-8ff0-fda7a211ba24","e1f6e3ac-1098-4b30-9e0f-af4c47b351a3","94e88712-7875-415f-bfbe-d2bd74461478","388e5ecf-64fb-4185-bf7b-4a0a112fd4f3",,"09/2023","2023-09-05","3084.25","4844.71","novo","Origem: Conversão de Relatório | Sistema: CondoPro/BBZ | Recibo: AE 12923070 | Multa: R$ 61,69 | Correção: R$ 597,69 | Juros: R$ 1101,08 | Total do Recibo: R$ 4844,71",,"2026-08-17T01:50:19.25677+00:00","2026-08-17T01:50:19.25677+00:00","importacao_cobrancas - 16/08/2026, 22:50",,"6166f2a1-1ca7-4a57-bbab-16b1475c18e1","novo","0","0",,,"false","0","0","0","0",,,"1101.08","61.69","597.69","0",,"novo","em_aberto",,,,
"55efed2d-831a-413a-b248-af6f68647b2b","e1f6e3ac-1098-4b30-9e0f-af4c47b351a3","94e88712-7875-415f-bfbe-d2bd74461478","388e5ecf-64fb-4185-bf7b-4a0a112fd4f3",,"10/2023","2023-10-05","3104.41","4834.93","novo","Origem: Conversão de Relatório | Sistema: CondoPro/BBZ | Recibo: AE 12923071 | Multa: R$ 62,09 | Correção: R$ 591,82 | Juros: R$ 1076,61 | Total do Recibo: R$ 4834,93",,"2026-08-17T01:50:19.719974+00:00","2026-08-17T01:50:19.719974+00:00","importacao_cobrancas - 16/08/2026, 22:50",,"6166f2a1-1ca7-4a57-bbab-16b1475c18e1","novo","0","0",,,"false","0","0","0","0",,,"1076.61","62.09","591.82","0",,"novo","em_aberto",,,,
"f115b626-00ab-4f89-a117-9c305beb7356","e1f6e3ac-1098-4b30-9e0f-af4c47b351a3","94e88712-7875-415f-bfbe-d2bd74461478","012c385a-0351-42b5-9719-a27ddb2f6d7b",,"03/2024","2024-03-05","2805.31","4116.89","novo","Origem: Conversão de Relatório | Sistema: CondoPro/BBZ | Recibo: J 13224893 | Multa: R$ 56,11 | Correção: R$ 425,66 | Juros: R$ 829,81 | Total do Recibo: R$ 4116,89",,"2026-08-17T01:50:26.743034+00:00","2026-08-17T01:50:26.743034+00:00","importacao_cobrancas - 16/08/2026, 22:50",,"6166f2a1-1ca7-4a57-bbab-16b1475c18e1","novo","0","0",,,"false","0","0","0","0",,,"829.81","56.11","425.66","0",,"novo","em_aberto",,,,
"872bd1ab-9f24-45fc-be61-f37979f90b93","e1f6e3ac-1098-4b30-9e0f-af4c47b351a3","94e88712-7875-415f-bfbe-d2bd74461478","388e5ecf-64fb-4185-bf7b-4a0a112fd4f3",,"03/2022","2022-03-05","2312.71","4409.59","novo","Origem: Conversão de Relatório | Sistema: CondoPro/BBZ | Recibo: AE 12923035 | Multa: R$ 46,25 | Correção: R$ 800,37 | Juros: R$ 1250,26 | Total do Recibo: R$ 4409,59",,"2026-08-17T01:50:09.510408+00:00","2026-08-17T01:50:09.510408+00:00","importacao_cobrancas - 16/08/2026, 22:50",,"6166f2a1-1ca7-4a57-bbab-16b1475c18e1","novo","0","0",,,"false","0","0","0","0",,,"1250.26","46.25","800.37","0",,"novo","em_aberto",,,,
"b2225623-b1ae-40c5-aba4-c7a75c254cfb","e1f6e3ac-1098-4b30-9e0f-af4c47b351a3","94e88712-7875-415f-bfbe-d2bd74461478","388e5ecf-64fb-4185-bf7b-4a0a112fd4f3",,"04/2022","2022-04-05","2260.47","4209.82","novo","Origem: Conversão de Relatório | Sistema: CondoPro/BBZ | Recibo: AE 12923036 | Multa: R$ 45,21 | Correção: R$ 705,19 | Juros: R$ 1198,95 | Total do Recibo: R$ 4209,82",,"2026-08-17T01:50:09.984317+00:00","2026-08-17T01:50:09.984317+00:00","importacao_cobrancas - 16/08/2026, 22:50",,"6166f2a1-1ca7-4a57-bbab-16b1475c18e1","novo","0","0",,,"false","0","0","0","0",,,"1198.95","45.21","705.19","0",,"novo","em_aberto",,,,
"ff5e4327-3714-4b6d-be4c-2124f5d7cb92","e1f6e3ac-1098-4b30-9e0f-af4c47b351a3","94e88712-7875-415f-bfbe-d2bd74461478","388e5ecf-64fb-4185-bf7b-4a0a112fd4f3",,"08/2022","2022-08-05","2866.16","5120.01","novo","Origem: Conversão de Relatório | Sistema: CondoPro/BBZ | Recibo: AE 12923040 | Multa: R$ 57,32 | Correção: R$ 793,25 | Juros: R$ 1403,28 | Total do Recibo: R$ 5120,01",,"2026-08-17T01:50:12.44345+00:00","2026-08-17T01:50:12.44345+00:00","importacao_cobrancas - 16/08/2026, 22:50",,"6166f2a1-1ca7-4a57-bbab-16b1475c18e1","novo","0","0",,,"false","0","0","0","0",,,"1403.28","57.32","793.25","0",,"novo","em_aberto",,,,
"5889704f-6dfa-4ee4-a7c5-d32cf002b09b","e1f6e3ac-1098-4b30-9e0f-af4c47b351a3","94e88712-7875-415f-bfbe-d2bd74461478","388e5ecf-64fb-4185-bf7b-4a0a112fd4f3",,"05/2023","2023-05-05","2983.49","4843.13","novo","Origem: Conversão de Relatório | Sistema: CondoPro/BBZ | Recibo: AE 12923049 | Multa: R$ 59,67 | Correção: R$ 613,14 | Juros: R$ 1186,83 | Total do Recibo: R$ 4843,13",,"2026-08-17T01:50:17.263658+00:00","2026-08-17T01:50:17.263658+00:00","importacao_cobrancas - 16/08/2026, 22:50",,"6166f2a1-1ca7-4a57-bbab-16b1475c18e1","novo","0","0",,,"false","0","0","0","0",,,"1186.83","59.67","613.14","0",,"novo","em_aberto",,,,
"43da6bd6-cc45-44eb-8b49-6fbb27b97694","e1f6e3ac-1098-4b30-9e0f-af4c47b351a3","94e88712-7875-415f-bfbe-d2bd74461478","388e5ecf-64fb-4185-bf7b-4a0a112fd4f3",,"12/2023","2023-12-05","3029.87","4638.2","novo","Origem: Conversão de Relatório | Sistema: CondoPro/BBZ | Recibo: AE 12976492 | Multa: R$ 60,60 | Correção: R$ 558,79 | Juros: R$ 988,94 | Total do Recibo: R$ 4638,20",,"2026-08-17T01:50:20.940336+00:00","2026-08-17T01:50:20.940336+00:00","importacao_cobrancas - 16/08/2026, 22:50",,"6166f2a1-1ca7-4a57-bbab-16b1475c18e1","novo","0","0",,,"false","0","0","0","0",,,"988.94","60.6","558.79","0",,"novo","em_aberto",,,,
"2713ee74-339b-4154-8d8f-56e390f932e4","e1f6e3ac-1098-4b30-9e0f-af4c47b351a3","94e88712-7875-415f-bfbe-d2bd74461478","388e5ecf-64fb-4185-bf7b-4a0a112fd4f3",,"01/2024","2024-01-05","2505.63","3785.82","novo","Origem: Conversão de Relatório | Sistema: CondoPro/BBZ | Recibo: AE 13049668 | Multa: R$ 50,11 | Correção: R$ 437,79 | Juros: R$ 792,29 | Total do Recibo: R$ 3785,82",,"2026-08-17T01:50:21.667699+00:00","2026-08-17T01:50:21.667699+00:00","importacao_cobrancas - 16/08/2026, 22:50",,"6166f2a1-1ca7-4a57-bbab-16b1475c18e1","novo","0","0",,,"false","0","0","0","0",,,"792.29","50.11","437.79","0",,"novo","em_aberto",,,,
"71de2eb7-2293-4614-a0b0-4e7d0498831e","e1f6e3ac-1098-4b30-9e0f-af4c47b351a3","94e88712-7875-415f-bfbe-d2bd74461478","388e5ecf-64fb-4185-bf7b-4a0a112fd4f3",,"04/2024","2024-04-05","2796.92","4065.03","novo","Origem: Conversão de Relatório | Sistema: CondoPro/BBZ | Recibo: AE 13299647 | Multa: R$ 55,94 | Correção: R$ 413,37 | Juros: R$ 798,80 | Total do Recibo: R$ 4065,03",,"2026-08-17T01:50:23.612003+00:00","2026-08-17T01:50:23.612003+00:00","importacao_cobrancas - 16/08/2026, 22:50",,"6166f2a1-1ca7-4a57-bbab-16b1475c18e1","novo","0","0",,,"false","0","0","0","0",,,"798.8","55.94","413.37","0",,"novo","em_aberto",,,,
"9fb33e0e-21bb-47e4-b6ef-e9c003044dc1","e1f6e3ac-1098-4b30-9e0f-af4c47b351a3","94e88712-7875-415f-bfbe-d2bd74461478","388e5ecf-64fb-4185-bf7b-4a0a112fd4f3",,"05/2022","2022-05-05","2260.59","4139.31","novo","Origem: Conversão de Relatório | Sistema: CondoPro/BBZ | Recibo: AE 12923037 | Multa: R$ 45,21 | Correção: R$ 657,54 | Juros: R$ 1175,97 | Total do Recibo: R$ 4139,31",,"2026-08-17T01:50:10.648824+00:00","2026-08-17T01:50:10.648824+00:00","importacao_cobrancas - 16/08/2026, 22:50",,"6166f2a1-1ca7-4a57-bbab-16b1475c18e1","novo","0","0",,,"false","0","0","0","0",,,"1175.97","45.21","657.54","0",,"novo","em_aberto",,,,
"9d6c2da2-d169-45c0-b858-282d82f1a028","e1f6e3ac-1098-4b30-9e0f-af4c47b351a3","94e88712-7875-415f-bfbe-d2bd74461478","388e5ecf-64fb-4185-bf7b-4a0a112fd4f3",,"09/2022","2022-09-05","2921.42","5199.56","novo","Origem: Conversão de Relatório | Sistema: CondoPro/BBZ | Recibo: AE 12923041 | Multa: R$ 58,43 | Correção: R$ 819,19 | Juros: R$ 1400,52 | Total do Recibo: R$ 5199,56",,"2026-08-17T01:50:13.033004+00:00","2026-08-17T01:50:13.033004+00:00","importacao_cobrancas - 16/08/2026, 22:50",,"6166f2a1-1ca7-4a57-bbab-16b1475c18e1","novo","0","0",,,"false","0","0","0","0",,,"1400.52","58.43","819.19","0",,"novo","em_aberto",,,,
"d1b52440-7ce3-403b-b593-54d1fb044d95","e1f6e3ac-1098-4b30-9e0f-af4c47b351a3","94e88712-7875-415f-bfbe-d2bd74461478","388e5ecf-64fb-4185-bf7b-4a0a112fd4f3",,"04/2023","2023-04-05","3057.99","5026.27","novo","Origem: Conversão de Relatório | Sistema: CondoPro/BBZ | Recibo: AE 12923048 | Multa: R$ 61,16 | Correção: R$ 659,47 | Juros: R$ 1247,65 | Total do Recibo: R$ 5026,27",,"2026-08-17T01:50:16.796956+00:00","2026-08-17T01:50:16.796956+00:00","importacao_cobrancas - 16/08/2026, 22:50",,"6166f2a1-1ca7-4a57-bbab-16b1475c18e1","novo","0","0",,,"false","0","0","0","0",,,"1247.65","61.16","659.47","0",,"novo","em_aberto",,,,
"f0f01f1b-810a-441c-85c3-fdd65a508aaf","e1f6e3ac-1098-4b30-9e0f-af4c47b351a3","94e88712-7875-415f-bfbe-d2bd74461478","388e5ecf-64fb-4185-bf7b-4a0a112fd4f3",,"03/2024","2024-03-05","2805.31","4116.89","novo","Origem: Conversão de Relatório | Sistema: CondoPro/BBZ | Recibo: AE 13224862 | Multa: R$ 56,11 | Correção: R$ 425,66 | Juros: R$ 829,81 | Total do Recibo: R$ 4116,89",,"2026-08-17T01:50:23.154952+00:00","2026-08-17T01:50:23.154952+00:00","importacao_cobrancas - 16/08/2026, 22:50",,"6166f2a1-1ca7-4a57-bbab-16b1475c18e1","novo","0","0",,,"false","0","0","0","0",,,"829.81","56.11","425.66","0",,"novo","em_aberto",,,,
"83fea4d7-9c9b-4f09-aaab-93bef7cab7f3","e1f6e3ac-1098-4b30-9e0f-af4c47b351a3","94e88712-7875-415f-bfbe-d2bd74461478","388e5ecf-64fb-4185-bf7b-4a0a112fd4f3",,"05/2024","2024-05-05","2758.26","3962.86","novo","Origem: Conversão de Relatório | Sistema: CondoPro/BBZ | Recibo: AE 13386444 | Multa: R$ 55,17 | Correção: R$ 389,81 | Juros: R$ 759,62 | Total do Recibo: R$ 3962,86",,"2026-08-17T01:50:24.05151+00:00","2026-08-17T01:50:24.05151+00:00","importacao_cobrancas - 16/08/2026, 22:50",,"6166f2a1-1ca7-4a57-bbab-16b1475c18e1","novo","0","0",,,"false","0","0","0","0",,,"759.62","55.17","389.81","0",,"novo","em_aberto",,,,
"ac64fb45-1bc0-49bf-85fa-8a86988150f1","e1f6e3ac-1098-4b30-9e0f-af4c47b351a3","94e88712-7875-415f-bfbe-d2bd74461478","388e5ecf-64fb-4185-bf7b-4a0a112fd4f3",,"06/2022","2022-06-05","2329.25","4217.82","novo","Origem: Conversão de Relatório | Sistema: CondoPro/BBZ | Recibo: AE 12923038 | Multa: R$ 46,59 | Correção: R$ 654,05 | Juros: R$ 1187,93 | Total do Recibo: R$ 4217,82",,"2026-08-17T01:50:11.312677+00:00","2026-08-17T01:50:11.312677+00:00","importacao_cobrancas - 16/08/2026, 22:50",,"6166f2a1-1ca7-4a57-bbab-16b1475c18e1","novo","0","0",,,"false","0","0","0","0",,,"1187.93","46.59","654.05","0",,"novo","em_aberto",,,,
"ff71e896-34b6-4c01-bc0a-f88133a70abf","e1f6e3ac-1098-4b30-9e0f-af4c47b351a3","94e88712-7875-415f-bfbe-d2bd74461478","388e5ecf-64fb-4185-bf7b-4a0a112fd4f3",,"10/2022","2022-10-05","2851.74","5057.21","novo","Origem: Conversão de Relatório | Sistema: CondoPro/BBZ | Recibo: AE 12923042 | Multa: R$ 57,03 | Correção: R$ 810,40 | Juros: R$ 1338,04 | Total do Recibo: R$ 5057,21",,"2026-08-17T01:50:13.499702+00:00","2026-08-17T01:50:13.499702+00:00","importacao_cobrancas - 16/08/2026, 22:50",,"6166f2a1-1ca7-4a57-bbab-16b1475c18e1","novo","0","0",,,"false","0","0","0","0",,,"1338.04","57.03","810.4","0",,"novo","em_aberto",,,,
"3ea5ab52-82ef-48e8-aec2-9f5b624025ad","e1f6e3ac-1098-4b30-9e0f-af4c47b351a3","94e88712-7875-415f-bfbe-d2bd74461478","388e5ecf-64fb-4185-bf7b-4a0a112fd4f3",,"03/2023","2023-03-05","3042.64","5069.02","novo","Origem: Conversão de Relatório | Sistema: CondoPro/BBZ | Recibo: AE 12923047 | Multa: R$ 60,85 | Correção: R$ 693,09 | Juros: R$ 1272,44 | Total do Recibo: R$ 5069,02",,"2026-08-17T01:50:16.381193+00:00","2026-08-17T01:50:16.381193+00:00","importacao_cobrancas - 16/08/2026, 22:50",,"6166f2a1-1ca7-4a57-bbab-16b1475c18e1","novo","0","0",,,"false","0","0","0","0",,,"1272.44","60.85","693.09","0",,"novo","em_aberto",,,,
"88723ca8-b16e-4add-86b0-1b5076f47eb7","e1f6e3ac-1098-4b30-9e0f-af4c47b351a3","94e88712-7875-415f-bfbe-d2bd74461478","388e5ecf-64fb-4185-bf7b-4a0a112fd4f3",,"08/2023","2023-08-05","3051.22","4837.99","novo","Origem: Conversão de Relatório | Sistema: CondoPro/BBZ | Recibo: AE 12923052 | Multa: R$ 61,02 | Correção: R$ 605,34 | Juros: R$ 1120,41 | Total do Recibo: R$ 4837,99",,"2026-08-17T01:50:18.78221+00:00","2026-08-17T01:50:18.78221+00:00","importacao_cobrancas - 16/08/2026, 22:50",,"6166f2a1-1ca7-4a57-bbab-16b1475c18e1","novo","0","0",,,"false","0","0","0","0",,,"1120.41","61.02","605.34","0",,"novo","em_aberto",,,,
"1f4d1602-137d-4810-807e-b19c3633299a","e1f6e3ac-1098-4b30-9e0f-af4c47b351a3","94e88712-7875-415f-bfbe-d2bd74461478","388e5ecf-64fb-4185-bf7b-4a0a112fd4f3",,"02/2024","2024-02-05","2470.1","3682.65","novo","Origem: Conversão de Relatório | Sistema: CondoPro/BBZ | Recibo: AE 13133018 | Multa: R$ 49,40 | Correção: R$ 407,29 | Juros: R$ 755,86 | Total do Recibo: R$ 3682,65",,"2026-08-17T01:50:22.28427+00:00","2026-08-17T01:50:22.28427+00:00","importacao_cobrancas - 16/08/2026, 22:50",,"6166f2a1-1ca7-4a57-bbab-16b1475c18e1","novo","0","0",,,"false","0","0","0","0",,,"755.86","49.4","407.29","0",,"novo","em_aberto",,,,
"c276eaf3-e10b-4da1-8018-e2f466ed07cf","e1f6e3ac-1098-4b30-9e0f-af4c47b351a3","e0c3e623-3b32-4499-b649-20564da4cb8f","16eb2f5e-43d8-435d-81bd-9d6f475627c0",,"11/2020","2020-11-10","905.5","1545.81","suspenso","Origem: Conversão de Relatório | Sistema: Moema Flat | Recibo: 12900 | Multa: R$ 18,11 | Juros: R$ 622,20 | Composição origem: Competência 10/2020 · atraso 2074 dias | Total do Recibo: R$ 1545,81",,"2026-07-23T22:10:28.6111+00:00","2026-07-24T11:17:58.110494+00:00","importacao_cobrancas - 23/07/2026, 19:07",,,"novo","0","0",,,"false","0","0","0","0",,,"622.2","18.11","0","0",,"suspenso","em_aberto",,,,
"867417a5-63da-441a-a951-324ea3ab3f58","e1f6e3ac-1098-4b30-9e0f-af4c47b351a3","e0c3e623-3b32-4499-b649-20564da4cb8f","16eb2f5e-43d8-435d-81bd-9d6f475627c0",,"02/2018","2018-02-05","1450","2958.84","suspenso","Origem: Conversão de Relatório | Sistema: Moema Flat | Recibo: 8370 | Multa: R$ 29,00 | Juros: R$ 1479,84 | Composição origem: Competência 02/2018 · atraso 30 dias | Total do Recibo: R$ 2958,84",,"2026-07-23T22:10:24.064328+00:00","2026-07-24T11:17:58.110494+00:00","importacao_cobrancas - 23/07/2026, 19:07",,,"novo","0","0",,,"false","0","0","0","0",,,"1479.84","29","0","0",,"suspenso","em_aberto",,,,
"282bfa0a-73d7-4392-9a15-27b463c6b3df","e1f6e3ac-1098-4b30-9e0f-af4c47b351a3","e0c3e623-3b32-4499-b649-20564da4cb8f","16eb2f5e-43d8-435d-81bd-9d6f475627c0",,"09/2020","2020-09-10","952","1632.89","suspenso","Origem: Conversão de Relatório | Sistema: Moema Flat | Recibo: 11500 | Multa: R$ 19,04 | Juros: R$ 661,85 | Composição origem: Competência 08/2020 · atraso 2135 dias | Total do Recibo: R$ 1632,89",,"2026-07-23T22:10:28.180205+00:00","2026-07-24T11:17:58.110494+00:00","importacao_cobrancas - 23/07/2026, 19:07",,,"novo","0","0",,,"false","0","0","0","0",,,"661.85","19.04","0","0",,"suspenso","em_aberto",,,,
"e226d40e-3a1d-428b-8d07-d3531c1b5f67","e1f6e3ac-1098-4b30-9e0f-af4c47b351a3","e0c3e623-3b32-4499-b649-20564da4cb8f","16eb2f5e-43d8-435d-81bd-9d6f475627c0",,"02/2018","2018-02-25","365","739.86","suspenso","Origem: Conversão de Relatório | Sistema: Moema Flat | Recibo: 6373 | Multa: R$ 7,30 | Juros: R$ 367,56 | Composição origem: Competência 06/2017 · atraso 30 dias | Total do Recibo: R$ 739,86",,"2026-07-23T22:10:24.447793+00:00","2026-07-24T11:17:58.110494+00:00","importacao_cobrancas - 23/07/2026, 19:07",,,"novo","0","0",,,"false","0","0","0","0",,,"367.56","7.3","0","0",,"suspenso","em_aberto",,,,
"48698a2c-ede1-4279-aa3a-a67b196140e7","e1f6e3ac-1098-4b30-9e0f-af4c47b351a3","e0c3e623-3b32-4499-b649-20564da4cb8f","16eb2f5e-43d8-435d-81bd-9d6f475627c0",,"10/2020","2020-10-10","954","1625.63","suspenso","Origem: Conversão de Relatório | Sistema: Moema Flat | Recibo: 12122 | Multa: R$ 19,08 | Juros: R$ 652,55 | Composição origem: Competência 09/2020 · atraso 2105 dias | Total do Recibo: R$ 1625,63",,"2026-07-23T22:10:28.407125+00:00","2026-07-24T11:17:58.110494+00:00","importacao_cobrancas - 23/07/2026, 19:07",,,"novo","0","0",,,"false","0","0","0","0",,,"652.55","19.08","0","0",,"suspenso","em_aberto",,,,
"8e63d11a-3edd-4fc1-a039-1a0d60102b32","e1f6e3ac-1098-4b30-9e0f-af4c47b351a3","e0c3e623-3b32-4499-b649-20564da4cb8f","16eb2f5e-43d8-435d-81bd-9d6f475627c0",,"12/2020","2020-12-10","1074.33","1811.22","suspenso","Origem: Conversão de Relatório | Sistema: Moema Flat | Recibo: 14340 | Multa: R$ 21,49 | Juros: R$ 715,40 | Composição origem: Competência 12/2020 · atraso 2044 dias | Total do Recibo: R$ 1811,22",,"2026-07-23T22:10:28.821478+00:00","2026-07-24T11:17:58.110494+00:00","importacao_cobrancas - 23/07/2026, 19:07",,,"novo","0","0",,,"false","0","0","0","0",,,"715.4","21.49","0","0",,"suspenso","em_aberto",,,,
"8b383e55-4fd0-4392-b84d-2526d3127e3a","e1f6e3ac-1098-4b30-9e0f-af4c47b351a3","e0c3e623-3b32-4499-b649-20564da4cb8f","16eb2f5e-43d8-435d-81bd-9d6f475627c0",,"12/2017","2017-12-15","174.58","366.17","suspenso","Origem: Conversão de Relatório | Sistema: Moema Flat | Recibo: 3565 | Multa: R$ 3,49 | Juros: R$ 188,10 | Composição origem: Competência 12/2017 · atraso 31 dias | Total do Recibo: R$ 366,17",,"2026-07-23T22:10:23.200125+00:00","2026-07-24T11:17:58.110494+00:00","importacao_cobrancas - 23/07/2026, 19:07",,,"novo","0","0",,,"false","0","0","0","0",,,"188.1","3.49","0","0",,"suspenso","em_aberto",,,,
"c6a22815-f20a-4ec0-a9d1-0ee73dc1fb35","e1f6e3ac-1098-4b30-9e0f-af4c47b351a3","e0c3e623-3b32-4499-b649-20564da4cb8f","16eb2f5e-43d8-435d-81bd-9d6f475627c0",,"01/2018","2018-01-25","184.08","373.4","suspenso","Origem: Conversão de Relatório | Sistema: Moema Flat | Recibo: 9469 | Multa: R$ 3,68 | Juros: R$ 185,64 | Composição origem: Competência 06/2017 · atraso 30 dias | Total do Recibo: R$ 373,40",,"2026-07-23T22:10:23.766987+00:00","2026-07-24T11:17:58.110494+00:00","importacao_cobrancas - 23/07/2026, 19:07",,,"novo","0","0",,,"false","0","0","0","0",,,"185.64","3.68","0","0",,"suspenso","em_aberto",,,,
"3c9d4bca-dcc1-4ae3-8da6-0a3502c54c08","e1f6e3ac-1098-4b30-9e0f-af4c47b351a3","e0c3e623-3b32-4499-b649-20564da4cb8f","16eb2f5e-43d8-435d-81bd-9d6f475627c0",,"04/2018","2018-04-05","1450","2930.52","suspenso","Origem: Conversão de Relatório | Sistema: Moema Flat | Recibo: 2477 | Multa: R$ 29,00 | Juros: R$ 1451,52 | Composição origem: Competência 04/2018 · atraso 30 dias | Total do Recibo: R$ 2930,52",,"2026-07-23T22:10:25.501564+00:00","2026-07-24T11:17:58.110494+00:00","importacao_cobrancas - 23/07/2026, 19:07",,,"novo","0","0",,,"false","0","0","0","0",,,"1451.52","29","0","0",,"suspenso","em_aberto",,,,
"2debf86a-bddc-4a10-9a99-b5557f3dc2da","e1f6e3ac-1098-4b30-9e0f-af4c47b351a3","e0c3e623-3b32-4499-b649-20564da4cb8f","16eb2f5e-43d8-435d-81bd-9d6f475627c0",,"06/2018","2018-06-05","1450","2901.24","suspenso","Origem: Conversão de Relatório | Sistema: Moema Flat | Recibo: 6380 | Multa: R$ 29,00 | Juros: R$ 1422,24 | Composição origem: Competência 06/2018 · atraso 29 dias | Total do Recibo: R$ 2901,24",,"2026-07-23T22:10:26.165252+00:00","2026-07-24T11:17:58.110494+00:00","importacao_cobrancas - 23/07/2026, 19:07",,,"novo","0","0",,,"false","0","0","0","0",,,"1422.24","29","0","0",,"suspenso","em_aberto",,,,
"b9862a1d-aa95-48cb-9032-a1c63325f667","e1f6e3ac-1098-4b30-9e0f-af4c47b351a3","e0c3e623-3b32-4499-b649-20564da4cb8f","16eb2f5e-43d8-435d-81bd-9d6f475627c0",,"09/2018","2018-09-05","1450","2857.08","suspenso","Origem: Conversão de Relatório | Sistema: Moema Flat | Recibo: 7183 | Multa: R$ 29,00 | Juros: R$ 1378,08 | Composição origem: Competência 09/2018 · atraso 28 dias | Total do Recibo: R$ 2857,08",,"2026-07-23T22:10:26.793043+00:00","2026-07-24T11:17:58.110494+00:00","importacao_cobrancas - 23/07/2026, 19:07",,,"novo","0","0",,,"false","0","0","0","0",,,"1378.08","29","0","0",,"suspenso","em_aberto",,,,
"8b207153-8596-402b-824e-191161740324","e1f6e3ac-1098-4b30-9e0f-af4c47b351a3","e0c3e623-3b32-4499-b649-20564da4cb8f","16eb2f5e-43d8-435d-81bd-9d6f475627c0",,"12/2018","2018-12-05","1450","2813.4","suspenso","Origem: Conversão de Relatório | Sistema: Moema Flat | Recibo: 8086 | Multa: R$ 29,00 | Juros: R$ 1334,40 | Composição origem: Competência 12/2018 · atraso 27 dias | Total do Recibo: R$ 2813,40",,"2026-07-23T22:10:27.50911+00:00","2026-07-24T11:17:58.110494+00:00","importacao_cobrancas - 23/07/2026, 19:07",,,"novo","0","0",,,"false","0","0","0","0",,,"1334.4","29","0","0",,"suspenso","em_aberto",,,,
"1b3a7ca7-9c7f-4cb7-bea7-257ec574f0fc","e1f6e3ac-1098-4b30-9e0f-af4c47b351a3","e0c3e623-3b32-4499-b649-20564da4cb8f","16eb2f5e-43d8-435d-81bd-9d6f475627c0",,"01/2018","2018-01-05","1450","2973.72","suspenso","Origem: Conversão de Relatório | Sistema: Moema Flat | Recibo: 1466 | Multa: R$ 29,00 | Juros: R$ 1494,72 | Composição origem: Competência 01/2018 · atraso 31 dias | Total do Recibo: R$ 2973,72",,"2026-07-23T22:10:23.383961+00:00","2026-07-24T11:17:58.110494+00:00","importacao_cobrancas - 23/07/2026, 19:07",,,"novo","0","0",,,"false","0","0","0","0",,,"1494.72","29","0","0",,"suspenso","em_aberto",,,,
"53735cdc-0ab5-4bba-9020-bcdc44c0d063","e1f6e3ac-1098-4b30-9e0f-af4c47b351a3","e0c3e623-3b32-4499-b649-20564da4cb8f","16eb2f5e-43d8-435d-81bd-9d6f475627c0",,"03/2018","2018-03-05","1450","2945.4","suspenso","Origem: Conversão de Relatório | Sistema: Moema Flat | Recibo: 5575 | Multa: R$ 29,00 | Juros: R$ 1466,40 | Composição origem: Competência 03/2018 · atraso 30 dias | Total do Recibo: R$ 2945,40",,"2026-07-23T22:10:24.947061+00:00","2026-07-24T11:17:58.110494+00:00","importacao_cobrancas - 23/07/2026, 19:07",,,"novo","0","0",,,"false","0","0","0","0",,,"1466.4","29","0","0",,"suspenso","em_aberto",,,,
"022d2894-2d4f-47b6-ae0b-b3c9468612e4","e1f6e3ac-1098-4b30-9e0f-af4c47b351a3","e0c3e623-3b32-4499-b649-20564da4cb8f","16eb2f5e-43d8-435d-81bd-9d6f475627c0",,"04/2018","2018-04-25","1266.65","2553.66","suspenso","Origem: Conversão de Relatório | Sistema: Moema Flat | Recibo: 0478 | Multa: R$ 25,33 | Juros: R$ 1261,68 | Composição origem: Competência 12/2018 · atraso 30 dias | Total do Recibo: R$ 2553,66",,"2026-07-23T22:10:25.716101+00:00","2026-07-24T11:17:58.110494+00:00","importacao_cobrancas - 23/07/2026, 19:07",,,"novo","0","0",,,"false","0","0","0","0",,,"1261.68","25.33","0","0",,"suspenso","em_aberto",,,,
"8fb6ad30-ebdf-485e-bfed-ebbbd04f3ad8","e1f6e3ac-1098-4b30-9e0f-af4c47b351a3","e0c3e623-3b32-4499-b649-20564da4cb8f","16eb2f5e-43d8-435d-81bd-9d6f475627c0",,"07/2018","2018-07-05","1450","2886.84","suspenso","Origem: Conversão de Relatório | Sistema: Moema Flat | Recibo: 3381 | Multa: R$ 29,00 | Juros: R$ 1407,84 | Composição origem: Competência 07/2018 · atraso 29 dias | Total do Recibo: R$ 2886,84",,"2026-07-23T22:10:26.374926+00:00","2026-07-24T11:17:58.110494+00:00","importacao_cobrancas - 23/07/2026, 19:07",,,"novo","0","0",,,"false","0","0","0","0",,,"1407.84","29","0","0",,"suspenso","em_aberto",,,,
"d5863e84-4892-43d4-be19-e6cffced37b0","e1f6e3ac-1098-4b30-9e0f-af4c47b351a3","e0c3e623-3b32-4499-b649-20564da4cb8f","16eb2f5e-43d8-435d-81bd-9d6f475627c0",,"10/2018","2018-10-05","1450","2842.68","suspenso","Origem: Conversão de Relatório | Sistema: Moema Flat | Recibo: 4184 | Multa: R$ 29,00 | Juros: R$ 1363,68 | Composição origem: Competência 10/2018 · atraso 28 dias | Total do Recibo: R$ 2842,68",,"2026-07-23T22:10:26.998597+00:00","2026-07-24T11:17:58.110494+00:00","importacao_cobrancas - 23/07/2026, 19:07",,,"novo","0","0",,,"false","0","0","0","0",,,"1363.68","29","0","0",,"suspenso","em_aberto",,,,
"a0b5fe00-7092-4cb1-8a9e-de2b59f91072","e1f6e3ac-1098-4b30-9e0f-af4c47b351a3","e0c3e623-3b32-4499-b649-20564da4cb8f","16eb2f5e-43d8-435d-81bd-9d6f475627c0",,"07/2020","2020-07-10","358.79","629.61","suspenso","Origem: Conversão de Relatório | Sistema: Moema Flat | Recibo: 10178 | Multa: R$ 7,18 | Juros: R$ 263,64 | Composição origem: Competência 07/2020 · atraso 2197 dias | Total do Recibo: R$ 629,61",,"2026-07-23T22:10:27.728872+00:00","2026-07-24T11:17:58.110494+00:00","importacao_cobrancas - 23/07/2026, 19:07",,,"novo","0","0",,,"false","0","0","0","0",,,"263.64","7.18","0","0",,"suspenso","em_aberto",,,,
"e8313971-859a-454b-a4d9-612f4d599426","e1f6e3ac-1098-4b30-9e0f-af4c47b351a3","e0c3e623-3b32-4499-b649-20564da4cb8f","16eb2f5e-43d8-435d-81bd-9d6f475627c0",,"12/2017","2017-12-05","1231.75","2545.84","suspenso","Origem: Conversão de Relatório | Sistema: Moema Flat | Recibo: 4564 | Multa: R$ 24,64 | Juros: R$ 1289,45 | Composição origem: Competência 12/2017 · atraso 31 dias | Total do Recibo: R$ 2545,84",,"2026-07-23T22:10:22.972908+00:00","2026-07-24T11:17:58.110494+00:00","importacao_cobrancas - 23/07/2026, 19:07",,,"novo","0","0",,,"false","0","0","0","0",,,"1289.45","24.64","0","0",,"suspenso","em_aberto",,,,
"44d1e8d3-e949-49fb-b313-aac4e007ba33","e1f6e3ac-1098-4b30-9e0f-af4c47b351a3","e0c3e623-3b32-4499-b649-20564da4cb8f","16eb2f5e-43d8-435d-81bd-9d6f475627c0",,"01/2018","2018-01-15","174.58","364.31","suspenso","Origem: Conversão de Relatório | Sistema: Moema Flat | Recibo: 0467 | Multa: R$ 3,49 | Juros: R$ 186,24 | Composição origem: Competência 01/2018 · atraso 31 dias | Total do Recibo: R$ 364,31",,"2026-07-23T22:10:23.570229+00:00","2026-07-24T11:17:58.110494+00:00","importacao_cobrancas - 23/07/2026, 19:07",,,"novo","0","0",,,"false","0","0","0","0",,,"186.24","3.49","0","0",,"suspenso","em_aberto",,,,
"b55cd454-4452-40f4-ba54-9ec57781645f","e1f6e3ac-1098-4b30-9e0f-af4c47b351a3","e0c3e623-3b32-4499-b649-20564da4cb8f","16eb2f5e-43d8-435d-81bd-9d6f475627c0",,"03/2018","2018-03-25","1266.67","2566.7","suspenso","Origem: Conversão de Relatório | Sistema: Moema Flat | Recibo: 3576 | Multa: R$ 25,33 | Juros: R$ 1274,70 | Composição origem: Competência 12/2017 · atraso 30 dias | Total do Recibo: R$ 2566,70",,"2026-07-23T22:10:25.144106+00:00","2026-07-24T11:17:58.110494+00:00","importacao_cobrancas - 23/07/2026, 19:07",,,"novo","0","0",,,"false","0","0","0","0",,,"1274.7","25.33","0","0",,"suspenso","em_aberto",,,,
"e78626d1-e592-435b-89e4-0d4b4c3824dd","e1f6e3ac-1098-4b30-9e0f-af4c47b351a3","e0c3e623-3b32-4499-b649-20564da4cb8f","16eb2f5e-43d8-435d-81bd-9d6f475627c0",,"05/2018","2018-05-05","1450","2916.12","suspenso","Origem: Conversão de Relatório | Sistema: Moema Flat | Recibo: 9479 | Multa: R$ 29,00 | Juros: R$ 1437,12 | Composição origem: Competência 05/2018 · atraso 29 dias | Total do Recibo: R$ 2916,12",,"2026-07-23T22:10:25.935801+00:00","2026-07-24T11:17:58.110494+00:00","importacao_cobrancas - 23/07/2026, 19:07",,,"novo","0","0",,,"false","0","0","0","0",,,"1437.12","29","0","0",,"suspenso","em_aberto",,,,
"85964a70-71ac-41e0-94f7-75561bf4e562","e1f6e3ac-1098-4b30-9e0f-af4c47b351a3","e0c3e623-3b32-4499-b649-20564da4cb8f","16eb2f5e-43d8-435d-81bd-9d6f475627c0",,"08/2018","2018-08-05","1450","2871.96","suspenso","Origem: Conversão de Relatório | Sistema: Moema Flat | Recibo: 0282 | Multa: R$ 29,00 | Juros: R$ 1392,96 | Composição origem: Competência 08/2018 · atraso 29 dias | Total do Recibo: R$ 2871,96",,"2026-07-23T22:10:26.580337+00:00","2026-07-24T11:17:58.110494+00:00","importacao_cobrancas - 23/07/2026, 19:07",,,"novo","0","0",,,"false","0","0","0","0",,,"1392.96","29","0","0",,"suspenso","em_aberto",,,,
"387484ec-047e-4f38-a4f0-02b975cf54d4","e1f6e3ac-1098-4b30-9e0f-af4c47b351a3","e0c3e623-3b32-4499-b649-20564da4cb8f","16eb2f5e-43d8-435d-81bd-9d6f475627c0",,"11/2018","2018-11-05","1450","2827.8","suspenso","Origem: Conversão de Relatório | Sistema: Moema Flat | Recibo: 1085 | Multa: R$ 29,00 | Juros: R$ 1348,80 | Composição origem: Competência 11/2018 · atraso 28 dias | Total do Recibo: R$ 2827,80",,"2026-07-23T22:10:27.252703+00:00","2026-07-24T11:17:58.110494+00:00","importacao_cobrancas - 23/07/2026, 19:07",,,"novo","0","0",,,"false","0","0","0","0",,,"1348.8","29","0","0",,"suspenso","em_aberto",,,,
"ceb82e01-0165-4cd4-af90-6c202236e339","e1f6e3ac-1098-4b30-9e0f-af4c47b351a3","e0c3e623-3b32-4499-b649-20564da4cb8f","16eb2f5e-43d8-435d-81bd-9d6f475627c0",,"08/2020","2020-08-11","955","1666.9","suspenso","Origem: Conversão de Relatório | Sistema: Moema Flat | Recibo: 10481 | Multa: R$ 19,10 | Juros: R$ 692,80 | Composição origem: Competência 07/2020 · atraso 2165 dias | Total do Recibo: R$ 1666,90",,"2026-07-23T22:10:27.954975+00:00","2026-07-24T11:17:58.110494+00:00","importacao_cobrancas - 23/07/2026, 19:07",,,"novo","0","0",,,"false","0","0","0","0",,,"692.8","19.1","0","0",,"suspenso","em_aberto",,,,
"ea6e61c7-4135-4b7f-9e77-95578d11a089","e1f6e3ac-1098-4b30-9e0f-af4c47b351a3","e0c3e623-3b32-4499-b649-20564da4cb8f","16eb2f5e-43d8-435d-81bd-9d6f475627c0",,"01/2021","2021-01-10","971.09","1634.67","suspenso","Origem: Conversão de Relatório | Sistema: Moema Flat | Recibo: 15433 | Multa: R$ 19,42 | Juros: R$ 644,16 | Composição origem: Competência 12/2020 · atraso 2013 dias | Total do Recibo: R$ 1634,67",,"2026-07-23T22:10:29.070385+00:00","2026-07-24T11:18:46.811868+00:00","importacao_cobrancas - 23/07/2026, 19:07",,,"novo","0","0",,,"false","0","0","0","0",,,"644.16","19.42","0","0",,"suspenso","em_aberto",,,,
"afe4fb64-3a14-4d3d-ad9a-03f197d32758","e1f6e3ac-1098-4b30-9e0f-af4c47b351a3","e0c3e623-3b32-4499-b649-20564da4cb8f","16eb2f5e-43d8-435d-81bd-9d6f475627c0",,"03/2021","2021-03-10","1704.65","2832.98","suspenso","Origem: Conversão de Relatório | Sistema: Moema Flat | Recibo: 16959 | Multa: R$ 34,09 | Juros: R$ 1094,24 | Composição origem: Competência 02/2021 · atraso 1954 dias | Total do Recibo: R$ 2832,98",,"2026-07-23T22:10:29.474874+00:00","2026-07-24T11:18:46.811868+00:00","importacao_cobrancas - 23/07/2026, 19:07",,,"novo","0","0",,,"false","0","0","0","0",,,"1094.24","34.09","0","0",,"suspenso","em_aberto",,,,
"6f7e22f3-bec5-4594-bef8-e2b0a56453aa","e1f6e3ac-1098-4b30-9e0f-af4c47b351a3","e0c3e623-3b32-4499-b649-20564da4cb8f","16eb2f5e-43d8-435d-81bd-9d6f475627c0",,"05/2021","2021-05-10","1057.17","1740.86","suspenso","Origem: Conversão de Relatório | Sistema: Moema Flat | Recibo: 18841 | Multa: R$ 21,14 | Juros: R$ 662,55 | Composição origem: Competência 05/2021 · atraso 1893 dias | Total do Recibo: R$ 1740,86",,"2026-07-23T22:10:29.917273+00:00","2026-07-24T11:18:46.811868+00:00","importacao_cobrancas - 23/07/2026, 19:07",,,"novo","0","0",,,"false","0","0","0","0",,,"662.55","21.14","0","0",,"suspenso","em_aberto",,,,
"13ae488d-00bd-456a-a85b-dfa8ce6a461f","e1f6e3ac-1098-4b30-9e0f-af4c47b351a3","e0c3e623-3b32-4499-b649-20564da4cb8f","16eb2f5e-43d8-435d-81bd-9d6f475627c0",,"09/2021","2021-09-10","923.3","1472.77","suspenso","Origem: Conversão de Relatório | Sistema: Moema Flat | Recibo: 22660 | Multa: R$ 18,47 | Juros: R$ 531,00 | Composição origem: Competência 09/2021 · atraso 1770 dias | Total do Recibo: R$ 1472,77",,"2026-07-23T22:10:30.893728+00:00","2026-07-24T11:18:46.811868+00:00","importacao_cobrancas - 23/07/2026, 19:07",,,"novo","0","0",,,"false","0","0","0","0",,,"531","18.47","0","0",,"suspenso","em_aberto",,,,
"1fd3266f-281e-4ec4-a80e-37413de5f0a9","e1f6e3ac-1098-4b30-9e0f-af4c47b351a3","e0c3e623-3b32-4499-b649-20564da4cb8f","16eb2f5e-43d8-435d-81bd-9d6f475627c0",,"08/2021","2021-08-10","935.26","1512.28","suspenso","Origem: Conversão de Relatório | Sistema: Moema Flat | Recibo: 21726 | Multa: R$ 18,71 | Juros: R$ 558,31 | Composição origem: Competência 08/2021 · atraso 1801 dias | Total do Recibo: R$ 1512,28",,"2026-07-23T22:10:30.695679+00:00","2026-07-24T11:18:46.811868+00:00","importacao_cobrancas - 23/07/2026, 19:07",,,"novo","0","0",,,"false","0","0","0","0",,,"558.31","18.71","0","0",,"suspenso","em_aberto",,,,
"a748ce5a-bae3-4318-8713-b7cb023abaff","e1f6e3ac-1098-4b30-9e0f-af4c47b351a3","e0c3e623-3b32-4499-b649-20564da4cb8f","16eb2f5e-43d8-435d-81bd-9d6f475627c0",,"10/2021","2021-10-10","1050","1680","suspenso","Origem: Conversão de Relatório | Sistema: Moema Flat | Recibo: 23845 | Multa: R$ 21,00 | Juros: R$ 609,00 | Composição origem: Competência 10/2021 · atraso 1740 dias | Total do Recibo: R$ 1680,00",,"2026-07-23T22:10:31.096873+00:00","2026-07-24T11:18:46.811868+00:00","importacao_cobrancas - 23/07/2026, 19:07",,,"novo","0","0",,,"false","0","0","0","0",,,"609","21","0","0",,"suspenso","em_aberto",,,,
"d355f22a-722a-4003-a081-dfa00ed576d0","e1f6e3ac-1098-4b30-9e0f-af4c47b351a3","e0c3e623-3b32-4499-b649-20564da4cb8f","16eb2f5e-43d8-435d-81bd-9d6f475627c0",,"03/2022","2022-03-10","1300","2009.27","suspenso","Origem: Conversão de Relatório | Sistema: Moema Flat | Recibo: 28151 | Multa: R$ 26,00 | Juros: R$ 683,27 | Composição origem: Competência 03/2022 · atraso 1589 dias | Total do Recibo: R$ 2009,27",,"2026-07-23T22:10:32.318728+00:00","2026-07-24T11:18:46.811868+00:00","importacao_cobrancas - 23/07/2026, 19:07",,,"novo","0","0",,,"false","0","0","0","0",,,"683.27","26","0","0",,"suspenso","em_aberto",,,,
"41e80bd8-c37a-4f61-8167-3d2aae3e4a82","e1f6e3ac-1098-4b30-9e0f-af4c47b351a3","e0c3e623-3b32-4499-b649-20564da4cb8f","a83f1c4f-c7ec-4377-af63-69a014cc9266",,"04/2025","2025-04-10","1744.32","2047.17","novo","Origem: Conversão de Relatório | Sistema: Moema Flat | Recibo: 72814 | Multa: R$ 34,89 | Juros: R$ 267,96 | Composição origem: Competência 04/2025 · atraso 462 dias | Total do Recibo: R$ 2047,17",,"2026-07-23T22:07:59.30341+00:00","2026-07-24T11:16:59.641771+00:00","importacao_cobrancas - 23/07/2026, 19:07",,,"novo","0","0",,,"false","0","0","0","0",,,"267.96","34.89","0","0",,"novo","em_aberto",,,,
"52363b1c-76c3-4812-ba7f-374e285d78fd","e1f6e3ac-1098-4b30-9e0f-af4c47b351a3","e0c3e623-3b32-4499-b649-20564da4cb8f","a83f1c4f-c7ec-4377-af63-69a014cc9266",,"06/2025","2025-06-10","1809.43","2086.22","novo","Origem: Conversão de Relatório | Sistema: Moema Flat | Recibo: 75014 | Multa: R$ 36,19 | Juros: R$ 240,60 | Composição origem: Competência 06/2025 · atraso 401 dias | Total do Recibo: R$ 2086,22",,"2026-07-23T22:08:00.135069+00:00","2026-07-24T11:16:59.641771+00:00","importacao_cobrancas - 23/07/2026, 19:07",,,"novo","0","0",,,"false","0","0","0","0",,,"240.6","36.19","0","0",,"novo","em_aberto",,,,
"1604d58f-9e19-455d-8d84-6a0b0d23bd7e","e1f6e3ac-1098-4b30-9e0f-af4c47b351a3","e0c3e623-3b32-4499-b649-20564da4cb8f","a83f1c4f-c7ec-4377-af63-69a014cc9266",,"11/2024","2024-11-10","1662.61","2033.01","suspenso","Origem: Conversão de Relatório | Sistema: Moema Flat | Recibo: 68105 | Multa: R$ 33,25 | Juros: R$ 337,15 | Composição origem: Competência 11/2024 · atraso 613 dias | Total do Recibo: R$ 2033,01",,"2026-07-23T22:07:58.232663+00:00","2026-07-24T11:20:28.852155+00:00","importacao_cobrancas - 23/07/2026, 19:07",,,"novo","0","0",,,"false","0","0","0","0",,,"337.15","33.25","0","0",,"suspenso","em_aberto",,,,
"6e1002ad-2194-4528-b8d2-c11561004fb5","e1f6e3ac-1098-4b30-9e0f-af4c47b351a3","e0c3e623-3b32-4499-b649-20564da4cb8f","a83f1c4f-c7ec-4377-af63-69a014cc9266",,"02/2025","2025-02-10","1678.27","1998.39","novo","Origem: Conversão de Relatório | Sistema: Moema Flat | Recibo: 70827 | Multa: R$ 33,57 | Juros: R$ 286,55 | Composição origem: Competência 02/2025 · atraso 521 dias | Total do Recibo: R$ 1998,39",,"2026-07-23T22:07:58.714886+00:00","2026-07-24T11:16:59.641771+00:00","importacao_cobrancas - 23/07/2026, 19:07",,,"novo","0","0",,,"false","0","0","0","0",,,"286.55","33.57","0","0",,"novo","em_aberto",,,,
"d0a272cf-aacd-4761-ae16-98225d319035","e1f6e3ac-1098-4b30-9e0f-af4c47b351a3","e0c3e623-3b32-4499-b649-20564da4cb8f","a83f1c4f-c7ec-4377-af63-69a014cc9266",,"05/2025","2025-05-10","1851.41","2151.96","novo","Origem: Conversão de Relatório | Sistema: Moema Flat | Recibo: 73871 | Multa: R$ 37,03 | Juros: R$ 263,52 | Composição origem: Competência 05/2025 · atraso 432 dias | Total do Recibo: R$ 2151,96",,"2026-07-23T22:07:59.531206+00:00","2026-07-24T11:16:59.641771+00:00","importacao_cobrancas - 23/07/2026, 19:07",,,"novo","0","0",,,"false","0","0","0","0",,,"263.52","37.03","0","0",,"novo","em_aberto",,,,
"ce25a14c-1667-486b-be43-906b19496206","e1f6e3ac-1098-4b30-9e0f-af4c47b351a3","e0c3e623-3b32-4499-b649-20564da4cb8f","a83f1c4f-c7ec-4377-af63-69a014cc9266",,"08/2025","2025-08-10","1775.85","2011.97","novo","Origem: Conversão de Relatório | Sistema: Moema Flat | Recibo: 76806 | Multa: R$ 35,52 | Juros: R$ 200,60 | Composição origem: Competência 08/2025 · atraso 340 dias | Total do Recibo: R$ 2011,97",,"2026-07-23T22:08:00.336919+00:00","2026-07-24T11:16:59.641771+00:00","importacao_cobrancas - 23/07/2026, 19:07",,,"novo","0","0",,,"false","0","0","0","0",,,"200.6","35.52","0","0",,"novo","em_aberto",,,,
"0790e538-795f-4d1f-8533-f653688ec20e","e1f6e3ac-1098-4b30-9e0f-af4c47b351a3","e0c3e623-3b32-4499-b649-20564da4cb8f","a83f1c4f-c7ec-4377-af63-69a014cc9266",,"03/2025","2025-03-10","1739.93","2055.74","novo","Origem: Conversão de Relatório | Sistema: Moema Flat | Recibo: 71719 | Multa: R$ 34,80 | Juros: R$ 281,01 | Composição origem: Competência 03/2025 · atraso 493 dias | Total do Recibo: R$ 2055,74",,"2026-07-23T22:07:59.100356+00:00","2026-07-24T11:16:59.641771+00:00","importacao_cobrancas - 23/07/2026, 19:07",,,"novo","0","0",,,"false","0","0","0","0",,,"281.01","34.8","0","0",,"novo","em_aberto",,,,
"7dfaa181-a6de-4ddc-bc12-ad141ba5d0e8","e1f6e3ac-1098-4b30-9e0f-af4c47b351a3","e0c3e623-3b32-4499-b649-20564da4cb8f","a83f1c4f-c7ec-4377-af63-69a014cc9266",,"05/2025","2025-05-19","191.8","221.02","novo","Origem: Conversão de Relatório | Sistema: Moema Flat | Recibo: 73222 | Multa: R$ 3,84 | Juros: R$ 25,38 | Composição origem: Competência 04/2025 · atraso 423 dias | Total do Recibo: R$ 221,02",,"2026-07-23T22:07:59.747343+00:00","2026-07-24T11:16:59.641771+00:00","importacao_cobrancas - 23/07/2026, 19:07",,,"novo","0","0",,,"false","0","0","0","0",,,"25.38","3.84","0","0",,"novo","em_aberto",,,,
"220f635a-0747-4a0f-864c-0b673a1770fe","e1f6e3ac-1098-4b30-9e0f-af4c47b351a3","e0c3e623-3b32-4499-b649-20564da4cb8f","a83f1c4f-c7ec-4377-af63-69a014cc9266",,"12/2025","2025-12-10","1821.48","1988.71","novo","Origem: Conversão de Relatório | Sistema: Moema Flat | Recibo: 80500 | Multa: R$ 36,43 | Juros: R$ 130,80 | Composição origem: Competência 12/2025 · atraso 218 dias | Total do Recibo: R$ 1988,71",,"2026-07-23T22:08:00.549894+00:00","2026-07-24T11:16:59.641771+00:00","importacao_cobrancas - 23/07/2026, 19:07",,,"novo","0","0",,,"false","0","0","0","0",,,"130.8","36.43","0","0",,"novo","em_aberto",,,,
"5c88fd68-c9f8-4e20-8cce-c25b8fff4f39","e1f6e3ac-1098-4b30-9e0f-af4c47b351a3","e0c3e623-3b32-4499-b649-20564da4cb8f","d9e4f8a8-3482-4892-935a-733e7f7258e4",,"05/2025","2025-05-10","1838.29","2138.58","novo","Origem: Conversão de Relatório | Sistema: Moema Flat | Recibo: 73917 | Multa: R$ 36,77 | Juros: R$ 263,52 | Composição origem: Competência 05/2025 · atraso 432 dias | Total do Recibo: R$ 2138,58",,"2026-07-23T22:08:02.176982+00:00","2026-07-24T11:16:59.641771+00:00","importacao_cobrancas - 23/07/2026, 19:07",,,"novo","0","0",,,"false","0","0","0","0",,,"263.52","36.77","0","0",,"novo","em_aberto",,,,
"412dca64-5752-40f2-9909-29f6d1c0f5ae","e1f6e3ac-1098-4b30-9e0f-af4c47b351a3","e0c3e623-3b32-4499-b649-20564da4cb8f","af5a1435-6f0a-4da1-a818-1953126c6432",,"04/2025","2025-04-15","1579","1848.22","novo","Origem: Conversão de Relatório | Sistema: Moema Flat | Recibo: 72825 | Multa: R$ 31,58 | Juros: R$ 237,64 | Composição origem: Competência 04/2025 · atraso 457 dias | Total do Recibo: R$ 1848,22",,"2026-07-23T22:08:01.466424+00:00","2026-07-24T11:16:59.641771+00:00","importacao_cobrancas - 23/07/2026, 19:07",,,"novo","0","0",,,"false","0","0","0","0",,,"237.64","31.58","0","0",,"novo","em_aberto",,,,
"0e83d49c-3155-4279-908c-9a312fefc705","e1f6e3ac-1098-4b30-9e0f-af4c47b351a3","e0c3e623-3b32-4499-b649-20564da4cb8f","d9e4f8a8-3482-4892-935a-733e7f7258e4",,"11/2025","2025-11-10","1822.91","2008.17","novo","Origem: Conversão de Relatório | Sistema: Moema Flat | Recibo: 79613 | Multa: R$ 36,46 | Juros: R$ 148,80 | Composição origem: Competência 11/2025 · atraso 248 dias | Total do Recibo: R$ 2008,17",,"2026-07-23T22:08:01.674845+00:00","2026-07-24T11:16:59.641771+00:00","importacao_cobrancas - 23/07/2026, 19:07",,,"novo","0","0",,,"false","0","0","0","0",,,"148.8","36.46","0","0",,"novo","em_aberto",,,,
"c14d6c66-ade1-47dc-869d-1f65727f16f5","e1f6e3ac-1098-4b30-9e0f-af4c47b351a3","e0c3e623-3b32-4499-b649-20564da4cb8f","d9e4f8a8-3482-4892-935a-733e7f7258e4",,"05/2025","2025-05-19","191.8","221.02","novo","Origem: Conversão de Relatório | Sistema: Moema Flat | Recibo: 73268 | Multa: R$ 3,84 | Juros: R$ 25,38 | Composição origem: Competência 04/2025 · atraso 423 dias | Total do Recibo: R$ 221,02",,"2026-07-23T22:10:09.364485+00:00","2026-07-24T11:16:59.641771+00:00","importacao_cobrancas - 23/07/2026, 19:07",,,"novo","0","0",,,"false","0","0","0","0",,,"25.38","3.84","0","0",,"novo","em_aberto",,,,
"b43292f6-326a-4ab1-9f74-83b431c8ecdf","e1f6e3ac-1098-4b30-9e0f-af4c47b351a3","e0c3e623-3b32-4499-b649-20564da4cb8f","d9e4f8a8-3482-4892-935a-733e7f7258e4",,"10/2025","2025-10-10","1770.8","1968.04","novo","Origem: Conversão de Relatório | Sistema: Moema Flat | Recibo: 78664 | Multa: R$ 35,42 | Juros: R$ 161,82 | Composição origem: Competência 10/2025 · atraso 279 dias | Total do Recibo: R$ 1968,04",,"2026-07-23T22:10:10.568126+00:00","2026-07-24T11:16:59.641771+00:00","importacao_cobrancas - 23/07/2026, 19:07",,,"novo","0","0",,,"false","0","0","0","0",,,"161.82","35.42","0","0",,"novo","em_aberto",,,,
"49000785-077d-4063-b994-0ed2ad5b45f9","e1f6e3ac-1098-4b30-9e0f-af4c47b351a3","e0c3e623-3b32-4499-b649-20564da4cb8f","6dee91a1-bd9b-437e-beee-73cf2d843ea9",,"05/2025","2025-05-10","1864.53","2169.66","novo","Origem: Conversão de Relatório | Sistema: Moema Flat | Recibo: 73958 | Multa: R$ 37,29 | Juros: R$ 267,84 | Composição origem: Competência 05/2025 · atraso 432 dias | Total do Recibo: R$ 2169,66",,"2026-07-23T22:10:19.533329+00:00","2026-07-24T11:16:59.641771+00:00","importacao_cobrancas - 23/07/2026, 19:07",,,"novo","0","0",,,"false","0","0","0","0",,,"267.84","37.29","0","0",,"novo","em_aberto",,,,
"ddbcc38a-737c-434c-8ca8-8046e36791d6","e1f6e3ac-1098-4b30-9e0f-af4c47b351a3","e0c3e623-3b32-4499-b649-20564da4cb8f","6dee91a1-bd9b-437e-beee-73cf2d843ea9",,"09/2025","2025-09-10","1786.51","2004.55","novo","Origem: Conversão de Relatório | Sistema: Moema Flat | Recibo: 77798 | Multa: R$ 35,73 | Juros: R$ 182,31 | Composição origem: Competência 09/2025 · atraso 309 dias | Total do Recibo: R$ 2004,55",,"2026-07-23T22:10:20.183061+00:00","2026-07-24T11:16:59.641771+00:00","importacao_cobrancas - 23/07/2026, 19:07",,,"novo","0","0",,,"false","0","0","0","0",,,"182.31","35.73","0","0",,"novo","em_aberto",,,,
"fb0555a5-918a-4649-831f-cff56caa0671","e1f6e3ac-1098-4b30-9e0f-af4c47b351a3","e0c3e623-3b32-4499-b649-20564da4cb8f","6dee91a1-bd9b-437e-beee-73cf2d843ea9",,"12/2025","2025-12-10","1801.76","1966.42","novo","Origem: Conversão de Relatório | Sistema: Moema Flat | Recibo: 80587 | Multa: R$ 36,04 | Juros: R$ 128,62 | Composição origem: Competência 12/2025 · atraso 218 dias | Total do Recibo: R$ 1966,42",,"2026-07-23T22:10:20.985376+00:00","2026-07-24T11:16:59.641771+00:00","importacao_cobrancas - 23/07/2026, 19:07",,,"novo","0","0",,,"false","0","0","0","0",,,"128.62","36.04","0","0",,"novo","em_aberto",,,,
"eb706a8c-2bbd-474e-b999-25f22659ca7d","e1f6e3ac-1098-4b30-9e0f-af4c47b351a3","e0c3e623-3b32-4499-b649-20564da4cb8f","d9e4f8a8-3482-4892-935a-733e7f7258e4",,"06/2025","2025-06-10","1823.72","2100.79","novo","Origem: Conversão de Relatório | Sistema: Moema Flat | Recibo: 75060 | Multa: R$ 36,47 | Juros: R$ 240,60 | Composição origem: Competência 06/2025 · atraso 401 dias | Total do Recibo: R$ 2100,79",,"2026-07-23T22:10:09.764462+00:00","2026-07-24T11:16:59.641771+00:00","importacao_cobrancas - 23/07/2026, 19:07",,,"novo","0","0",,,"false","0","0","0","0",,,"240.6","36.47","0","0",,"novo","em_aberto",,,,
"587aead7-bf0a-45ee-97bd-ad5a303f0309","e1f6e3ac-1098-4b30-9e0f-af4c47b351a3","e0c3e623-3b32-4499-b649-20564da4cb8f","d9e4f8a8-3482-4892-935a-733e7f7258e4",,"12/2025","2025-12-10","1800.47","1965.1","novo","Origem: Conversão de Relatório | Sistema: Moema Flat | Recibo: 80546 | Multa: R$ 36,01 | Juros: R$ 128,62 | Composição origem: Competência 12/2025 · atraso 218 dias | Total do Recibo: R$ 1965,10",,"2026-07-23T22:10:10.818998+00:00","2026-07-24T11:16:59.641771+00:00","importacao_cobrancas - 23/07/2026, 19:07",,,"novo","0","0",,,"false","0","0","0","0",,,"128.62","36.01","0","0",,"novo","em_aberto",,,,
"c7a9e4cd-4584-46ed-84eb-7d47f05be9f8","e1f6e3ac-1098-4b30-9e0f-af4c47b351a3","e0c3e623-3b32-4499-b649-20564da4cb8f","6dee91a1-bd9b-437e-beee-73cf2d843ea9",,"05/2025","2025-05-19","191.8","221.02","novo","Origem: Conversão de Relatório | Sistema: Moema Flat | Recibo: 73309 | Multa: R$ 3,84 | Juros: R$ 25,38 | Composição origem: Competência 04/2025 · atraso 423 dias | Total do Recibo: R$ 221,02",,"2026-07-23T22:10:19.767621+00:00","2026-07-24T11:16:59.641771+00:00","importacao_cobrancas - 23/07/2026, 19:07",,,"novo","0","0",,,"false","0","0","0","0",,,"25.38","3.84","0","0",,"novo","em_aberto",,,,
"4e7e42a2-ca20-4daa-adf6-f3c48a5c9acb","e1f6e3ac-1098-4b30-9e0f-af4c47b351a3","e0c3e623-3b32-4499-b649-20564da4cb8f","6dee91a1-bd9b-437e-beee-73cf2d843ea9",,"10/2025","2025-10-10","1786.51","1986.85","novo","Origem: Conversão de Relatório | Sistema: Moema Flat | Recibo: 78705 | Multa: R$ 35,73 | Juros: R$ 164,61 | Composição origem: Competência 10/2025 · atraso 279 dias | Total do Recibo: R$ 1986,85",,"2026-07-23T22:10:20.395197+00:00","2026-07-24T11:16:59.641771+00:00","importacao_cobrancas - 23/07/2026, 19:07",,,"novo","0","0",,,"false","0","0","0","0",,,"164.61","35.73","0","0",,"novo","em_aberto",,,,
"63c3b618-9efc-420d-a6f7-1780fc72fbf4","e1f6e3ac-1098-4b30-9e0f-af4c47b351a3","e0c3e623-3b32-4499-b649-20564da4cb8f","d9e4f8a8-3482-4892-935a-733e7f7258e4",,"09/2025","2025-09-10","1770.8","1985.44","novo","Origem: Conversão de Relatório | Sistema: Moema Flat | Recibo: 77757 | Multa: R$ 35,42 | Juros: R$ 179,22 | Composição origem: Competência 09/2025 · atraso 309 dias | Total do Recibo: R$ 1985,44",,"2026-07-23T22:10:10.162375+00:00","2026-07-24T11:16:59.641771+00:00","importacao_cobrancas - 23/07/2026, 19:07",,,"novo","0","0",,,"false","0","0","0","0",,,"179.22","35.42","0","0",,"novo","em_aberto",,,,
"0d75fba8-aa50-4b7c-b888-05a2e3896923","e1f6e3ac-1098-4b30-9e0f-af4c47b351a3","e0c3e623-3b32-4499-b649-20564da4cb8f","6dee91a1-bd9b-437e-beee-73cf2d843ea9",,"06/2025","2025-06-10","1801.67","2074.29","novo","Origem: Conversão de Relatório | Sistema: Moema Flat | Recibo: 75101 | Multa: R$ 36,03 | Juros: R$ 236,59 | Composição origem: Competência 06/2025 · atraso 401 dias | Total do Recibo: R$ 2074,29",,"2026-07-23T22:10:19.975439+00:00","2026-07-24T11:16:59.641771+00:00","importacao_cobrancas - 23/07/2026, 19:07",,,"novo","0","0",,,"false","0","0","0","0",,,"236.59","36.03","0","0",,"novo","em_aberto",,,,
"34671575-63fd-4561-b305-9022e8f25e38","e1f6e3ac-1098-4b30-9e0f-af4c47b351a3","e0c3e623-3b32-4499-b649-20564da4cb8f","6dee91a1-bd9b-437e-beee-73cf2d843ea9",,"11/2025","2025-11-10","1864.79","2055.85","novo","Origem: Conversão de Relatório | Sistema: Moema Flat | Recibo: 79654 | Multa: R$ 37,30 | Juros: R$ 153,76 | Composição origem: Competência 11/2025 · atraso 248 dias | Total do Recibo: R$ 2055,85",,"2026-07-23T22:10:20.619724+00:00","2026-07-24T11:16:59.641771+00:00","importacao_cobrancas - 23/07/2026, 19:07",,,"novo","0","0",,,"false","0","0","0","0",,,"153.76","37.3","0","0",,"novo","em_aberto",,,,
"0561d28e-fb6b-4c7f-a717-773bb2614525","e1f6e3ac-1098-4b30-9e0f-af4c47b351a3","e0c3e623-3b32-4499-b649-20564da4cb8f","16eb2f5e-43d8-435d-81bd-9d6f475627c0",,"04/2021","2021-04-10","1128.27","1862.35","suspenso","Origem: Conversão de Relatório | Sistema: Moema Flat | Recibo: 17706 | Multa: R$ 22,57 | Juros: R$ 711,51 | Composição origem: Competência 03/2021 · atraso 1923 dias | Total do Recibo: R$ 1862,35",,"2026-07-23T22:10:29.691805+00:00","2026-07-24T11:18:46.811868+00:00","importacao_cobrancas - 23/07/2026, 19:07",,,"novo","0","0",,,"false","0","0","0","0",,,"711.51","22.57","0","0",,"suspenso","em_aberto",,,,
"a37e2513-47c8-4f6f-a2ad-941131a3479c","e1f6e3ac-1098-4b30-9e0f-af4c47b351a3","e0c3e623-3b32-4499-b649-20564da4cb8f","16eb2f5e-43d8-435d-81bd-9d6f475627c0",,"06/2021","2021-06-10","1138.54","1868.87","suspenso","Origem: Conversão de Relatório | Sistema: Moema Flat | Recibo: 19976 | Multa: R$ 22,77 | Juros: R$ 707,56 | Composição origem: Competência 06/2021 · atraso 1862 dias | Total do Recibo: R$ 1868,87",,"2026-07-23T22:10:30.123968+00:00","2026-07-24T11:18:46.811868+00:00","importacao_cobrancas - 23/07/2026, 19:07",,,"novo","0","0",,,"false","0","0","0","0",,,"707.56","22.77","0","0",,"suspenso","em_aberto",,,,
"ad2d22c0-f677-4a36-83b6-d952cc892d81","e1f6e3ac-1098-4b30-9e0f-af4c47b351a3","e0c3e623-3b32-4499-b649-20564da4cb8f","d306f7c2-5b20-4eb6-973c-de9c0b21f6fc",,"09/2025","2025-09-10","1795.8","2014.03","novo","Origem: Conversão de Relatório | Sistema: Moema Flat | Recibo: 77759 | Multa: R$ 35,92 | Juros: R$ 182,31 | Composição origem: Competência 09/2025 · atraso 309 dias | Total do Recibo: R$ 2014,03",,"2026-07-23T22:10:14.074524+00:00","2026-07-24T11:16:59.641771+00:00","importacao_cobrancas - 23/07/2026, 19:07",,,"novo","0","0",,,"false","0","0","0","0",,,"182.31","35.92","0","0",,"novo","em_aberto",,,,
"e97245ce-f79e-41cc-bc37-6c43a0203a79","e1f6e3ac-1098-4b30-9e0f-af4c47b351a3","e0c3e623-3b32-4499-b649-20564da4cb8f","d306f7c2-5b20-4eb6-973c-de9c0b21f6fc",,"11/2025","2025-11-10","1817.24","2002.38","novo","Origem: Conversão de Relatório | Sistema: Moema Flat | Recibo: 79615 | Multa: R$ 36,34 | Juros: R$ 148,80 | Composição origem: Competência 11/2025 · atraso 248 dias | Total do Recibo: R$ 2002,38",,"2026-07-23T22:10:15.505472+00:00","2026-07-24T11:16:59.641771+00:00","importacao_cobrancas - 23/07/2026, 19:07",,,"novo","0","0",,,"false","0","0","0","0",,,"148.8","36.34","0","0",,"novo","em_aberto",,,,
"a9bd58af-efa2-4f86-9fee-8067212eb904","e1f6e3ac-1098-4b30-9e0f-af4c47b351a3","e0c3e623-3b32-4499-b649-20564da4cb8f","d306f7c2-5b20-4eb6-973c-de9c0b21f6fc",,"10/2025","2025-10-10","1795.8","1996.33","novo","Origem: Conversão de Relatório | Sistema: Moema Flat | Recibo: 78666 | Multa: R$ 35,92 | Juros: R$ 164,61 | Composição origem: Competência 10/2025 · atraso 279 dias | Total do Recibo: R$ 1996,33",,"2026-07-23T22:10:14.809482+00:00","2026-07-24T11:16:59.641771+00:00","importacao_cobrancas - 23/07/2026, 19:07",,,"novo","0","0",,,"false","0","0","0","0",,,"164.61","35.92","0","0",,"novo","em_aberto",,,,
"24ee742e-f243-4b5f-901b-1ae662a14d33","e1f6e3ac-1098-4b30-9e0f-af4c47b351a3","e0c3e623-3b32-4499-b649-20564da4cb8f","d306f7c2-5b20-4eb6-973c-de9c0b21f6fc",,"12/2025","2025-12-10","1802.24","1966.9","novo","Origem: Conversão de Relatório | Sistema: Moema Flat | Recibo: 80548 | Multa: R$ 36,04 | Juros: R$ 128,62 | Composição origem: Competência 12/2025 · atraso 218 dias | Total do Recibo: R$ 1966,90",,"2026-07-23T22:10:15.705833+00:00","2026-07-24T11:16:59.641771+00:00","importacao_cobrancas - 23/07/2026, 19:07",,,"novo","0","0",,,"false","0","0","0","0",,,"128.62","36.04","0","0",,"novo","em_aberto",,,,
"a62eaa75-a366-4be3-89be-67363755aae7","e1f6e3ac-1098-4b30-9e0f-af4c47b351a3","e0c3e623-3b32-4499-b649-20564da4cb8f","16eb2f5e-43d8-435d-81bd-9d6f475627c0",,"12/2021","2021-12-10","1300","2047.97","suspenso","Origem: Conversão de Relatório | Sistema: Moema Flat | Recibo: 25881 | Multa: R$ 26,00 | Juros: R$ 721,97 | Composição origem: Competência 12/2021 · atraso 1679 dias | Total do Recibo: R$ 2047,97",,"2026-07-23T22:10:31.676749+00:00","2026-07-24T11:18:46.811868+00:00","importacao_cobrancas - 23/07/2026, 19:07",,,"novo","0","0",,,"false","0","0","0","0",,,"721.97","26","0","0",,"suspenso","em_aberto",,,,
"9ba942e8-786f-4d14-919d-f928d56f18f5","e1f6e3ac-1098-4b30-9e0f-af4c47b351a3","e0c3e623-3b32-4499-b649-20564da4cb8f","16eb2f5e-43d8-435d-81bd-9d6f475627c0",,"02/2022","2022-02-10","1300","2021.31","suspenso","Origem: Conversão de Relatório | Sistema: Moema Flat | Recibo: 27625 | Multa: R$ 26,00 | Juros: R$ 695,31 | Composição origem: Competência 02/2022 · atraso 1617 dias | Total do Recibo: R$ 2021,31",,"2026-07-23T22:10:32.095582+00:00","2026-07-24T11:18:46.811868+00:00","importacao_cobrancas - 23/07/2026, 19:07",,,"novo","0","0",,,"false","0","0","0","0",,,"695.31","26","0","0",,"suspenso","em_aberto",,,,
"8f3e4b0c-b89b-4fec-8e56-cdee915ad955","e1f6e3ac-1098-4b30-9e0f-af4c47b351a3","e0c3e623-3b32-4499-b649-20564da4cb8f","16eb2f5e-43d8-435d-81bd-9d6f475627c0",,"07/2021","2021-07-10","957.66","1563.05","suspenso","Origem: Conversão de Relatório | Sistema: Moema Flat | Recibo: 20914 | Multa: R$ 19,15 | Juros: R$ 586,24 | Composição origem: Competência 07/2021 · atraso 1832 dias | Total do Recibo: R$ 1563,05",,"2026-07-23T22:10:30.484332+00:00","2026-07-24T11:18:46.811868+00:00","importacao_cobrancas - 23/07/2026, 19:07",,,"novo","0","0",,,"false","0","0","0","0",,,"586.24","19.15","0","0",,"suspenso","em_aberto",,,,
"8e56a7b1-3e69-435d-9176-3bd5b0c3fbfe","e1f6e3ac-1098-4b30-9e0f-af4c47b351a3","e0c3e623-3b32-4499-b649-20564da4cb8f","16eb2f5e-43d8-435d-81bd-9d6f475627c0",,"11/2021","2021-11-10","1300","2060.87","suspenso","Origem: Conversão de Relatório | Sistema: Moema Flat | Recibo: 24867 | Multa: R$ 26,00 | Juros: R$ 734,87 | Composição origem: Competência 11/2021 · atraso 1709 dias | Total do Recibo: R$ 2060,87",,"2026-07-23T22:10:31.465624+00:00","2026-07-24T11:18:46.811868+00:00","importacao_cobrancas - 23/07/2026, 19:07",,,"novo","0","0",,,"false","0","0","0","0",,,"734.87","26","0","0",,"suspenso","em_aberto",,,,
"6542d2ee-183b-47ed-8fe1-923b63b1d121","e1f6e3ac-1098-4b30-9e0f-af4c47b351a3","e0c3e623-3b32-4499-b649-20564da4cb8f","16eb2f5e-43d8-435d-81bd-9d6f475627c0",,"01/2022","2022-01-10","1300","2034.64","suspenso","Origem: Conversão de Relatório | Sistema: Moema Flat | Recibo: 26760 | Multa: R$ 26,00 | Juros: R$ 708,64 | Composição origem: Competência 01/2022 · atraso 1648 dias | Total do Recibo: R$ 2034,64",,"2026-07-23T22:10:31.874859+00:00","2026-07-24T11:18:46.811868+00:00","importacao_cobrancas - 23/07/2026, 19:07",,,"novo","0","0",,,"false","0","0","0","0",,,"708.64","26","0","0",,"suspenso","em_aberto",,,,
"f6d3270c-9ed7-4c06-b838-26d86643028b","e1f6e3ac-1098-4b30-9e0f-af4c47b351a3","e0c3e623-3b32-4499-b649-20564da4cb8f","4e9543d8-b1e6-4891-9f1f-33fbacf326ed",,"06/2023","2023-06-10","1500","2096","suspenso","Origem: Conversão de Relatório | Sistema: Moema Flat | Recibo: 44515 | Multa: R$ 30,00 | Juros: R$ 566,00 | Composição origem: Competência 06/2023 · atraso 1132 dias | Total do Recibo: R$ 2096,00",,"2026-07-23T22:10:22.760762+00:00","2026-07-24T11:19:16.722725+00:00","importacao_cobrancas - 23/07/2026, 19:07",,,"novo","0","0",,,"false","0","0","0","0",,,"566","30","0","0",,"suspenso","em_aberto",,,,
"b1a53207-c5c1-4d7b-a92f-079b687a0faf","e1f6e3ac-1098-4b30-9e0f-af4c47b351a3","e0c3e623-3b32-4499-b649-20564da4cb8f","d306f7c2-5b20-4eb6-973c-de9c0b21f6fc",,"11/2025","2025-11-03","2213.44","2443.86","novo","Origem: Conversão de Relatório | Sistema: Moema Flat | Recibo: 79712 | Multa: R$ 44,27 | Juros: R$ 186,15 | Composição origem: Competência 11/2025 · atraso 255 dias | Total do Recibo: R$ 2443,86",,"2026-07-23T22:10:15.294872+00:00","2026-07-24T11:16:59.641771+00:00","importacao_cobrancas - 23/07/2026, 19:07",,,"novo","0","0",,,"false","0","0","0","0",,,"186.15","44.27","0","0",,"novo","em_aberto",,,,
"9bf9a5bf-2215-4d9b-b23b-6ec7f3c52068","e1f6e3ac-1098-4b30-9e0f-af4c47b351a3","e0c3e623-3b32-4499-b649-20564da4cb8f","16eb2f5e-43d8-435d-81bd-9d6f475627c0",,"02/2021","2021-02-10","1251.43","2089.08","suspenso","Origem: Conversão de Relatório | Sistema: Moema Flat | Recibo: 16193 | Multa: R$ 25,03 | Juros: R$ 812,62 | Composição origem: Competência 01/2021 · atraso 1982 dias | Total do Recibo: R$ 2089,08",,"2026-07-23T22:10:29.282823+00:00","2026-07-24T11:18:46.811868+00:00","importacao_cobrancas - 23/07/2026, 19:07",,,"novo","0","0",,,"false","0","0","0","0",,,"812.62","25.03","0","0",,"suspenso","em_aberto",,,,
"01bb7d87-a66a-42de-a979-90aa2d30d042","e1f6e3ac-1098-4b30-9e0f-af4c47b351a3","e0c3e623-3b32-4499-b649-20564da4cb8f","16eb2f5e-43d8-435d-81bd-9d6f475627c0",,"07/2023","2023-07-10","1500","2081","suspenso","Origem: Conversão de Relatório | Sistema: Moema Flat | Recibo: 45737 | Multa: R$ 30,00 | Juros: R$ 551,00 | Composição origem: Competência 07/2023 · atraso 1102 dias | Total do Recibo: R$ 2081,00",,"2026-07-23T22:10:35.6655+00:00","2026-07-24T11:19:16.722725+00:00","importacao_cobrancas - 23/07/2026, 19:07",,,"novo","0","0",,,"false","0","0","0","0",,,"551","30","0","0",,"suspenso","em_aberto",,,,
"0485ffc6-f2ad-48e0-ab73-a403cd250c89","e1f6e3ac-1098-4b30-9e0f-af4c47b351a3","e0c3e623-3b32-4499-b649-20564da4cb8f","16eb2f5e-43d8-435d-81bd-9d6f475627c0",,"04/2023","2023-04-10","1240.64","1754.58","suspenso","Origem: Conversão de Relatório | Sistema: Moema Flat | Recibo: 41372 | Multa: R$ 24,81 | Juros: R$ 489,13 | Composição origem: Competência 04/2023 · atraso 1193 dias | Total do Recibo: R$ 1754,58",,"2026-07-23T22:10:35.047947+00:00","2026-07-24T11:19:16.722725+00:00","importacao_cobrancas - 23/07/2026, 19:07",,,"novo","0","0",,,"false","0","0","0","0",,,"489.13","24.81","0","0",,"suspenso","em_aberto",,,,
"060444f3-8077-43b4-adc6-d64e834e9e9d","36b6c087-56d2-4297-be63-6dcbe02a9f00","d5521661-9dac-400a-ad27-0e2817517b5d","3fca432c-3402-4540-a1ab-380cfc00590a",,"11/2023","2023-11-05","2164.97","2164.97","suspenso","Origem: Conversão de Relatório | Sistema: Hflex / LiveFacilities | Recibo: 2803832 | Total do Recibo: R$ 2.164,97",,"2026-07-16T17:16:20.409135+00:00","2026-07-24T11:19:31.517198+00:00","importacao_cobrancas - 16/07/2026, 14:16",,,"novo","0","0",,,"false","0","0","0","0",,,"0","0","0","0",,"suspenso","em_aberto",,,,
"09375c68-f30d-4967-a5b3-72c0010edbf4","e1f6e3ac-1098-4b30-9e0f-af4c47b351a3","e0c3e623-3b32-4499-b649-20564da4cb8f","16eb2f5e-43d8-435d-81bd-9d6f475627c0",,"09/2023","2023-09-10","1500","2050","suspenso","Origem: Conversão de Relatório | Sistema: Moema Flat | Recibo: 48394 | Multa: R$ 30,00 | Juros: R$ 520,00 | Composição origem: Competência 09/2023 · atraso 1040 dias | Total do Recibo: R$ 2050,00",,"2026-07-23T22:10:36.098653+00:00","2026-07-24T11:19:31.517198+00:00","importacao_cobrancas - 23/07/2026, 19:07",,,"novo","0","0",,,"false","0","0","0","0",,,"520","30","0","0",,"suspenso","em_aberto",,,,
"0f990c6f-dce8-4d51-9251-84cf58f2e2ed","e1f6e3ac-1098-4b30-9e0f-af4c47b351a3","e0c3e623-3b32-4499-b649-20564da4cb8f","16eb2f5e-43d8-435d-81bd-9d6f475627c0",,"10/2024","2024-10-10","1579","1945.46","suspenso","Origem: Conversão de Relatório | Sistema: Moema Flat | Recibo: 67299 | Multa: R$ 31,58 | Juros: R$ 334,88 | Composição origem: Competência 10/2024 · atraso 644 dias | Total do Recibo: R$ 1945,46",,"2026-07-23T22:10:39.36957+00:00","2026-07-24T11:20:28.852155+00:00","importacao_cobrancas - 23/07/2026, 19:07",,,"novo","0","0",,,"false","0","0","0","0",,,"334.88","31.58","0","0",,"suspenso","em_aberto",,,,
"12aba067-e5eb-4297-9736-8d5501e657e6","e1f6e3ac-1098-4b30-9e0f-af4c47b351a3","e0c3e623-3b32-4499-b649-20564da4cb8f","16eb2f5e-43d8-435d-81bd-9d6f475627c0",,"10/2022","2022-10-10","1098.35","1615.32","suspenso","Origem: Conversão de Relatório | Sistema: Moema Flat | Recibo: 34666 | Multa: R$ 21,97 | Juros: R$ 495,00 | Composição origem: Competência 10/2022 · atraso 1375 dias | Total do Recibo: R$ 1615,32",,"2026-07-23T22:10:33.832569+00:00","2026-07-24T11:19:16.722725+00:00","importacao_cobrancas - 23/07/2026, 19:07",,,"novo","0","0",,,"false","0","0","0","0",,,"495","21.97","0","0",,"suspenso","em_aberto",,,,
"12bcbf1a-d75b-4450-9ba7-624fc57f532b","36b6c087-56d2-4297-be63-6dcbe02a9f00","d5521661-9dac-400a-ad27-0e2817517b5d","a25ed75d-9dd0-4984-a83c-07389ddb615d",,"04/2025","2025-04-05","2101.64","2101.64","novo","Origem: Conversão de Relatório | Sistema: Hflex / LiveFacilities | Recibo: 2991242 | Acordo origem: 190844 | Marcador origem: A | Situação origem: acordo | Total do Recibo: R$ 2.101,64",,"2026-07-16T17:16:10.879162+00:00","2026-07-16T17:21:14.432369+00:00","importacao_cobrancas - 16/07/2026, 14:16",,,"novo","0","0",,,"false","0","0","0","0",,,"0","0","0","0",,"novo","em_aberto",,,,
"1410452b-39c0-4f19-baa6-91647fc827ad","e1f6e3ac-1098-4b30-9e0f-af4c47b351a3","e0c3e623-3b32-4499-b649-20564da4cb8f","16eb2f5e-43d8-435d-81bd-9d6f475627c0",,"12/2024","2024-12-10","1579","1913.74","suspenso","Origem: Conversão de Relatório | Sistema: Moema Flat | Recibo: 69130 | Multa: R$ 31,58 | Juros: R$ 303,16 | Composição origem: Competência 12/2024 · atraso 583 dias | Total do Recibo: R$ 1913,74",,"2026-07-23T22:10:39.795677+00:00","2026-07-24T11:20:49.856815+00:00","importacao_cobrancas - 23/07/2026, 19:07",,,"novo","0","0",,,"false","0","0","0","0",,,"303.16","31.58","0","0",,"suspenso","em_aberto",,,,
"144f17bf-2fe9-4e77-ac85-683237c3a3f2","36b6c087-56d2-4297-be63-6dcbe02a9f00","d5521661-9dac-400a-ad27-0e2817517b5d","a25ed75d-9dd0-4984-a83c-07389ddb615d",,"06/2025","2025-06-05","2143.89","2143.89","novo","Origem: Conversão de Relatório | Sistema: Hflex / LiveFacilities | Recibo: 3025484 | Acordo origem: 190844 | Marcador origem: A | Situação origem: acordo | Total do Recibo: R$ 2.143,89",,"2026-07-16T17:16:12.237631+00:00","2026-07-16T17:21:14.432369+00:00","importacao_cobrancas - 16/07/2026, 14:16",,,"novo","0","0",,,"false","0","0","0","0",,,"0","0","0","0",,"novo","em_aberto",,,,
"166222f1-b89b-4b29-b798-44ca7e90d005","36b6c087-56d2-4297-be63-6dcbe02a9f00","d5521661-9dac-400a-ad27-0e2817517b5d","ed6cefd8-1957-499c-9a9f-97365db92e6a",,"07/2024","2024-07-05","1517.22","1517.22","suspenso","Origem: Conversão de Relatório | Sistema: Hflex / LiveFacilities | Recibo: 2803826 | Acordo origem: 191593 | Marcador origem: A | Situação origem: acordo | Total do Recibo: R$ 1.517,22",,"2026-07-16T17:16:55.904065+00:00","2026-07-24T11:19:46.458097+00:00","importacao_cobrancas - 16/07/2026, 14:16",,,"novo","0","0",,,"false","0","0","0","0",,,"0","0","0","0",,"suspenso","em_aberto",,,,
"188ccc00-cbda-4396-95b4-ff2d42a2d914","36b6c087-56d2-4297-be63-6dcbe02a9f00","d5521661-9dac-400a-ad27-0e2817517b5d","a25ed75d-9dd0-4984-a83c-07389ddb615d",,"08/2025","2025-08-05","2200.7","2200.7","novo","Origem: Conversão de Relatório | Sistema: Hflex / LiveFacilities | Recibo: 3062155 | Acordo origem: 190844 | Marcador origem: A | Situação origem: acordo | Total do Recibo: R$ 2.200,70",,"2026-07-16T17:16:13.481599+00:00","2026-07-16T17:21:14.432369+00:00","importacao_cobrancas - 16/07/2026, 14:16",,,"novo","0","0",,,"false","0","0","0","0",,,"0","0","0","0",,"novo","em_aberto",,,,
"1a5a9b77-fefa-4719-bc3f-758b6c8495d0","36b6c087-56d2-4297-be63-6dcbe02a9f00","d5521661-9dac-400a-ad27-0e2817517b5d","3fca432c-3402-4540-a1ab-380cfc00590a",,"06/2024","2024-06-05","1792.15","1792.15","suspenso","Origem: Conversão de Relatório | Sistema: Hflex / LiveFacilities | Recibo: 2803774 | Total do Recibo: R$ 1.792,15",,"2026-07-16T17:16:23.476105+00:00","2026-07-24T11:19:46.458097+00:00","importacao_cobrancas - 16/07/2026, 14:16",,,"novo","0","0",,,"false","0","0","0","0",,,"0","0","0","0",,"suspenso","em_aberto",,,,
"1abb852a-06fd-46ab-8607-cb18174ba2d7","e1f6e3ac-1098-4b30-9e0f-af4c47b351a3","e0c3e623-3b32-4499-b649-20564da4cb8f","16eb2f5e-43d8-435d-81bd-9d6f475627c0",,"02/2024","2024-02-10","1500","1973.5","suspenso","Origem: Conversão de Relatório | Sistema: Moema Flat | Recibo: 55056 | Multa: R$ 30,00 | Juros: R$ 443,50 | Composição origem: Competência 02/2024 · atraso 887 dias | Total do Recibo: R$ 1973,50",,"2026-07-23T22:10:37.360001+00:00","2026-07-24T11:19:31.517198+00:00","importacao_cobrancas - 23/07/2026, 19:07",,,"novo","0","0",,,"false","0","0","0","0",,,"443.5","30","0","0",,"suspenso","em_aberto",,,,
"1c5d414d-0d1f-4401-b4d2-90fef1bfb8c9","e1f6e3ac-1098-4b30-9e0f-af4c47b351a3","e0c3e623-3b32-4499-b649-20564da4cb8f","16eb2f5e-43d8-435d-81bd-9d6f475627c0",,"11/2022","2022-11-11","1154.42","1687.85","suspenso","Origem: Conversão de Relatório | Sistema: Moema Flat | Recibo: 36069 | Multa: R$ 23,09 | Juros: R$ 510,34 | Composição origem: Competência 11/2022 · atraso 1343 dias | Total do Recibo: R$ 1687,85",,"2026-07-23T22:10:34.043095+00:00","2026-07-24T11:19:16.722725+00:00","importacao_cobrancas - 23/07/2026, 19:07",,,"novo","0","0",,,"false","0","0","0","0",,,"510.34","23.09","0","0",,"suspenso","em_aberto",,,,
"1dba2741-18de-470e-92fb-7560321e8261","06827218-e2b1-4267-ad8f-81a0ab222cad","6578362b-304c-44bb-85b7-2e0f90a36bb4","5d74e20b-c011-43a8-8f75-6b7b6d258575",,"11/2025","2025-11-28","493.48","493.48","novo","Multa RI 28/10/25 - 50%RM (28/11/2025 - R$ 246,74) | Multa RI 11/05/26 - 25%RM (15/06/2026 - R$ 246,74)",,"2026-08-17T02:01:31.405068+00:00","2026-08-17T02:01:31.405068+00:00","importacao_cobrancas - 16/08/2026, 23:01",,"5cbb9c83-ff62-4ab0-bf78-7498a1c289a8","novo","0","0",,,"false","0","0","0","0",,,"0","0","0","0",,"novo","em_aberto",,,,
"1e6e7dfd-8947-4c4b-81a0-09b93ec13d82","e1f6e3ac-1098-4b30-9e0f-af4c47b351a3","e0c3e623-3b32-4499-b649-20564da4cb8f","16eb2f5e-43d8-435d-81bd-9d6f475627c0",,"08/2022","2022-08-10","1093.1","1631.92","suspenso","Origem: Conversão de Relatório | Sistema: Moema Flat | Recibo: 33140 | Multa: R$ 21,86 | Juros: R$ 516,96 | Composição origem: Competência 08/2022 · atraso 1436 dias | Total do Recibo: R$ 1631,92",,"2026-07-23T22:10:33.425438+00:00","2026-07-24T11:19:16.722725+00:00","importacao_cobrancas - 23/07/2026, 19:07",,,"novo","0","0",,,"false","0","0","0","0",,,"516.96","21.86","0","0",,"suspenso","em_aberto",,,,
"1fcb2df2-b1e5-4c17-8e88-38155cef4dae","36b6c087-56d2-4297-be63-6dcbe02a9f00","d5521661-9dac-400a-ad27-0e2817517b5d","a25ed75d-9dd0-4984-a83c-07389ddb615d",,"05/2025","2025-05-05","2105.07","2105.07","novo","Origem: Conversão de Relatório | Sistema: Hflex / LiveFacilities | Recibo: 3008447 | Acordo origem: 190844 | Marcador origem: A | Situação origem: acordo | Total do Recibo: R$ 2.105,07",,"2026-07-16T17:16:11.60263+00:00","2026-07-16T17:21:14.432369+00:00","importacao_cobrancas - 16/07/2026, 14:16",,,"novo","0","0",,,"false","0","0","0","0",,,"0","0","0","0",,"novo","em_aberto",,,,
"1ffdafba-cfcf-45f3-9d6a-d495912ac036","36b6c087-56d2-4297-be63-6dcbe02a9f00","d5521661-9dac-400a-ad27-0e2817517b5d","a25ed75d-9dd0-4984-a83c-07389ddb615d",,"01/2025","2025-01-05","1933.69","1933.69","novo","Origem: Conversão de Relatório | Sistema: Hflex / LiveFacilities | Recibo: 2924027 | Acordo origem: 190844 | Marcador origem: A | Situação origem: acordo | Total do Recibo: R$ 1.933,69",,"2026-07-16T17:16:08.321639+00:00","2026-07-16T17:21:14.432369+00:00","importacao_cobrancas - 16/07/2026, 14:16",,,"novo","0","0",,,"false","0","0","0","0",,,"0","0","0","0",,"novo","em_aberto",,,,
"22f0b226-f4a5-4dec-bed9-57fd49983b05","e1f6e3ac-1098-4b30-9e0f-af4c47b351a3","e0c3e623-3b32-4499-b649-20564da4cb8f","16eb2f5e-43d8-435d-81bd-9d6f475627c0",,"09/2022","2022-09-10","1306.29","1936.57","suspenso","Origem: Conversão de Relatório | Sistema: Moema Flat | Recibo: 33936 | Multa: R$ 26,13 | Juros: R$ 604,15 | Composição origem: Competência 09/2022 · atraso 1405 dias | Total do Recibo: R$ 1936,57",,"2026-07-23T22:10:33.631674+00:00","2026-07-24T11:19:16.722725+00:00","importacao_cobrancas - 23/07/2026, 19:07",,,"novo","0","0",,,"false","0","0","0","0",,,"604.15","26.13","0","0",,"suspenso","em_aberto",,,,
"239cd26c-3dc6-49af-b207-751d168df950","36b6c087-56d2-4297-be63-6dcbe02a9f00","d5521661-9dac-400a-ad27-0e2817517b5d","a25ed75d-9dd0-4984-a83c-07389ddb615d",,"12/2025","2025-12-05","2225.99","2225.99","novo","Origem: Conversão de Relatório | Sistema: Hflex / LiveFacilities | Recibo: 3144969 | Acordo origem: 190844 | Marcador origem: A | Situação origem: acordo | Total do Recibo: R$ 2.225,99",,"2026-07-16T17:16:16.171284+00:00","2026-07-16T17:21:14.432369+00:00","importacao_cobrancas - 16/07/2026, 14:16",,,"novo","0","0",,,"false","0","0","0","0",,,"0","0","0","0",,"novo","em_aberto",,,,
"244da83d-a707-4c57-9a60-781d7e23eec7","36b6c087-56d2-4297-be63-6dcbe02a9f00","d5521661-9dac-400a-ad27-0e2817517b5d","3fca432c-3402-4540-a1ab-380cfc00590a",,"04/2024","2024-04-05","2104.86","2104.86","suspenso","Origem: Conversão de Relatório | Sistema: Hflex / LiveFacilities | Recibo: 2803804 | Total do Recibo: R$ 2.104,86",,"2026-07-16T17:16:22.420835+00:00","2026-07-24T11:19:31.517198+00:00","importacao_cobrancas - 16/07/2026, 14:16",,,"novo","0","0",,,"false","0","0","0","0",,,"0","0","0","0",,"suspenso","em_aberto",,,,
"250ccea3-02c4-48d7-b22f-d2d6a898cb4b","36b6c087-56d2-4297-be63-6dcbe02a9f00","d5521661-9dac-400a-ad27-0e2817517b5d","3fca432c-3402-4540-a1ab-380cfc00590a",,"03/2025","2025-03-07","2123.52","2123.52","novo","Origem: Conversão de Relatório | Sistema: Hflex / LiveFacilities | Recibo: 2971193 | Total do Recibo: R$ 2.123,52",,"2026-07-16T17:16:28.024949+00:00","2026-07-16T17:21:14.432369+00:00","importacao_cobrancas - 16/07/2026, 14:16",,,"novo","0","0",,,"false","0","0","0","0",,,"0","0","0","0",,"novo","em_aberto",,,,
"27638881-5963-4b5c-b68f-a674d19df2c1","36b6c087-56d2-4297-be63-6dcbe02a9f00","d5521661-9dac-400a-ad27-0e2817517b5d","3fca432c-3402-4540-a1ab-380cfc00590a",,"01/2025","2025-01-05","1933.69","1933.69","novo","Origem: Conversão de Relatório | Sistema: Hflex / LiveFacilities | Recibo: 2924045 | Total do Recibo: R$ 1.933,69",,"2026-07-16T17:16:27.116823+00:00","2026-07-16T17:21:14.432369+00:00","importacao_cobrancas - 16/07/2026, 14:16",,,"novo","0","0",,,"false","0","0","0","0",,,"0","0","0","0",,"novo","em_aberto",,,,
"27a0dec0-2878-43cd-a6b9-4ca4671190ff","36b6c087-56d2-4297-be63-6dcbe02a9f00","d5521661-9dac-400a-ad27-0e2817517b5d","3fca432c-3402-4540-a1ab-380cfc00590a",,"12/2023","2023-12-05","1926.12","1926.12","suspenso","Origem: Conversão de Relatório | Sistema: Hflex / LiveFacilities | Recibo: 2803781 | Total do Recibo: R$ 1.926,12",,"2026-07-16T17:16:01.562421+00:00","2026-07-24T11:19:31.517198+00:00","importacao_cobrancas - 16/07/2026, 14:16",,,"novo","0","0",,,"false","0","0","0","0",,,"0","0","0","0",,"suspenso","em_aberto",,,,
"2b2bbf53-ba1b-4b38-a8ab-025a76d0d2a9","e1f6e3ac-1098-4b30-9e0f-af4c47b351a3","e0c3e623-3b32-4499-b649-20564da4cb8f","16eb2f5e-43d8-435d-81bd-9d6f475627c0",,"07/2022","2022-07-13","1055.92","1589.44","suspenso","Origem: Conversão de Relatório | Sistema: Moema Flat | Recibo: 32005 | Multa: R$ 21,12 | Juros: R$ 512,40 | Composição origem: Competência 07/2022 · atraso 1464 dias | Total do Recibo: R$ 1589,44",,"2026-07-23T22:10:33.191161+00:00","2026-07-24T11:19:16.722725+00:00","importacao_cobrancas - 23/07/2026, 19:07",,,"novo","0","0",,,"false","0","0","0","0",,,"512.4","21.12","0","0",,"suspenso","em_aberto",,,,
"2b472c3a-3001-41df-b3f7-5a8e22f80c20","e1f6e3ac-1098-4b30-9e0f-af4c47b351a3","e0c3e623-3b32-4499-b649-20564da4cb8f","16eb2f5e-43d8-435d-81bd-9d6f475627c0",,"07/2024","2024-07-10","1579","1993.3","suspenso","Origem: Conversão de Relatório | Sistema: Moema Flat | Recibo: 62976 | Multa: R$ 31,58 | Juros: R$ 382,72 | Composição origem: Competência 07/2024 · atraso 736 dias | Total do Recibo: R$ 1993,30",,"2026-07-23T22:10:38.731803+00:00","2026-07-24T11:19:46.458097+00:00","importacao_cobrancas - 23/07/2026, 19:07",,,"novo","0","0",,,"false","0","0","0","0",,,"382.72","31.58","0","0",,"suspenso","em_aberto",,,,
"2c77f70f-ed42-4d0a-80f8-8dd2edc69f8a","e1f6e3ac-1098-4b30-9e0f-af4c47b351a3","e0c3e623-3b32-4499-b649-20564da4cb8f","16eb2f5e-43d8-435d-81bd-9d6f475627c0",,"06/2023","2023-06-10","1500","2096","suspenso","Origem: Conversão de Relatório | Sistema: Moema Flat | Recibo: 44521 | Multa: R$ 30,00 | Juros: R$ 566,00 | Composição origem: Competência 06/2023 · atraso 1132 dias | Total do Recibo: R$ 2096,00",,"2026-07-23T22:10:35.469376+00:00","2026-07-24T11:19:16.722725+00:00","importacao_cobrancas - 23/07/2026, 19:07",,,"novo","0","0",,,"false","0","0","0","0",,,"566","30","0","0",,"suspenso","em_aberto",,,,
"2e7b7aa6-aae3-4546-8561-22fb01b1949b","e1f6e3ac-1098-4b30-9e0f-af4c47b351a3","e0c3e623-3b32-4499-b649-20564da4cb8f","412bd499-6f95-4ed1-97d1-c6ef148d9e85",,"08/2023","2023-08-31","774.19","1062.67","suspenso","Origem: Conversão de Relatório | Sistema: Moema Flat | Recibo: 48279 | Multa: R$ 15,48 | Juros: R$ 273,00 | Composição origem: Competência 08/2023 · atraso 1050 dias | Total do Recibo: R$ 1062,67",,"2026-07-23T22:10:41.457959+00:00","2026-07-24T11:19:16.722725+00:00","importacao_cobrancas - 23/07/2026, 19:07",,,"novo","0","0",,,"false","0","0","0","0",,,"273","15.48","0","0",,"suspenso","em_aberto",,,,
"32ef9536-8e00-480b-b07c-cdd1f2d51def","36b6c087-56d2-4297-be63-6dcbe02a9f00","d5521661-9dac-400a-ad27-0e2817517b5d","3fca432c-3402-4540-a1ab-380cfc00590a",,"02/2025","2025-02-05","1347.76","1347.76","novo","Origem: Conversão de Relatório | Sistema: Hflex / LiveFacilities | Recibo: 2949968 | Total do Recibo: R$ 1.347,76",,"2026-07-16T17:16:27.554522+00:00","2026-07-16T17:21:14.432369+00:00","importacao_cobrancas - 16/07/2026, 14:16",,,"novo","0","0",,,"false","0","0","0","0",,,"0","0","0","0",,"novo","em_aberto",,,,
"3461c7c4-bfde-4365-92a2-170a77f91e73","36b6c087-56d2-4297-be63-6dcbe02a9f00","d5521661-9dac-400a-ad27-0e2817517b5d","3fca432c-3402-4540-a1ab-380cfc00590a",,"05/2025","2025-05-05","2105.07","2105.07","novo","Origem: Conversão de Relatório | Sistema: Hflex / LiveFacilities | Recibo: 3008465 | Total do Recibo: R$ 2.105,07",,"2026-07-16T17:16:28.926766+00:00","2026-07-16T17:21:14.432369+00:00","importacao_cobrancas - 16/07/2026, 14:16",,,"novo","0","0",,,"false","0","0","0","0",,,"0","0","0","0",,"novo","em_aberto",,,,
"346a5c48-7bf6-46cc-a505-1d142ac596d3","36b6c087-56d2-4297-be63-6dcbe02a9f00","d5521661-9dac-400a-ad27-0e2817517b5d","3fca432c-3402-4540-a1ab-380cfc00590a",,"10/2024","2024-10-05","1972.49","1972.49","suspenso","Origem: Conversão de Relatório | Sistema: Hflex / LiveFacilities | Recibo: 2851011 | Total do Recibo: R$ 1.972,49",,"2026-07-16T17:16:25.641487+00:00","2026-07-24T11:20:12.191706+00:00","importacao_cobrancas - 16/07/2026, 14:16",,,"novo","0","0",,,"false","0","0","0","0",,,"0","0","0","0",,"suspenso","em_aberto",,,,
"34f7906a-a2c3-4a80-a07f-6108d201648d","36b6c087-56d2-4297-be63-6dcbe02a9f00","d5521661-9dac-400a-ad27-0e2817517b5d","a25ed75d-9dd0-4984-a83c-07389ddb615d",,"11/2025","2025-11-05","2217.45","2217.45","novo","Origem: Conversão de Relatório | Sistema: Hflex / LiveFacilities | Recibo: 3118684 | Acordo origem: 190844 | Marcador origem: A | Situação origem: acordo | Total do Recibo: R$ 2.217,45",,"2026-07-16T17:16:15.394069+00:00","2026-07-16T17:21:14.432369+00:00","importacao_cobrancas - 16/07/2026, 14:16",,,"novo","0","0",,,"false","0","0","0","0",,,"0","0","0","0",,"novo","em_aberto",,,,
"350c1bd6-5932-4947-8bda-25519a060d2c","e1f6e3ac-1098-4b30-9e0f-af4c47b351a3","e0c3e623-3b32-4499-b649-20564da4cb8f","16eb2f5e-43d8-435d-81bd-9d6f475627c0",,"04/2022","2022-04-10","1209.29","1856.68","suspenso","Origem: Conversão de Relatório | Sistema: Moema Flat | Recibo: 29827 | Multa: R$ 24,19 | Juros: R$ 623,20 | Composição origem: Competência 04/2022 · atraso 1558 dias | Total do Recibo: R$ 1856,68",,"2026-07-23T22:10:32.529608+00:00","2026-07-24T11:18:46.811868+00:00","importacao_cobrancas - 23/07/2026, 19:07",,,"novo","0","0",,,"false","0","0","0","0",,,"623.2","24.19","0","0",,"suspenso","em_aberto",,,,
"39ed4bcd-b7e5-4d6a-9efa-fc14d0289b61","e1f6e3ac-1098-4b30-9e0f-af4c47b351a3","e0c3e623-3b32-4499-b649-20564da4cb8f","16eb2f5e-43d8-435d-81bd-9d6f475627c0",,"01/2024","2024-01-10","1500","1989","suspenso","Origem: Conversão de Relatório | Sistema: Moema Flat | Recibo: 54160 | Multa: R$ 30,00 | Juros: R$ 459,00 | Composição origem: Competência 01/2024 · atraso 918 dias | Total do Recibo: R$ 1989,00",,"2026-07-23T22:10:37.155045+00:00","2026-07-24T11:19:31.517198+00:00","importacao_cobrancas - 23/07/2026, 19:07",,,"novo","0","0",,,"false","0","0","0","0",,,"459","30","0","0",,"suspenso","em_aberto",,,,
"3c4ff8d1-3d8b-4892-a208-d1a849e9fc25","36b6c087-56d2-4297-be63-6dcbe02a9f00","d5521661-9dac-400a-ad27-0e2817517b5d","a25ed75d-9dd0-4984-a83c-07389ddb615d",,"02/2025","2025-02-05","1347.76","1347.76","novo","Origem: Conversão de Relatório | Sistema: Hflex / LiveFacilities | Recibo: 2949950 | Acordo origem: 190844 | Marcador origem: A | Situação origem: acordo | Total do Recibo: R$ 1.347,76",,"2026-07-16T17:16:09.271302+00:00","2026-07-16T17:21:14.432369+00:00","importacao_cobrancas - 16/07/2026, 14:16",,,"novo","0","0",,,"false","0","0","0","0",,,"0","0","0","0",,"novo","em_aberto",,,,
"41530184-fcde-420b-93c1-880349a51310","36b6c087-56d2-4297-be63-6dcbe02a9f00","d5521661-9dac-400a-ad27-0e2817517b5d","3fca432c-3402-4540-a1ab-380cfc00590a",,"08/2024","2024-08-05","1912.54","1912.54","suspenso","Origem: Conversão de Relatório | Sistema: Hflex / LiveFacilities | Recibo: 2800930 | Total do Recibo: R$ 1.912,54",,"2026-07-16T17:16:24.569365+00:00","2026-07-24T11:20:12.191706+00:00","importacao_cobrancas - 16/07/2026, 14:16",,,"novo","0","0",,,"false","0","0","0","0",,,"0","0","0","0",,"suspenso","em_aberto",,,,
"4362f5d8-8044-4785-827c-1a9f0a5186bc","36b6c087-56d2-4297-be63-6dcbe02a9f00","d5521661-9dac-400a-ad27-0e2817517b5d","3fca432c-3402-4540-a1ab-380cfc00590a",,"11/2025","2025-11-05","2217.45","2217.45","novo","Origem: Conversão de Relatório | Sistema: Hflex / LiveFacilities | Recibo: 3118702 | Total do Recibo: R$ 2.217,45",,"2026-07-16T17:16:32.106888+00:00","2026-07-16T17:21:14.432369+00:00","importacao_cobrancas - 16/07/2026, 14:16",,,"novo","0","0",,,"false","0","0","0","0",,,"0","0","0","0",,"novo","em_aberto",,,,
"4365802e-b11c-4d3e-bdab-80fdcf2fa7ca","06827218-e2b1-4267-ad8f-81a0ab222cad","6578362b-304c-44bb-85b7-2e0f90a36bb4","e11e3bc7-24b6-43ae-8a4a-23c1973140ce",,"09/2021","2021-09-08","19563.7","19563.7","novo","Consumo Mensal Gás 66,69 m3 (08/09/2021 - R$ 1256,21) | Consumo Mensal Gás 51,86 m3 (08/10/2021 - R$ 1171,69) | Consumo Mensal Gás 36,75 m3 (08/11/2021 - R$ 1068,05) | Consumo Mensal Gás 35,58 m3 (08/12/2021 - R$ 1066,89) | Consumo Mensal Gás 32,381 m3 (08/01/2022 - R$ 1056,78) | Projeto Elétrico A131221 1/2 (08/02/2022 - R$ 1179,81) | Consumo Mensal Gás 34,83 m3 (08/03/2022 - R$ 1265,53) | Consumo Mensal Gás 32,59 m3 (08/04/2022 - R$ 1150,96) | Consumo Mensal Gás 61,58 m3 (08/05/2022 - R$ 1360,41) | Consumo Mensal Gás 47,72 m3 (08/06/2022 - R$ 1256,20) | Consumo Mensal Gás 37,96 m3 (08/07/2022 - R$ 1169,10) | Leasing Hidrômetros 01/60 (08/08/2022 - R$ 1256,24) | Consumo Mensal Gás 32,57 m3 (08/09/2022 - R$ 1169,46) | Consumo Mensal Gás 7,98 m3 (08/10/2022 - R$ 1023,99) | Reembolso TAG Aut. 13/09/2022 (08/11/2022 - R$ 979,75) | Leasing Hidrômetros 05/60 (08/12/2022 - R$ 966,75) | Consumo Mensal Gás 22,03 m3 (08/06/2023 - R$ 1165,88)",,"2026-08-17T02:01:21.304863+00:00","2026-08-17T02:01:21.304863+00:00","importacao_cobrancas - 16/08/2026, 23:01",,"5cbb9c83-ff62-4ab0-bf78-7498a1c289a8","novo","0","0",,,"false","0","0","0","0",,,"0","0","0","0",,"novo","em_aberto",,,,
"4481ca91-ef6f-4b8a-bb60-33009e8bd65d","36b6c087-56d2-4297-be63-6dcbe02a9f00","d5521661-9dac-400a-ad27-0e2817517b5d","ed6cefd8-1957-499c-9a9f-97365db92e6a",,"02/2024","2024-02-05","1556.9","1556.9","suspenso","Origem: Conversão de Relatório | Sistema: Hflex / LiveFacilities | Recibo: 2803867 | Acordo origem: 191593 | Marcador origem: A | Situação origem: acordo | Total do Recibo: R$ 1.556,90",,"2026-07-16T17:16:53.699912+00:00","2026-07-24T11:19:31.517198+00:00","importacao_cobrancas - 16/07/2026, 14:16",,,"novo","0","0",,,"false","0","0","0","0",,,"0","0","0","0",,"suspenso","em_aberto",,,,
"47ebf3df-73d5-44ce-90e7-4112b8643cf6","36b6c087-56d2-4297-be63-6dcbe02a9f00","d5521661-9dac-400a-ad27-0e2817517b5d","3fca432c-3402-4540-a1ab-380cfc00590a",,"06/2025","2025-06-05","2143.89","2143.89","novo","Origem: Conversão de Relatório | Sistema: Hflex / LiveFacilities | Recibo: 3025502 | Total do Recibo: R$ 2.143,89",,"2026-07-16T17:16:29.526037+00:00","2026-07-16T17:21:14.432369+00:00","importacao_cobrancas - 16/07/2026, 14:16",,,"novo","0","0",,,"false","0","0","0","0",,,"0","0","0","0",,"novo","em_aberto",,,,
"4e3294c0-98bc-4b9e-ab12-bd79fba54f1c","e1f6e3ac-1098-4b30-9e0f-af4c47b351a3","e0c3e623-3b32-4499-b649-20564da4cb8f","16eb2f5e-43d8-435d-81bd-9d6f475627c0",,"02/2023","2023-02-15","1278.54","1827.85","suspenso","Origem: Conversão de Relatório | Sistema: Moema Flat | Recibo: 38790 | Multa: R$ 25,57 | Juros: R$ 523,74 | Composição origem: Competência 02/2023 · atraso 1247 dias | Total do Recibo: R$ 1827,85",,"2026-07-23T22:10:34.651205+00:00","2026-07-24T11:19:16.722725+00:00","importacao_cobrancas - 23/07/2026, 19:07",,,"novo","0","0",,,"false","0","0","0","0",,,"523.74","25.57","0","0",,"suspenso","em_aberto",,,,
"50c1a8be-ebab-4a14-a02f-cdc1a394f5ac","36b6c087-56d2-4297-be63-6dcbe02a9f00","d5521661-9dac-400a-ad27-0e2817517b5d","3fca432c-3402-4540-a1ab-380cfc00590a",,"07/2025","2025-07-05","2268.45","2268.45","novo","Origem: Conversão de Relatório | Sistema: Hflex / LiveFacilities | Recibo: 3043760 | Total do Recibo: R$ 2.268,45",,"2026-07-16T17:16:29.995842+00:00","2026-07-16T17:21:14.432369+00:00","importacao_cobrancas - 16/07/2026, 14:16",,,"novo","0","0",,,"false","0","0","0","0",,,"0","0","0","0",,"novo","em_aberto",,,,
"535a72d8-f984-49c3-919f-976304d892cf","36b6c087-56d2-4297-be63-6dcbe02a9f00","d5521661-9dac-400a-ad27-0e2817517b5d","3fca432c-3402-4540-a1ab-380cfc00590a",,"09/2025","2025-09-05","2261.54","2261.54","novo","Origem: Conversão de Relatório | Sistema: Hflex / LiveFacilities | Recibo: 3081954 | Total do Recibo: R$ 2.261,54",,"2026-07-16T17:16:30.888414+00:00","2026-07-16T17:21:14.432369+00:00","importacao_cobrancas - 16/07/2026, 14:16",,,"novo","0","0",,,"false","0","0","0","0",,,"0","0","0","0",,"novo","em_aberto",,,,
"57145287-ee46-4e32-a71c-9a577c9e9cc7","36b6c087-56d2-4297-be63-6dcbe02a9f00","d5521661-9dac-400a-ad27-0e2817517b5d","3fca432c-3402-4540-a1ab-380cfc00590a",,"07/2024","2024-07-05","1912.71","1912.71","suspenso","Origem: Conversão de Relatório | Sistema: Hflex / LiveFacilities | Recibo: 2803821 | Total do Recibo: R$ 1.912,71",,"2026-07-16T17:16:23.946432+00:00","2026-07-24T11:19:46.458097+00:00","importacao_cobrancas - 16/07/2026, 14:16",,,"novo","0","0",,,"false","0","0","0","0",,,"0","0","0","0",,"suspenso","em_aberto",,,,
"576dde1c-1fd7-4f26-9942-40ab7cfdd92a","e1f6e3ac-1098-4b30-9e0f-af4c47b351a3","e0c3e623-3b32-4499-b649-20564da4cb8f","16eb2f5e-43d8-435d-81bd-9d6f475627c0",,"01/2025","2025-01-10","1579","1897.62","novo","Origem: Conversão de Relatório | Sistema: Moema Flat | Recibo: 70036 | Multa: R$ 31,58 | Juros: R$ 287,04 | Composição origem: Competência 01/2025 · atraso 552 dias | Total do Recibo: R$ 1897,62",,"2026-07-23T22:10:40.009732+00:00","2026-07-24T11:16:59.641771+00:00","importacao_cobrancas - 23/07/2026, 19:07",,,"novo","0","0",,,"false","0","0","0","0",,,"287.04","31.58","0","0",,"novo","em_aberto",,,,
"5aec4d97-6026-436e-a45a-6a732fcefc29","e1f6e3ac-1098-4b30-9e0f-af4c47b351a3","e0c3e623-3b32-4499-b649-20564da4cb8f","16eb2f5e-43d8-435d-81bd-9d6f475627c0",,"10/2023","2023-10-10","1500","2035","suspenso","Origem: Conversão de Relatório | Sistema: Moema Flat | Recibo: 50224 | Multa: R$ 30,00 | Juros: R$ 505,00 | Composição origem: Competência 10/2023 · atraso 1010 dias | Total do Recibo: R$ 2035,00",,"2026-07-23T22:10:36.535379+00:00","2026-07-24T11:19:31.517198+00:00","importacao_cobrancas - 23/07/2026, 19:07",,,"novo","0","0",,,"false","0","0","0","0",,,"505","30","0","0",,"suspenso","em_aberto",,,,
"613713de-899d-4f47-8712-ea1c14ad7b97","36b6c087-56d2-4297-be63-6dcbe02a9f00","d5521661-9dac-400a-ad27-0e2817517b5d","3fca432c-3402-4540-a1ab-380cfc00590a",,"02/2024","2024-02-05","1997.97","1997.97","suspenso","Origem: Conversão de Relatório | Sistema: Hflex / LiveFacilities | Recibo: 2803863 | Total do Recibo: R$ 1.997,97",,"2026-07-16T17:16:21.176246+00:00","2026-07-24T11:19:31.517198+00:00","importacao_cobrancas - 16/07/2026, 14:16",,,"novo","0","0",,,"false","0","0","0","0",,,"0","0","0","0",,"suspenso","em_aberto",,,,
"65eab310-da5a-4741-ba6e-77feb89e2ed6","e1f6e3ac-1098-4b30-9e0f-af4c47b351a3","e0c3e623-3b32-4499-b649-20564da4cb8f","16eb2f5e-43d8-435d-81bd-9d6f475627c0",,"08/2023","2023-08-10","1500","2065.5","suspenso","Origem: Conversão de Relatório | Sistema: Moema Flat | Recibo: 47029 | Multa: R$ 30,00 | Juros: R$ 535,50 | Composição origem: Competência 08/2023 · atraso 1071 dias | Total do Recibo: R$ 2065,50",,"2026-07-23T22:10:35.89572+00:00","2026-07-24T11:19:16.722725+00:00","importacao_cobrancas - 23/07/2026, 19:07",,,"novo","0","0",,,"false","0","0","0","0",,,"535.5","30","0","0",,"suspenso","em_aberto",,,,
"66d2f05f-a280-4adb-a6ab-170473276ac0","36b6c087-56d2-4297-be63-6dcbe02a9f00","d5521661-9dac-400a-ad27-0e2817517b5d","a25ed75d-9dd0-4984-a83c-07389ddb615d",,"10/2025","2025-10-05","2273.38","2273.38","novo","Origem: Conversão de Relatório | Sistema: Hflex / LiveFacilities | Recibo: 3104710 | Acordo origem: 190844 | Marcador origem: A | Situação origem: acordo | Total do Recibo: R$ 2.273,38",,"2026-07-16T17:16:14.64334+00:00","2026-07-16T17:21:14.432369+00:00","importacao_cobrancas - 16/07/2026, 14:16",,,"novo","0","0",,,"false","0","0","0","0",,,"0","0","0","0",,"novo","em_aberto",,,,
"68e64824-783e-4f24-96fc-e53b32faf504","e1f6e3ac-1098-4b30-9e0f-af4c47b351a3","e0c3e623-3b32-4499-b649-20564da4cb8f","16eb2f5e-43d8-435d-81bd-9d6f475627c0",,"09/2024","2024-09-10","1579","1961.06","suspenso","Origem: Conversão de Relatório | Sistema: Moema Flat | Recibo: 65998 | Multa: R$ 31,58 | Juros: R$ 350,48 | Composição origem: Competência 09/2024 · atraso 674 dias | Total do Recibo: R$ 1961,06",,"2026-07-23T22:10:39.16103+00:00","2026-07-24T11:20:12.191706+00:00","importacao_cobrancas - 23/07/2026, 19:07",,,"novo","0","0",,,"false","0","0","0","0",,,"350.48","31.58","0","0",,"suspenso","em_aberto",,,,
"6931c4a0-4fe0-4f2b-ab1e-205f435d86e7","36b6c087-56d2-4297-be63-6dcbe02a9f00","d5521661-9dac-400a-ad27-0e2817517b5d","ed6cefd8-1957-499c-9a9f-97365db92e6a",,"10/2023","2023-10-05","249.17","249.17","suspenso","Origem: Conversão de Relatório | Sistema: Hflex / LiveFacilities | Recibo: 2803816 | Acordo origem: 191593 | Marcador origem: A | Situação origem: acordo | Total do Recibo: R$ 249,17",,"2026-07-16T17:16:51.354502+00:00","2026-07-24T11:19:31.517198+00:00","importacao_cobrancas - 16/07/2026, 14:16",,,"novo","0","0",,,"false","0","0","0","0",,,"0","0","0","0",,"suspenso","em_aberto",,,,
"69ee27e1-074c-41e7-96d5-0b5eeb2845bc","06827218-e2b1-4267-ad8f-81a0ab222cad","6578362b-304c-44bb-85b7-2e0f90a36bb4","6c17fa14-1e1b-4dee-976c-74f2cb92f2a8",,"11/2025","2025-11-08","1270.24","1270.24","novo","Consumo Mensal Gás 22,81 m3 (08/11/2025 - R$ 1270,24)",,"2026-08-17T02:01:29.773989+00:00","2026-08-17T02:01:29.773989+00:00","importacao_cobrancas - 16/08/2026, 23:01",,"5cbb9c83-ff62-4ab0-bf78-7498a1c289a8","novo","0","0",,,"false","0","0","0","0",,,"0","0","0","0",,"novo","em_aberto",,,,
"6c064201-3071-4481-a4b1-35f7846f15bd","36b6c087-56d2-4297-be63-6dcbe02a9f00","d5521661-9dac-400a-ad27-0e2817517b5d","3fca432c-3402-4540-a1ab-380cfc00590a",,"10/2025","2025-10-05","2272.53","2272.53","novo","Origem: Conversão de Relatório | Sistema: Hflex / LiveFacilities | Recibo: 3104728 | Total do Recibo: R$ 2.272,53",,"2026-07-16T17:16:31.495113+00:00","2026-07-16T17:21:14.432369+00:00","importacao_cobrancas - 16/07/2026, 14:16",,,"novo","0","0",,,"false","0","0","0","0",,,"0","0","0","0",,"novo","em_aberto",,,,
"6cbe6f94-dd63-4f7c-89fc-5604e160bddc","36b6c087-56d2-4297-be63-6dcbe02a9f00","d5521661-9dac-400a-ad27-0e2817517b5d","1a6607b3-5a87-44dc-90c1-c47cebfb787a",,"08/2024","2024-08-05","1762.73","1762.73","suspenso","Origem: Conversão de Relatório | Sistema: Hflex / LiveFacilities | Recibo: 2801018 | Total do Recibo: R$ 1.762,73",,"2026-07-16T17:16:48.828544+00:00","2026-07-24T11:20:12.191706+00:00","importacao_cobrancas - 16/07/2026, 14:16",,,"novo","0","0",,,"false","0","0","0","0",,,"0","0","0","0",,"suspenso","em_aberto",,,,
"79410813-76ba-4164-b219-5e3e71afa2d5","06827218-e2b1-4267-ad8f-81a0ab222cad","6578362b-304c-44bb-85b7-2e0f90a36bb4","e367b2a1-d0d0-4f34-9873-e73c1cb02dae",,"12/2022","2022-12-12","2004.19","2004.19","novo","Multa RI 17/11/22 - 25% RM (12/12/2022 - R$ 228,53) | Consumo Mensal Gás 46,01 m3 (08/08/2025 - R$ 1775,66)",,"2026-08-17T02:01:23.831448+00:00","2026-08-17T02:01:23.831448+00:00","importacao_cobrancas - 16/08/2026, 23:01",,"5cbb9c83-ff62-4ab0-bf78-7498a1c289a8","novo","0","0",,,"false","0","0","0","0",,,"0","0","0","0",,"novo","em_aberto",,,,
"7c0af61e-5161-418d-82ec-ed0f72a98cde","e1f6e3ac-1098-4b30-9e0f-af4c47b351a3","e0c3e623-3b32-4499-b649-20564da4cb8f","16eb2f5e-43d8-435d-81bd-9d6f475627c0",,"05/2024","2024-05-10","1579","2025.02","suspenso","Origem: Conversão de Relatório | Sistema: Moema Flat | Recibo: 60087 | Multa: R$ 31,58 | Juros: R$ 414,44 | Composição origem: Competência 05/2024 · atraso 797 dias | Total do Recibo: R$ 2025,02",,"2026-07-23T22:10:38.160791+00:00","2026-07-24T11:19:46.458097+00:00","importacao_cobrancas - 23/07/2026, 19:07",,,"novo","0","0",,,"false","0","0","0","0",,,"414.44","31.58","0","0",,"suspenso","em_aberto",,,,
"826c48f4-a33e-4c62-b904-563b921c9c57","36b6c087-56d2-4297-be63-6dcbe02a9f00","d5521661-9dac-400a-ad27-0e2817517b5d","1a6607b3-5a87-44dc-90c1-c47cebfb787a",,"07/2024","2024-07-05","1517.22","1517.22","suspenso","Origem: Conversão de Relatório | Sistema: Hflex / LiveFacilities | Recibo: 2803825 | Total do Recibo: R$ 1.517,22",,"2026-07-16T17:16:48.384887+00:00","2026-07-24T11:19:46.458097+00:00","importacao_cobrancas - 16/07/2026, 14:16",,,"novo","0","0",,,"false","0","0","0","0",,,"0","0","0","0",,"suspenso","em_aberto",,,,
"82d068b0-117a-420b-865b-424db948dbcb","36b6c087-56d2-4297-be63-6dcbe02a9f00","d5521661-9dac-400a-ad27-0e2817517b5d","ed6cefd8-1957-499c-9a9f-97365db92e6a",,"05/2024","2024-05-13","1374.74","1374.74","suspenso","Origem: Conversão de Relatório | Sistema: Hflex / LiveFacilities | Recibo: 2803857 | Acordo origem: 191593 | Marcador origem: A | Situação origem: acordo | Total do Recibo: R$ 1.374,74",,"2026-07-16T17:16:54.971653+00:00","2026-07-24T11:19:46.458097+00:00","importacao_cobrancas - 16/07/2026, 14:16",,,"novo","0","0",,,"false","0","0","0","0",,,"0","0","0","0",,"suspenso","em_aberto",,,,
"84645c19-8c1e-4067-af73-ef4f8c7c611c","36b6c087-56d2-4297-be63-6dcbe02a9f00","d5521661-9dac-400a-ad27-0e2817517b5d","3fca432c-3402-4540-a1ab-380cfc00590a",,"09/2024","2024-09-09","1870.55","1870.55","suspenso","Origem: Conversão de Relatório | Sistema: Hflex / LiveFacilities | Recibo: 2826335 | Total do Recibo: R$ 1.870,55",,"2026-07-16T17:16:25.202555+00:00","2026-07-24T11:20:12.191706+00:00","importacao_cobrancas - 16/07/2026, 14:16",,,"novo","0","0",,,"false","0","0","0","0",,,"0","0","0","0",,"suspenso","em_aberto",,,,
"864b37df-5644-4718-90dd-a6274f35b76d","36b6c087-56d2-4297-be63-6dcbe02a9f00","d5521661-9dac-400a-ad27-0e2817517b5d","4ff4d08e-30a8-409a-ae4e-a4c01f16b39d",,"10/2025","2025-10-05","2280.61","2280.61","novo","Origem: Conversão de Relatório | Sistema: Hflex / LiveFacilities | Recibo: 3104743 | Total do Recibo: R$ 2.280,61",,"2026-07-16T17:16:37.025437+00:00","2026-07-16T17:21:14.432369+00:00","importacao_cobrancas - 16/07/2026, 14:16",,,"novo","0","0",,,"false","0","0","0","0",,,"0","0","0","0",,"novo","em_aberto",,,,
"87528097-45ea-4877-95e4-c5d0a4ee8458","36b6c087-56d2-4297-be63-6dcbe02a9f00","d5521661-9dac-400a-ad27-0e2817517b5d","b435db49-368c-405f-bcba-442b68205ee5",,"07/2023","2023-07-12","1858.88","1858.88","suspenso","Origem: Conversão de Relatório | Sistema: Hflex / LiveFacilities | Recibo: 2803796 | Total do Recibo: R$ 1.858,88",,"2026-07-16T17:16:45.175583+00:00","2026-07-24T11:19:16.722725+00:00","importacao_cobrancas - 16/07/2026, 14:16",,,"novo","0","0",,,"false","0","0","0","0",,,"0","0","0","0",,"suspenso","em_aberto",,,,
"888d4475-b458-4d27-a8d0-201f3c629e1c","36b6c087-56d2-4297-be63-6dcbe02a9f00","d5521661-9dac-400a-ad27-0e2817517b5d","ed6cefd8-1957-499c-9a9f-97365db92e6a",,"04/2024","2024-04-05","1640.21","1640.21","suspenso","Origem: Conversão de Relatório | Sistema: Hflex / LiveFacilities | Recibo: 2803807 | Acordo origem: 191593 | Marcador origem: A | Situação origem: acordo | Total do Recibo: R$ 1.640,21",,"2026-07-16T17:16:54.552138+00:00","2026-07-24T11:19:31.517198+00:00","importacao_cobrancas - 16/07/2026, 14:16",,,"novo","0","0",,,"false","0","0","0","0",,,"0","0","0","0",,"suspenso","em_aberto",,,,
"89f42be7-7ce9-4ced-8de4-2048d3924462","36b6c087-56d2-4297-be63-6dcbe02a9f00","d5521661-9dac-400a-ad27-0e2817517b5d","ed6cefd8-1957-499c-9a9f-97365db92e6a",,"03/2024","2024-03-05","1419.6","1419.6","suspenso","Origem: Conversão de Relatório | Sistema: Hflex / LiveFacilities | Recibo: 2803762 | Acordo origem: 191593 | Marcador origem: A | Situação origem: acordo | Total do Recibo: R$ 1.419,60",,"2026-07-16T17:16:54.13146+00:00","2026-07-24T11:19:31.517198+00:00","importacao_cobrancas - 16/07/2026, 14:16",,,"novo","0","0",,,"false","0","0","0","0",,,"0","0","0","0",,"suspenso","em_aberto",,,,
"8bc1c714-0801-49b3-9776-cb406c5042de","e1f6e3ac-1098-4b30-9e0f-af4c47b351a3","e0c3e623-3b32-4499-b649-20564da4cb8f","16eb2f5e-43d8-435d-81bd-9d6f475627c0",,"06/2022","2022-06-10","1133.16","1709.71","suspenso","Origem: Conversão de Relatório | Sistema: Moema Flat | Recibo: 31634 | Multa: R$ 22,66 | Juros: R$ 553,89 | Composição origem: Competência 06/2022 · atraso 1497 dias | Total do Recibo: R$ 1709,71",,"2026-07-23T22:10:32.972783+00:00","2026-07-24T11:18:46.811868+00:00","importacao_cobrancas - 23/07/2026, 19:07",,,"novo","0","0",,,"false","0","0","0","0",,,"553.89","22.66","0","0",,"suspenso","em_aberto",,,,
"8e1e95d7-58ea-46a7-b5b0-f6bb38c8c271","e1f6e3ac-1098-4b30-9e0f-af4c47b351a3","e0c3e623-3b32-4499-b649-20564da4cb8f","16eb2f5e-43d8-435d-81bd-9d6f475627c0",,"11/2024","2024-11-10","1579","1929.34","suspenso","Origem: Conversão de Relatório | Sistema: Moema Flat | Recibo: 68203 | Multa: R$ 31,58 | Juros: R$ 318,76 | Composição origem: Competência 11/2024 · atraso 613 dias | Total do Recibo: R$ 1929,34",,"2026-07-23T22:10:39.59083+00:00","2026-07-24T11:20:28.852155+00:00","importacao_cobrancas - 23/07/2026, 19:07",,,"novo","0","0",,,"false","0","0","0","0",,,"318.76","31.58","0","0",,"suspenso","em_aberto",,,,
"93928a45-4b65-4961-a6ce-4abbbeb047ab","36b6c087-56d2-4297-be63-6dcbe02a9f00","d5521661-9dac-400a-ad27-0e2817517b5d","a25ed75d-9dd0-4984-a83c-07389ddb615d",,"03/2025","2025-03-07","2123.52","2123.52","novo","Origem: Conversão de Relatório | Sistema: Hflex / LiveFacilities | Recibo: 2971175 | Acordo origem: 190844 | Marcador origem: A | Situação origem: acordo | Total do Recibo: R$ 2.123,52",,"2026-07-16T17:16:10.251929+00:00","2026-07-16T17:21:14.432369+00:00","importacao_cobrancas - 16/07/2026, 14:16",,,"novo","0","0",,,"false","0","0","0","0",,,"0","0","0","0",,"novo","em_aberto",,,,
"94af28bb-e8fc-440b-ae9d-de43e25d7799","e1f6e3ac-1098-4b30-9e0f-af4c47b351a3","e0c3e623-3b32-4499-b649-20564da4cb8f","16eb2f5e-43d8-435d-81bd-9d6f475627c0",,"08/2024","2024-08-10","1579","1977.18","suspenso","Origem: Conversão de Relatório | Sistema: Moema Flat | Recibo: 64572 | Multa: R$ 31,58 | Juros: R$ 366,60 | Composição origem: Competência 08/2024 · atraso 705 dias | Total do Recibo: R$ 1977,18",,"2026-07-23T22:10:38.950868+00:00","2026-07-24T11:20:12.191706+00:00","importacao_cobrancas - 23/07/2026, 19:07",,,"novo","0","0",,,"false","0","0","0","0",,,"366.6","31.58","0","0",,"suspenso","em_aberto",,,,
"960e4986-9995-4e1d-b0ca-f70987a4dde9","e1f6e3ac-1098-4b30-9e0f-af4c47b351a3","e0c3e623-3b32-4499-b649-20564da4cb8f","16eb2f5e-43d8-435d-81bd-9d6f475627c0",,"12/2022","2022-12-12","1233.06","1795.64","suspenso","Origem: Conversão de Relatório | Sistema: Moema Flat | Recibo: 36947 | Multa: R$ 24,66 | Juros: R$ 537,92 | Composição origem: Competência 12/2022 · atraso 1312 dias | Total do Recibo: R$ 1795,64",,"2026-07-23T22:10:34.264342+00:00","2026-07-24T11:19:16.722725+00:00","importacao_cobrancas - 23/07/2026, 19:07",,,"novo","0","0",,,"false","0","0","0","0",,,"537.92","24.66","0","0",,"suspenso","em_aberto",,,,
"9717cfcd-873b-40aa-8544-7e83745e6f6c","e1f6e3ac-1098-4b30-9e0f-af4c47b351a3","e0c3e623-3b32-4499-b649-20564da4cb8f","16eb2f5e-43d8-435d-81bd-9d6f475627c0",,"05/2023","2023-05-10","1500","2111.5","suspenso","Origem: Conversão de Relatório | Sistema: Moema Flat | Recibo: 43243 | Multa: R$ 30,00 | Juros: R$ 581,50 | Composição origem: Competência 05/2023 · atraso 1163 dias | Total do Recibo: R$ 2111,50",,"2026-07-23T22:10:35.267698+00:00","2026-07-24T11:19:16.722725+00:00","importacao_cobrancas - 23/07/2026, 19:07",,,"novo","0","0",,,"false","0","0","0","0",,,"581.5","30","0","0",,"suspenso","em_aberto",,,,
"9b53aad9-6009-45c7-9425-0a8306aa9fe8","36b6c087-56d2-4297-be63-6dcbe02a9f00","d5521661-9dac-400a-ad27-0e2817517b5d","3fca432c-3402-4540-a1ab-380cfc00590a",,"12/2024","2024-12-05","1770.24","1770.24","suspenso","Origem: Conversão de Relatório | Sistema: Hflex / LiveFacilities | Recibo: 2897242 | Total do Recibo: R$ 1.770,24",,"2026-07-16T17:16:26.709589+00:00","2026-07-24T11:20:28.852155+00:00","importacao_cobrancas - 16/07/2026, 14:16",,,"novo","0","0",,,"false","0","0","0","0",,,"0","0","0","0",,"suspenso","em_aberto",,,,
"9e1650d9-7679-4af4-a7a2-867c9f0e8842","36b6c087-56d2-4297-be63-6dcbe02a9f00","d5521661-9dac-400a-ad27-0e2817517b5d","3fca432c-3402-4540-a1ab-380cfc00590a",,"11/2024","2024-11-05","1739.98","1739.98","suspenso","Origem: Conversão de Relatório | Sistema: Hflex / LiveFacilities | Recibo: 2873159 | Total do Recibo: R$ 1.739,98",,"2026-07-16T17:16:26.253009+00:00","2026-07-24T11:20:28.852155+00:00","importacao_cobrancas - 16/07/2026, 14:16",,,"novo","0","0",,,"false","0","0","0","0",,,"0","0","0","0",,"suspenso","em_aberto",,,,
"a5544c90-d506-466b-b67a-44001a62644a","36b6c087-56d2-4297-be63-6dcbe02a9f00","d5521661-9dac-400a-ad27-0e2817517b5d","3fca432c-3402-4540-a1ab-380cfc00590a",,"10/2023","2023-10-05","1978.39","1978.39","suspenso","Origem: Conversão de Relatório | Sistema: Hflex / LiveFacilities | Recibo: 2803812 | Total do Recibo: R$ 1.978,39",,"2026-07-16T17:16:19.879439+00:00","2026-07-24T11:19:31.517198+00:00","importacao_cobrancas - 16/07/2026, 14:16",,,"novo","0","0",,,"false","0","0","0","0",,,"0","0","0","0",,"suspenso","em_aberto",,,,
"aafbe567-1f07-4463-a1df-599e97b77c93","e1f6e3ac-1098-4b30-9e0f-af4c47b351a3","e0c3e623-3b32-4499-b649-20564da4cb8f","16eb2f5e-43d8-435d-81bd-9d6f475627c0",,"03/2024","2024-03-10","1500","1959","suspenso","Origem: Conversão de Relatório | Sistema: Moema Flat | Recibo: 56466 | Multa: R$ 30,00 | Juros: R$ 429,00 | Composição origem: Competência 03/2024 · atraso 858 dias | Total do Recibo: R$ 1959,00",,"2026-07-23T22:10:37.564243+00:00","2026-07-24T11:19:31.517198+00:00","importacao_cobrancas - 23/07/2026, 19:07",,,"novo","0","0",,,"false","0","0","0","0",,,"429","30","0","0",,"suspenso","em_aberto",,,,
"b4f009f6-8bd0-4459-9774-9a9392396cc5","36b6c087-56d2-4297-be63-6dcbe02a9f00","d5521661-9dac-400a-ad27-0e2817517b5d","a25ed75d-9dd0-4984-a83c-07389ddb615d",,"10/2024","2024-10-05","1972.49","1972.49","suspenso","Origem: Conversão de Relatório | Sistema: Hflex / LiveFacilities | Recibo: 2850993 | Acordo origem: 190844 | Marcador origem: A | Situação origem: acordo | Total do Recibo: R$ 1.972,49",,"2026-07-16T17:16:05.420832+00:00","2026-07-24T11:20:12.191706+00:00","importacao_cobrancas - 16/07/2026, 14:16",,,"novo","0","0",,,"false","0","0","0","0",,,"0","0","0","0",,"suspenso","em_aberto",,,,
"b7aeec12-d7df-43a6-80c3-e63ee1706e73","36b6c087-56d2-4297-be63-6dcbe02a9f00","d5521661-9dac-400a-ad27-0e2817517b5d","a25ed75d-9dd0-4984-a83c-07389ddb615d",,"07/2025","2025-07-05","2268.45","2268.45","novo","Origem: Conversão de Relatório | Sistema: Hflex / LiveFacilities | Recibo: 3043742 | Acordo origem: 190844 | Marcador origem: A | Situação origem: acordo | Total do Recibo: R$ 2.268,45",,"2026-07-16T17:16:12.826586+00:00","2026-07-16T17:21:14.432369+00:00","importacao_cobrancas - 16/07/2026, 14:16",,,"novo","0","0",,,"false","0","0","0","0",,,"0","0","0","0",,"novo","em_aberto",,,,
"b8b31da6-2e9e-4fc5-8b55-b368d862c27c","36b6c087-56d2-4297-be63-6dcbe02a9f00","d5521661-9dac-400a-ad27-0e2817517b5d","3fca432c-3402-4540-a1ab-380cfc00590a",,"12/2025","2025-12-05","2225.23","2225.23","novo","Origem: Conversão de Relatório | Sistema: Hflex / LiveFacilities | Recibo: 3144987 | Total do Recibo: R$ 2.225,23",,"2026-07-16T17:16:32.526417+00:00","2026-07-16T17:21:14.432369+00:00","importacao_cobrancas - 16/07/2026, 14:16",,,"novo","0","0",,,"false","0","0","0","0",,,"0","0","0","0",,"novo","em_aberto",,,,
"ba6fb941-fbca-4717-acae-de6e92464b54","e1f6e3ac-1098-4b30-9e0f-af4c47b351a3","e0c3e623-3b32-4499-b649-20564da4cb8f","16eb2f5e-43d8-435d-81bd-9d6f475627c0",,"12/2023","2023-12-10","1500","2004.5","suspenso","Origem: Conversão de Relatório | Sistema: Moema Flat | Recibo: 53017 | Multa: R$ 30,00 | Juros: R$ 474,50 | Composição origem: Competência 12/2023 · atraso 949 dias | Total do Recibo: R$ 2004,50",,"2026-07-23T22:10:36.939753+00:00","2026-07-24T11:19:31.517198+00:00","importacao_cobrancas - 23/07/2026, 19:07",,,"novo","0","0",,,"false","0","0","0","0",,,"474.5","30","0","0",,"suspenso","em_aberto",,,,
"bf6bf457-e875-42dd-b8c1-8c71bb6593c9","e1f6e3ac-1098-4b30-9e0f-af4c47b351a3","e0c3e623-3b32-4499-b649-20564da4cb8f","16eb2f5e-43d8-435d-81bd-9d6f475627c0",,"01/2023","2023-01-10","1029.3","1486.11","suspenso","Origem: Conversão de Relatório | Sistema: Moema Flat | Recibo: 37802 | Multa: R$ 20,59 | Juros: R$ 436,22 | Composição origem: Competência 01/2023 · atraso 1283 dias | Total do Recibo: R$ 1486,11",,"2026-07-23T22:10:34.454301+00:00","2026-07-24T11:19:16.722725+00:00","importacao_cobrancas - 23/07/2026, 19:07",,,"novo","0","0",,,"false","0","0","0","0",,,"436.22","20.59","0","0",,"suspenso","em_aberto",,,,
"c370b299-a090-4e65-8753-06d9db092b92","36b6c087-56d2-4297-be63-6dcbe02a9f00","d5521661-9dac-400a-ad27-0e2817517b5d","ed6cefd8-1957-499c-9a9f-97365db92e6a",,"12/2023","2023-12-05","1500.94","1500.94","suspenso","Origem: Conversão de Relatório | Sistema: Hflex / LiveFacilities | Recibo: 2803784 | Acordo origem: 191593 | Marcador origem: A | Situação origem: acordo | Total do Recibo: R$ 1.500,94",,"2026-07-16T17:16:52.786886+00:00","2026-07-24T11:19:31.517198+00:00","importacao_cobrancas - 16/07/2026, 14:16",,,"novo","0","0",,,"false","0","0","0","0",,,"0","0","0","0",,"suspenso","em_aberto",,,,
"c50fce0b-6dbd-4d9b-b532-2ecd2a78fa48","e1f6e3ac-1098-4b30-9e0f-af4c47b351a3","e0c3e623-3b32-4499-b649-20564da4cb8f","16eb2f5e-43d8-435d-81bd-9d6f475627c0",,"03/2023","2023-03-10","1305.67","1858.1","suspenso","Origem: Conversão de Relatório | Sistema: Moema Flat | Recibo: 40005 | Multa: R$ 26,11 | Juros: R$ 526,32 | Composição origem: Competência 03/2023 · atraso 1224 dias | Total do Recibo: R$ 1858,10",,"2026-07-23T22:10:34.868862+00:00","2026-07-24T11:19:16.722725+00:00","importacao_cobrancas - 23/07/2026, 19:07",,,"novo","0","0",,,"false","0","0","0","0",,,"526.32","26.11","0","0",,"suspenso","em_aberto",,,,
"c62bf17d-122b-44d8-8287-323bda547660","e1f6e3ac-1098-4b30-9e0f-af4c47b351a3","e0c3e623-3b32-4499-b649-20564da4cb8f","16eb2f5e-43d8-435d-81bd-9d6f475627c0",,"06/2024","2024-06-10","1579","2008.9","suspenso","Origem: Conversão de Relatório | Sistema: Moema Flat | Recibo: 62261 | Multa: R$ 31,58 | Juros: R$ 398,32 | Composição origem: Competência 06/2024 · atraso 766 dias | Total do Recibo: R$ 2008,90",,"2026-07-23T22:10:38.371532+00:00","2026-07-24T11:19:46.458097+00:00","importacao_cobrancas - 23/07/2026, 19:07",,,"novo","0","0",,,"false","0","0","0","0",,,"398.32","31.58","0","0",,"suspenso","em_aberto",,,,
"c6985387-8c42-4408-be6c-f37bcc974205","36b6c087-56d2-4297-be63-6dcbe02a9f00","d5521661-9dac-400a-ad27-0e2817517b5d","ed6cefd8-1957-499c-9a9f-97365db92e6a",,"06/2024","2024-06-05","1396.53","1396.53","suspenso","Origem: Conversão de Relatório | Sistema: Hflex / LiveFacilities | Recibo: 2803778 | Acordo origem: 191593 | Marcador origem: A | Situação origem: acordo | Total do Recibo: R$ 1.396,53",,"2026-07-16T17:16:55.431941+00:00","2026-07-24T11:19:46.458097+00:00","importacao_cobrancas - 16/07/2026, 14:16",,,"novo","0","0",,,"false","0","0","0","0",,,"0","0","0","0",,"suspenso","em_aberto",,,,
"c7536b1c-57c6-4c84-9eb0-c9818e1624b9","e1f6e3ac-1098-4b30-9e0f-af4c47b351a3","e0c3e623-3b32-4499-b649-20564da4cb8f","16eb2f5e-43d8-435d-81bd-9d6f475627c0",,"02/2025","2025-02-10","1579","1881.5","novo","Origem: Conversão de Relatório | Sistema: Moema Flat | Recibo: 70925 | Multa: R$ 31,58 | Juros: R$ 270,92 | Composição origem: Competência 02/2025 · atraso 521 dias | Total do Recibo: R$ 1881,50",,"2026-07-23T22:10:40.209533+00:00","2026-07-24T11:16:59.641771+00:00","importacao_cobrancas - 23/07/2026, 19:07",,,"novo","0","0",,,"false","0","0","0","0",,,"270.92","31.58","0","0",,"novo","em_aberto",,,,
"cac92d50-2d2f-4032-870a-52d33b62ae1d","e1f6e3ac-1098-4b30-9e0f-af4c47b351a3","e0c3e623-3b32-4499-b649-20564da4cb8f","16eb2f5e-43d8-435d-81bd-9d6f475627c0",,"04/2024","2024-04-10","1579","2040.62","suspenso","Origem: Conversão de Relatório | Sistema: Moema Flat | Recibo: 58174 | Multa: R$ 31,58 | Juros: R$ 430,04 | Composição origem: Competência 04/2024 · atraso 827 dias | Total do Recibo: R$ 2040,62",,"2026-07-23T22:10:37.948956+00:00","2026-07-24T11:19:46.458097+00:00","importacao_cobrancas - 23/07/2026, 19:07",,,"novo","0","0",,,"false","0","0","0","0",,,"430.04","31.58","0","0",,"suspenso","em_aberto",,,,
"ccfb335c-d923-4b10-8e2c-d36b4be446da","36b6c087-56d2-4297-be63-6dcbe02a9f00","d5521661-9dac-400a-ad27-0e2817517b5d","3fca432c-3402-4540-a1ab-380cfc00590a",,"05/2024","2024-05-13","1764.19","1764.19","suspenso","Origem: Conversão de Relatório | Sistema: Hflex / LiveFacilities | Recibo: 2803851 | Total do Recibo: R$ 1.764,19",,"2026-07-16T17:16:22.888005+00:00","2026-07-24T11:19:46.458097+00:00","importacao_cobrancas - 16/07/2026, 14:16",,,"novo","0","0",,,"false","0","0","0","0",,,"0","0","0","0",,"suspenso","em_aberto",,,,
"cf19a3a0-9c11-4ee1-bf9f-560048a52ac3","36b6c087-56d2-4297-be63-6dcbe02a9f00","d5521661-9dac-400a-ad27-0e2817517b5d","3fca432c-3402-4540-a1ab-380cfc00590a",,"07/2023","2023-07-12","1858.88","1858.88","suspenso","Origem: Conversão de Relatório | Sistema: Hflex / LiveFacilities | Recibo: 2803795 | Total do Recibo: R$ 1.858,88",,"2026-07-16T17:16:18.917088+00:00","2026-07-24T11:19:16.722725+00:00","importacao_cobrancas - 16/07/2026, 14:16",,,"novo","0","0",,,"false","0","0","0","0",,,"0","0","0","0",,"suspenso","em_aberto",,,,
"d116223d-98bd-422a-bd45-9d8350b2352b","36b6c087-56d2-4297-be63-6dcbe02a9f00","d5521661-9dac-400a-ad27-0e2817517b5d","3fca432c-3402-4540-a1ab-380cfc00590a",,"03/2024","2024-03-05","1821.75","1821.75","suspenso","Origem: Conversão de Relatório | Sistema: Hflex / LiveFacilities | Recibo: 2803759 | Total do Recibo: R$ 1.821,75",,"2026-07-16T17:16:21.954607+00:00","2026-07-24T11:19:31.517198+00:00","importacao_cobrancas - 16/07/2026, 14:16",,,"novo","0","0",,,"false","0","0","0","0",,,"0","0","0","0",,"suspenso","em_aberto",,,,
"d2eb51f0-f66a-4a39-b11c-90537106f3c8","36b6c087-56d2-4297-be63-6dcbe02a9f00","d5521661-9dac-400a-ad27-0e2817517b5d","a25ed75d-9dd0-4984-a83c-07389ddb615d",,"09/2024","2024-09-09","303.85","303.85","suspenso","Origem: Conversão de Relatório | Sistema: Hflex / LiveFacilities | Recibo: 2826317 | Acordo origem: 190844 | Marcador origem: A | Situação origem: acordo | Total do Recibo: R$ 303,85",,"2026-07-16T17:16:04.410677+00:00","2026-07-24T11:20:12.191706+00:00","importacao_cobrancas - 16/07/2026, 14:16",,,"novo","0","0",,,"false","0","0","0","0",,,"0","0","0","0",,"suspenso","em_aberto",,,,
"d5af9fe4-5f67-4dc4-887c-dbdab6b2b7bf","e1f6e3ac-1098-4b30-9e0f-af4c47b351a3","e0c3e623-3b32-4499-b649-20564da4cb8f","16eb2f5e-43d8-435d-81bd-9d6f475627c0",,"05/2022","2022-05-10","1004.31","1528.64","suspenso","Origem: Conversão de Relatório | Sistema: Moema Flat | Recibo: 30786 | Multa: R$ 20,09 | Juros: R$ 504,24 | Composição origem: Competência 05/2022 · atraso 1528 dias | Total do Recibo: R$ 1528,64",,"2026-07-23T22:10:32.776706+00:00","2026-07-24T11:18:46.811868+00:00","importacao_cobrancas - 23/07/2026, 19:07",,,"novo","0","0",,,"false","0","0","0","0",,,"504.24","20.09","0","0",,"suspenso","em_aberto",,,,
"d6887cfd-046e-414a-aa60-29c50ca91bb7","e1f6e3ac-1098-4b30-9e0f-af4c47b351a3","e0c3e623-3b32-4499-b649-20564da4cb8f","16eb2f5e-43d8-435d-81bd-9d6f475627c0",,"11/2023","2023-11-10","1500","2019.5","suspenso","Origem: Conversão de Relatório | Sistema: Moema Flat | Recibo: 51347 | Multa: R$ 30,00 | Juros: R$ 489,50 | Composição origem: Competência 11/2023 · atraso 979 dias | Total do Recibo: R$ 2019,50",,"2026-07-23T22:10:36.740811+00:00","2026-07-24T11:19:31.517198+00:00","importacao_cobrancas - 23/07/2026, 19:07",,,"novo","0","0",,,"false","0","0","0","0",,,"489.5","30","0","0",,"suspenso","em_aberto",,,,
"dc3885a9-c3e6-464d-a75b-df0a301a0f11","36b6c087-56d2-4297-be63-6dcbe02a9f00","d5521661-9dac-400a-ad27-0e2817517b5d","3fca432c-3402-4540-a1ab-380cfc00590a",,"01/2024","2024-01-05","1911.66","1911.66","suspenso","Origem: Conversão de Relatório | Sistema: Hflex / LiveFacilities | Recibo: 2803789 | Total do Recibo: R$ 1.911,66",,"2026-07-16T17:16:03.16535+00:00","2026-07-24T11:19:31.517198+00:00","importacao_cobrancas - 16/07/2026, 14:16",,,"novo","0","0",,,"false","0","0","0","0",,,"0","0","0","0",,"suspenso","em_aberto",,,,
"de2c9bdb-fb4c-4593-a4fc-3314248acdb8","36b6c087-56d2-4297-be63-6dcbe02a9f00","d5521661-9dac-400a-ad27-0e2817517b5d","a25ed75d-9dd0-4984-a83c-07389ddb615d",,"12/2024","2024-12-05","1770.24","1770.24","suspenso","Origem: Conversão de Relatório | Sistema: Hflex / LiveFacilities | Recibo: 2897224 | Acordo origem: 190844 | Marcador origem: A | Situação origem: acordo | Total do Recibo: R$ 1.770,24",,"2026-07-16T17:16:07.489883+00:00","2026-07-24T11:20:28.852155+00:00","importacao_cobrancas - 16/07/2026, 14:16",,,"novo","0","0",,,"false","0","0","0","0",,,"0","0","0","0",,"suspenso","em_aberto",,,,
"e7eadbb3-264a-4c6e-87fe-3604e61b9f8d","e1f6e3ac-1098-4b30-9e0f-af4c47b351a3","e0c3e623-3b32-4499-b649-20564da4cb8f","412bd499-6f95-4ed1-97d1-c6ef148d9e85",,"08/2023","2023-08-15","12000","16461.36","suspenso","Origem: Conversão de Relatório | Sistema: Moema Flat | Recibo: 47075 | Multa: R$ 240,00 | Juros: R$ 4221,36 | Composição origem: Competência 07/2023 · atraso 1066 dias | Total do Recibo: R$ 16461,36",,"2026-07-23T22:10:41.238335+00:00","2026-07-24T11:19:16.722725+00:00","importacao_cobrancas - 23/07/2026, 19:07",,,"novo","0","0",,,"false","0","0","0","0",,,"4221.36","240","0","0",,"suspenso","em_aberto",,,,
"e8c576af-6a3b-43ea-8277-b62279adad96","36b6c087-56d2-4297-be63-6dcbe02a9f00","d5521661-9dac-400a-ad27-0e2817517b5d","ed6cefd8-1957-499c-9a9f-97365db92e6a",,"11/2023","2023-11-05","1742.84","1742.84","suspenso","Origem: Conversão de Relatório | Sistema: Hflex / LiveFacilities | Recibo: 2803839 | Acordo origem: 191593 | Marcador origem: A | Situação origem: acordo | Total do Recibo: R$ 1.742,84",,"2026-07-16T17:16:51.780767+00:00","2026-07-24T11:19:31.517198+00:00","importacao_cobrancas - 16/07/2026, 14:16",,,"novo","0","0",,,"false","0","0","0","0",,,"0","0","0","0",,"suspenso","em_aberto",,,,
"eb6aeb48-e808-4635-a7eb-93bb8e077014","36b6c087-56d2-4297-be63-6dcbe02a9f00","d5521661-9dac-400a-ad27-0e2817517b5d","a25ed75d-9dd0-4984-a83c-07389ddb615d",,"09/2025","2025-09-05","2263.03","2263.03","novo","Origem: Conversão de Relatório | Sistema: Hflex / LiveFacilities | Recibo: 3081936 | Acordo origem: 190844 | Marcador origem: A | Situação origem: acordo | Total do Recibo: R$ 2.263,03",,"2026-07-16T17:16:14.186719+00:00","2026-07-16T17:21:14.432369+00:00","importacao_cobrancas - 16/07/2026, 14:16",,,"novo","0","0",,,"false","0","0","0","0",,,"0","0","0","0",,"novo","em_aberto",,,,
"ec4a54c4-a8c8-4a25-b6eb-89f0fc4a7640","36b6c087-56d2-4297-be63-6dcbe02a9f00","d5521661-9dac-400a-ad27-0e2817517b5d","a25ed75d-9dd0-4984-a83c-07389ddb615d",,"11/2024","2024-11-05","1739.98","1739.98","suspenso","Origem: Conversão de Relatório | Sistema: Hflex / LiveFacilities | Recibo: 2873141 | Acordo origem: 190844 | Marcador origem: A | Situação origem: acordo | Total do Recibo: R$ 1.739,98",,"2026-07-16T17:16:06.440562+00:00","2026-07-24T11:20:28.852155+00:00","importacao_cobrancas - 16/07/2026, 14:16",,,"novo","0","0",,,"false","0","0","0","0",,,"0","0","0","0",,"suspenso","em_aberto",,,,
"ee7058d7-07af-40f1-8435-103ef7273373","36b6c087-56d2-4297-be63-6dcbe02a9f00","d5521661-9dac-400a-ad27-0e2817517b5d","3fca432c-3402-4540-a1ab-380cfc00590a",,"08/2025","2025-08-05","2196.31","2196.31","novo","Origem: Conversão de Relatório | Sistema: Hflex / LiveFacilities | Recibo: 3062173 | Total do Recibo: R$ 2.196,31",,"2026-07-16T17:16:30.457155+00:00","2026-07-16T17:21:14.432369+00:00","importacao_cobrancas - 16/07/2026, 14:16",,,"novo","0","0",,,"false","0","0","0","0",,,"0","0","0","0",,"novo","em_aberto",,,,
"efd42daa-2709-4f61-a982-807eca9d3c0b","36b6c087-56d2-4297-be63-6dcbe02a9f00","d5521661-9dac-400a-ad27-0e2817517b5d","ed6cefd8-1957-499c-9a9f-97365db92e6a",,"01/2024","2024-01-05","1489.72","1489.72","suspenso","Origem: Conversão de Relatório | Sistema: Hflex / LiveFacilities | Recibo: 2803792 | Acordo origem: 191593 | Marcador origem: A | Situação origem: acordo | Total do Recibo: R$ 1.489,72",,"2026-07-16T17:16:53.23922+00:00","2026-07-24T11:19:31.517198+00:00","importacao_cobrancas - 16/07/2026, 14:16",,,"novo","0","0",,,"false","0","0","0","0",,,"0","0","0","0",,"suspenso","em_aberto",,,,
"f250dc4a-85ce-41e5-81a9-792882cb87cc","36b6c087-56d2-4297-be63-6dcbe02a9f00","d5521661-9dac-400a-ad27-0e2817517b5d","3fca432c-3402-4540-a1ab-380cfc00590a",,"04/2025","2025-04-05","2101.64","2101.64","novo","Origem: Conversão de Relatório | Sistema: Hflex / LiveFacilities | Recibo: 2991260 | Total do Recibo: R$ 2.101,64",,"2026-07-16T17:16:28.449117+00:00","2026-07-16T17:21:14.432369+00:00","importacao_cobrancas - 16/07/2026, 14:16",,,"novo","0","0",,,"false","0","0","0","0",,,"0","0","0","0",,"novo","em_aberto",,,,
"f56d1745-2f33-4f91-8e95-279ab9a32442","36b6c087-56d2-4297-be63-6dcbe02a9f00","d5521661-9dac-400a-ad27-0e2817517b5d","3fca432c-3402-4540-a1ab-380cfc00590a",,"09/2023","2023-09-05","2079.01","2079.01","suspenso","Origem: Conversão de Relatório | Sistema: Hflex / LiveFacilities | Recibo: 2803767 | Total do Recibo: R$ 2.079,01",,"2026-07-16T17:16:19.425986+00:00","2026-07-24T11:19:16.722725+00:00","importacao_cobrancas - 16/07/2026, 14:16",,,"novo","0","0",,,"false","0","0","0","0",,,"0","0","0","0",,"suspenso","em_aberto",,,,
"017f5a9a-5419-424c-9647-37d2b4aa0d01","36b6c087-56d2-4297-be63-6dcbe02a9f00","d5521661-9dac-400a-ad27-0e2817517b5d","7f52e8c5-ac0a-4372-8b1c-c72f7b540403",,"03/2025","2025-03-07","1655.06","1655.06","novo","Origem: Conversão de Relatório | Sistema: Hflex / LiveFacilities | Recibo: 2971314 | Total do Recibo: R$ 1.655,06",,"2026-07-16T17:17:02.419108+00:00","2026-07-16T17:21:14.432369+00:00","importacao_cobrancas - 16/07/2026, 14:16",,,"novo","0","0",,,"false","0","0","0","0",,,"0","0","0","0",,"novo","em_aberto",,,,
"01c36ccf-a2e6-4b9a-8876-0f944b8a6221","36b6c087-56d2-4297-be63-6dcbe02a9f00","d5521661-9dac-400a-ad27-0e2817517b5d","7f52e8c5-ac0a-4372-8b1c-c72f7b540403",,"06/2025","2025-06-05","1670.94","1670.94","novo","Origem: Conversão de Relatório | Sistema: Hflex / LiveFacilities | Recibo: 3025623 | Total do Recibo: R$ 1.670,94",,"2026-07-16T17:17:03.793158+00:00","2026-07-16T17:21:14.432369+00:00","importacao_cobrancas - 16/07/2026, 14:16",,,"novo","0","0",,,"false","0","0","0","0",,,"0","0","0","0",,"novo","em_aberto",,,,
"130f899e-c16a-4d50-bbaf-20d134809549","36b6c087-56d2-4297-be63-6dcbe02a9f00","d5521661-9dac-400a-ad27-0e2817517b5d","7f52e8c5-ac0a-4372-8b1c-c72f7b540403",,"09/2025","2025-09-05","1762.63","1762.63","novo","Origem: Conversão de Relatório | Sistema: Hflex / LiveFacilities | Recibo: 3082075 | Total do Recibo: R$ 1.762,63",,"2026-07-16T17:17:05.184475+00:00","2026-07-16T17:21:14.432369+00:00","importacao_cobrancas - 16/07/2026, 14:16",,,"novo","0","0",,,"false","0","0","0","0",,,"0","0","0","0",,"novo","em_aberto",,,,
"2fdefcd2-7473-46c8-8083-13b372176d0a","36b6c087-56d2-4297-be63-6dcbe02a9f00","d5521661-9dac-400a-ad27-0e2817517b5d","7f52e8c5-ac0a-4372-8b1c-c72f7b540403",,"12/2025","2025-12-05","1738.06","1738.06","novo","Origem: Conversão de Relatório | Sistema: Hflex / LiveFacilities | Recibo: 3145108 | Total do Recibo: R$ 1.738,06",,"2026-07-16T17:17:06.568496+00:00","2026-07-16T17:21:14.432369+00:00","importacao_cobrancas - 16/07/2026, 14:16",,,"novo","0","0",,,"false","0","0","0","0",,,"0","0","0","0",,"novo","em_aberto",,,,
"34c53b48-02d5-4cef-81c4-3d024933d140","36b6c087-56d2-4297-be63-6dcbe02a9f00","d5521661-9dac-400a-ad27-0e2817517b5d","7f52e8c5-ac0a-4372-8b1c-c72f7b540403",,"07/2024","2024-07-05","1517.22","1517.22","suspenso","Origem: Conversão de Relatório | Sistema: Hflex / LiveFacilities | Recibo: 2803827 | Total do Recibo: R$ 1.517,22",,"2026-07-16T17:16:58.601272+00:00","2026-07-24T11:19:46.458097+00:00","importacao_cobrancas - 16/07/2026, 14:16",,,"novo","0","0",,,"false","0","0","0","0",,,"0","0","0","0",,"suspenso","em_aberto",,,,
"44335f88-4f1a-400c-b737-ba7dabb9d388","36b6c087-56d2-4297-be63-6dcbe02a9f00","d5521661-9dac-400a-ad27-0e2817517b5d","cd377ba3-9a47-404c-915a-c4936e04372d",,"01/2024","2024-01-05","258.68","258.68","suspenso","Origem: Conversão de Relatório | Sistema: Hflex / LiveFacilities | Recibo: 2803793 | Acordo origem: 183708 | Marcador origem: A | Situação origem: acordo | Total do Recibo: R$ 258,68",,"2026-07-16T17:17:10.963382+00:00","2026-07-24T11:19:31.517198+00:00","importacao_cobrancas - 16/07/2026, 14:16",,,"novo","0","0",,,"false","0","0","0","0",,,"0","0","0","0",,"suspenso","em_aberto",,,,
"4d8fd0fd-7fa4-40bb-9bd5-9ee9f084e6e2","36b6c087-56d2-4297-be63-6dcbe02a9f00","d5521661-9dac-400a-ad27-0e2817517b5d","ed6cefd8-1957-499c-9a9f-97365db92e6a",,"08/2024","2024-08-05","1507.36","1507.36","suspenso","Origem: Conversão de Relatório | Sistema: Hflex / LiveFacilities | Recibo: 2801039 | Acordo origem: 191593 | Marcador origem: A | Situação origem: acordo | Total do Recibo: R$ 1.507,36",,"2026-07-16T17:16:56.330405+00:00","2026-07-24T11:20:12.191706+00:00","importacao_cobrancas - 16/07/2026, 14:16",,,"novo","0","0",,,"false","0","0","0","0",,,"0","0","0","0",,"suspenso","em_aberto",,,,
"4f1adcd8-8432-4a73-b073-26efd700e83d","36b6c087-56d2-4297-be63-6dcbe02a9f00","d5521661-9dac-400a-ad27-0e2817517b5d","7f52e8c5-ac0a-4372-8b1c-c72f7b540403",,"07/2025","2025-07-05","1768.03","1768.03","novo","Origem: Conversão de Relatório | Sistema: Hflex / LiveFacilities | Recibo: 3043881 | Total do Recibo: R$ 1.768,03",,"2026-07-16T17:17:04.270633+00:00","2026-07-16T17:21:14.432369+00:00","importacao_cobrancas - 16/07/2026, 14:16",,,"novo","0","0",,,"false","0","0","0","0",,,"0","0","0","0",,"novo","em_aberto",,,,
"53a33150-4f10-4b53-97e5-a904baedb240","36b6c087-56d2-4297-be63-6dcbe02a9f00","d5521661-9dac-400a-ad27-0e2817517b5d","7f52e8c5-ac0a-4372-8b1c-c72f7b540403",,"01/2025","2025-01-05","1507.12","1507.12","novo","Origem: Conversão de Relatório | Sistema: Hflex / LiveFacilities | Recibo: 2924166 | Total do Recibo: R$ 1.507,12",,"2026-07-16T17:17:01.515121+00:00","2026-07-16T17:21:14.432369+00:00","importacao_cobrancas - 16/07/2026, 14:16",,,"novo","0","0",,,"false","0","0","0","0",,,"0","0","0","0",,"novo","em_aberto",,,,
"56b314cb-465d-46bf-95f4-629780a7dc2e","36b6c087-56d2-4297-be63-6dcbe02a9f00","d5521661-9dac-400a-ad27-0e2817517b5d","7f52e8c5-ac0a-4372-8b1c-c72f7b540403",,"09/2024","2024-09-09","1457.9","1457.9","suspenso","Origem: Conversão de Relatório | Sistema: Hflex / LiveFacilities | Recibo: 2826456 | Total do Recibo: R$ 1.457,90",,"2026-07-16T17:16:59.660289+00:00","2026-07-24T11:20:12.191706+00:00","importacao_cobrancas - 16/07/2026, 14:16",,,"novo","0","0",,,"false","0","0","0","0",,,"0","0","0","0",,"suspenso","em_aberto",,,,
"6aa642a2-273d-4dcf-8110-ad64fc95eb93","36b6c087-56d2-4297-be63-6dcbe02a9f00","d5521661-9dac-400a-ad27-0e2817517b5d","7f52e8c5-ac0a-4372-8b1c-c72f7b540403",,"03/2024","2024-03-05","1419.6","1419.6","suspenso","Origem: Conversão de Relatório | Sistema: Hflex / LiveFacilities | Recibo: 2803763 | Total do Recibo: R$ 1.419,60",,"2026-07-16T17:16:57.744426+00:00","2026-07-24T11:19:31.517198+00:00","importacao_cobrancas - 16/07/2026, 14:16",,,"novo","0","0",,,"false","0","0","0","0",,,"0","0","0","0",,"suspenso","em_aberto",,,,
"794ef594-053f-406c-b118-62064eb6c0eb","36b6c087-56d2-4297-be63-6dcbe02a9f00","d5521661-9dac-400a-ad27-0e2817517b5d","7f52e8c5-ac0a-4372-8b1c-c72f7b540403",,"11/2025","2025-11-05","1728.27","1728.27","novo","Origem: Conversão de Relatório | Sistema: Hflex / LiveFacilities | Recibo: 3118823 | Total do Recibo: R$ 1.728,27",,"2026-07-16T17:17:06.131946+00:00","2026-07-16T17:21:14.432369+00:00","importacao_cobrancas - 16/07/2026, 14:16",,,"novo","0","0",,,"false","0","0","0","0",,,"0","0","0","0",,"novo","em_aberto",,,,
"7b39af00-d0a8-45eb-88a1-a0f30f6f0860","36b6c087-56d2-4297-be63-6dcbe02a9f00","d5521661-9dac-400a-ad27-0e2817517b5d","7f52e8c5-ac0a-4372-8b1c-c72f7b540403",,"02/2025","2025-02-05","1050.44","1050.44","novo","Origem: Conversão de Relatório | Sistema: Hflex / LiveFacilities | Recibo: 2950089 | Total do Recibo: R$ 1.050,44",,"2026-07-16T17:17:01.985002+00:00","2026-07-16T17:21:14.432369+00:00","importacao_cobrancas - 16/07/2026, 14:16",,,"novo","0","0",,,"false","0","0","0","0",,,"0","0","0","0",,"novo","em_aberto",,,,
"83187742-1809-4280-a532-903e0aac86db","36b6c087-56d2-4297-be63-6dcbe02a9f00","d5521661-9dac-400a-ad27-0e2817517b5d","7f52e8c5-ac0a-4372-8b1c-c72f7b540403",,"08/2025","2025-08-05","1711.79","1711.79","novo","Origem: Conversão de Relatório | Sistema: Hflex / LiveFacilities | Recibo: 3062294 | Total do Recibo: R$ 1.711,79",,"2026-07-16T17:17:04.725298+00:00","2026-07-16T17:21:14.432369+00:00","importacao_cobrancas - 16/07/2026, 14:16",,,"novo","0","0",,,"false","0","0","0","0",,,"0","0","0","0",,"novo","em_aberto",,,,
"90647659-0e82-4535-ae47-d7b4004dee9f","36b6c087-56d2-4297-be63-6dcbe02a9f00","d5521661-9dac-400a-ad27-0e2817517b5d","cd377ba3-9a47-404c-915a-c4936e04372d",,"02/2024","2024-02-05","1997.97","1997.97","suspenso","Origem: Conversão de Relatório | Sistema: Hflex / LiveFacilities | Recibo: 2803869 | Acordo origem: 183708 | Marcador origem: A | Situação origem: acordo | Total do Recibo: R$ 1.997,97",,"2026-07-16T17:17:11.422222+00:00","2026-07-24T11:19:31.517198+00:00","importacao_cobrancas - 16/07/2026, 14:16",,,"novo","0","0",,,"false","0","0","0","0",,,"0","0","0","0",,"suspenso","em_aberto",,,,
"915a36c4-6998-458e-b31e-9e6c87034003","36b6c087-56d2-4297-be63-6dcbe02a9f00","d5521661-9dac-400a-ad27-0e2817517b5d","7f52e8c5-ac0a-4372-8b1c-c72f7b540403",,"11/2024","2024-11-05","1356.13","1356.13","suspenso","Origem: Conversão de Relatório | Sistema: Hflex / LiveFacilities | Recibo: 2873280 | Total do Recibo: R$ 1.356,13",,"2026-07-16T17:17:00.567877+00:00","2026-07-24T11:20:28.852155+00:00","importacao_cobrancas - 16/07/2026, 14:16",,,"novo","0","0",,,"false","0","0","0","0",,,"0","0","0","0",,"suspenso","em_aberto",,,,
"a3962e5d-2add-4872-bdca-e9f51c0bac2b","36b6c087-56d2-4297-be63-6dcbe02a9f00","d5521661-9dac-400a-ad27-0e2817517b5d","cd377ba3-9a47-404c-915a-c4936e04372d",,"04/2024","2024-04-05","2104.86","2104.86","suspenso","Origem: Conversão de Relatório | Sistema: Hflex / LiveFacilities | Recibo: 2803809 | Acordo origem: 183708 | Marcador origem: A | Situação origem: acordo | Total do Recibo: R$ 2.104,86",,"2026-07-16T17:17:11.888424+00:00","2026-07-24T11:19:31.517198+00:00","importacao_cobrancas - 16/07/2026, 14:16",,,"novo","0","0",,,"false","0","0","0","0",,,"0","0","0","0",,"suspenso","em_aberto",,,,
"aa2598f7-f407-4e16-a561-4ef43a874345","36b6c087-56d2-4297-be63-6dcbe02a9f00","d5521661-9dac-400a-ad27-0e2817517b5d","7f52e8c5-ac0a-4372-8b1c-c72f7b540403",,"12/2024","2024-12-05","1379.72","1379.72","suspenso","Origem: Conversão de Relatório | Sistema: Hflex / LiveFacilities | Recibo: 2897363 | Total do Recibo: R$ 1.379,72",,"2026-07-16T17:17:01.081248+00:00","2026-07-24T11:20:28.852155+00:00","importacao_cobrancas - 16/07/2026, 14:16",,,"novo","0","0",,,"false","0","0","0","0",,,"0","0","0","0",,"suspenso","em_aberto",,,,
"bf798c77-1cc8-4b2e-9767-cd6231fca0dc","36b6c087-56d2-4297-be63-6dcbe02a9f00","d5521661-9dac-400a-ad27-0e2817517b5d","7f52e8c5-ac0a-4372-8b1c-c72f7b540403",,"04/2025","2025-04-05","1638.37","1638.37","novo","Origem: Conversão de Relatório | Sistema: Hflex / LiveFacilities | Recibo: 2991381 | Total do Recibo: R$ 1.638,37",,"2026-07-16T17:17:02.882771+00:00","2026-07-16T17:21:14.432369+00:00","importacao_cobrancas - 16/07/2026, 14:16",,,"novo","0","0",,,"false","0","0","0","0",,,"0","0","0","0",,"novo","em_aberto",,,,
"bfa66592-9124-4a6e-b89f-30c2b244a514","36b6c087-56d2-4297-be63-6dcbe02a9f00","d5521661-9dac-400a-ad27-0e2817517b5d","7f52e8c5-ac0a-4372-8b1c-c72f7b540403",,"08/2024","2024-08-05","1507.36","1507.36","suspenso","Origem: Conversão de Relatório | Sistema: Hflex / LiveFacilities | Recibo: 2801051 | Total do Recibo: R$ 1.507,36",,"2026-07-16T17:16:59.06464+00:00","2026-07-24T11:20:12.191706+00:00","importacao_cobrancas - 16/07/2026, 14:16",,,"novo","0","0",,,"false","0","0","0","0",,,"0","0","0","0",,"suspenso","em_aberto",,,,
"cab98cbd-a83c-42b2-8194-3bb45b56bd01","36b6c087-56d2-4297-be63-6dcbe02a9f00","d5521661-9dac-400a-ad27-0e2817517b5d","7f52e8c5-ac0a-4372-8b1c-c72f7b540403",,"05/2024","2024-05-13","1374.74","1374.74","suspenso","Origem: Conversão de Relatório | Sistema: Hflex / LiveFacilities | Recibo: 2803858 | Total do Recibo: R$ 1.374,74",,"2026-07-16T17:16:58.18166+00:00","2026-07-24T11:19:46.458097+00:00","importacao_cobrancas - 16/07/2026, 14:16",,,"novo","0","0",,,"false","0","0","0","0",,,"0","0","0","0",,"suspenso","em_aberto",,,,
"d240a164-68f4-4164-9500-040d03f8234f","36b6c087-56d2-4297-be63-6dcbe02a9f00","d5521661-9dac-400a-ad27-0e2817517b5d","7f52e8c5-ac0a-4372-8b1c-c72f7b540403",,"10/2025","2025-10-05","1771.21","1771.21","novo","Origem: Conversão de Relatório | Sistema: Hflex / LiveFacilities | Recibo: 3104849 | Total do Recibo: R$ 1.771,21",,"2026-07-16T17:17:05.640239+00:00","2026-07-16T17:21:14.432369+00:00","importacao_cobrancas - 16/07/2026, 14:16",,,"novo","0","0",,,"false","0","0","0","0",,,"0","0","0","0",,"novo","em_aberto",,,,
"d3039ebc-0af1-49aa-a94e-aff3d86429e8","36b6c087-56d2-4297-be63-6dcbe02a9f00","d5521661-9dac-400a-ad27-0e2817517b5d","7f52e8c5-ac0a-4372-8b1c-c72f7b540403",,"10/2024","2024-10-05","1537.35","1537.35","suspenso","Origem: Conversão de Relatório | Sistema: Hflex / LiveFacilities | Recibo: 2851132 | Total do Recibo: R$ 1.537,35",,"2026-07-16T17:17:00.088149+00:00","2026-07-24T11:20:12.191706+00:00","importacao_cobrancas - 16/07/2026, 14:16",,,"novo","0","0",,,"false","0","0","0","0",,,"0","0","0","0",,"suspenso","em_aberto",,,,
"e6eea5f8-049c-492d-b457-a87d515a5be3","36b6c087-56d2-4297-be63-6dcbe02a9f00","d5521661-9dac-400a-ad27-0e2817517b5d","7f52e8c5-ac0a-4372-8b1c-c72f7b540403",,"04/2024","2024-04-05","1640.21","1640.21","suspenso","Origem: Conversão de Relatório | Sistema: Hflex / LiveFacilities | Recibo: 2803808 | Total do Recibo: R$ 1.640,21",,"2026-07-16T17:16:52.345558+00:00","2026-07-24T11:19:31.517198+00:00","importacao_cobrancas - 16/07/2026, 14:16",,,"novo","0","0",,,"false","0","0","0","0",,,"0","0","0","0",,"suspenso","em_aberto",,,,
"f454e498-44ae-4bcf-8f10-464eb7027529","36b6c087-56d2-4297-be63-6dcbe02a9f00","d5521661-9dac-400a-ad27-0e2817517b5d","7f52e8c5-ac0a-4372-8b1c-c72f7b540403",,"05/2025","2025-05-05","1640.91","1640.91","novo","Origem: Conversão de Relatório | Sistema: Hflex / LiveFacilities | Recibo: 3008586 | Total do Recibo: R$ 1.640,91",,"2026-07-16T17:17:03.344693+00:00","2026-07-16T17:21:14.432369+00:00","importacao_cobrancas - 16/07/2026, 14:16",,,"novo","0","0",,,"false","0","0","0","0",,,"0","0","0","0",,"novo","em_aberto",,,,
"fb7a9ded-078d-4ddd-af73-fcf3c08adade","36b6c087-56d2-4297-be63-6dcbe02a9f00","d5521661-9dac-400a-ad27-0e2817517b5d","0b11320d-c45e-40b8-85fa-e067609fb56f",,"12/2025","2025-12-05","1792.69","1792.69","novo","Origem: Conversão de Relatório | Sistema: Hflex / LiveFacilities | Recibo: 3145102 | Total do Recibo: R$ 1.792,69",,"2026-07-16T17:16:56.871075+00:00","2026-07-16T17:21:14.432369+00:00","importacao_cobrancas - 16/07/2026, 14:16",,,"novo","0","0",,,"false","0","0","0","0",,,"0","0","0","0",,"novo","em_aberto",,,,
"ffb80562-3de0-4e09-aa9a-c4c287e995cc","36b6c087-56d2-4297-be63-6dcbe02a9f00","d5521661-9dac-400a-ad27-0e2817517b5d","7f52e8c5-ac0a-4372-8b1c-c72f7b540403",,"02/2024","2024-02-05","924.44","924.44","suspenso","Origem: Conversão de Relatório | Sistema: Hflex / LiveFacilities | Recibo: 3216380 | Total do Recibo: R$ 924,44",,"2026-07-16T17:16:57.304414+00:00","2026-07-24T11:19:31.517198+00:00","importacao_cobrancas - 16/07/2026, 14:16",,,"novo","0","0",,,"false","0","0","0","0",,,"0","0","0","0",,"suspenso","em_aberto",,,,